// Auto-generated from fader-199x52.png
#ifdef __has_include
    #if __has_include("lvgl.h")
        #ifndef LV_LVGL_H_INCLUDE_SIMPLE
            #define LV_LVGL_H_INCLUDE_SIMPLE
        #endif
    #endif
#endif

#if defined(LV_LVGL_H_INCLUDE_SIMPLE)
#include "lvgl.h"
#else
#include "lvgl/lvgl.h"
#endif

#ifndef LV_ATTRIBUTE_MEM_ALIGN
#define LV_ATTRIBUTE_MEM_ALIGN
#endif

const LV_ATTRIBUTE_MEM_ALIGN uint8_t fader_knob_map[] = {
  0x45, 0x45, 0x45, 0x90, 0x68, 0x68, 0x68, 0xff, 0x68, 0x68, 0x68, 0xff, 0x68, 0x68, 0x68, 0xff, 0x68, 0x68, 0x68, 0xff, 0x68, 0x68, 0x68, 0xff, 0x68, 0x68, 0x68, 0xff, 0x68, 0x68, 0x68, 0xff,
  0x68, 0x68, 0x68, 0xff, 0x68, 0x68, 0x68, 0xff, 0x68, 0x68, 0x68, 0xff, 0x68, 0x68, 0x68, 0xff, 0x68, 0x68, 0x68, 0xff, 0x68, 0x68, 0x68, 0xff, 0x68, 0x68, 0x68, 0xff, 0x68, 0x68, 0x68, 0xff,
  0x68, 0x68, 0x68, 0xff, 0x68, 0x68, 0x68, 0xff, 0x68, 0x68, 0x68, 0xff, 0x68, 0x68, 0x68, 0xff, 0x68, 0x68, 0x68, 0xff, 0x68, 0x68, 0x68, 0xff, 0x68, 0x68, 0x68, 0xff, 0x68, 0x68, 0x68, 0xff,
  0x68, 0x68, 0x68, 0xff, 0x68, 0x68, 0x68, 0xff, 0x68, 0x68, 0x68, 0xff, 0x68, 0x68, 0x68, 0xff, 0x68, 0x68, 0x68, 0xff, 0x68, 0x68, 0x68, 0xff, 0x68, 0x68, 0x68, 0xff, 0x68, 0x68, 0x68, 0xff,
  0x68, 0x68, 0x68, 0xff, 0x68, 0x68, 0x68, 0xff, 0x68, 0x68, 0x68, 0xff, 0x68, 0x68, 0x68, 0xff, 0x68, 0x68, 0x68, 0xff, 0x68, 0x68, 0x68, 0xff, 0x68, 0x68, 0x68, 0xff, 0x68, 0x68, 0x68, 0xff,
  0x68, 0x68, 0x68, 0xff, 0x68, 0x68, 0x68, 0xff, 0x68, 0x68, 0x68, 0xff, 0x68, 0x68, 0x68, 0xff, 0x68, 0x68, 0x68, 0xff, 0x68, 0x68, 0x68, 0xff, 0x68, 0x68, 0x68, 0xff, 0x68, 0x68, 0x68, 0xff,
  0x68, 0x68, 0x68, 0xff, 0x68, 0x68, 0x68, 0xff, 0x68, 0x68, 0x68, 0xff, 0x68, 0x68, 0x68, 0xff, 0x68, 0x68, 0x68, 0xff, 0x68, 0x68, 0x68, 0xff, 0x68, 0x68, 0x68, 0xff, 0x68, 0x68, 0x68, 0xff,
  0x68, 0x68, 0x68, 0xff, 0x68, 0x68, 0x68, 0xff, 0x68, 0x68, 0x68, 0xff, 0x68, 0x68, 0x68, 0xff, 0x68, 0x68, 0x68, 0xff, 0x68, 0x68, 0x68, 0xff, 0x68, 0x68, 0x68, 0xff, 0x68, 0x68, 0x68, 0xff,
  0x68, 0x68, 0x68, 0xff, 0x68, 0x68, 0x68, 0xff, 0x68, 0x68, 0x68, 0xff, 0x68, 0x68, 0x68, 0xff, 0x68, 0x68, 0x68, 0xff, 0x68, 0x68, 0x68, 0xff, 0x68, 0x68, 0x68, 0xff, 0x68, 0x68, 0x68, 0xff,
  0x68, 0x68, 0x68, 0xff, 0x68, 0x68, 0x68, 0xff, 0x68, 0x68, 0x68, 0xff, 0x68, 0x68, 0x68, 0xff, 0x68, 0x68, 0x68, 0xff, 0x68, 0x68, 0x68, 0xff, 0x68, 0x68, 0x68, 0xff, 0x68, 0x68, 0x68, 0xff,
  0x68, 0x68, 0x68, 0xff, 0x68, 0x68, 0x68, 0xff, 0x68, 0x68, 0x68, 0xff, 0x68, 0x68, 0x68, 0xff, 0x68, 0x68, 0x68, 0xff, 0x68, 0x68, 0x68, 0xff, 0x68, 0x68, 0x68, 0xff, 0x68, 0x68, 0x68, 0xff,
  0x68, 0x68, 0x68, 0xff, 0x68, 0x68, 0x68, 0xff, 0x68, 0x68, 0x68, 0xff, 0x68, 0x68, 0x68, 0xff, 0x68, 0x68, 0x68, 0xff, 0x68, 0x68, 0x68, 0xff, 0x68, 0x68, 0x68, 0xff, 0x68, 0x68, 0x68, 0xff,
  0x68, 0x68, 0x68, 0xff, 0x68, 0x68, 0x68, 0xff, 0x68, 0x68, 0x68, 0xff, 0x68, 0x68, 0x68, 0xff, 0x68, 0x68, 0x68, 0xff, 0x68, 0x68, 0x68, 0xff, 0x68, 0x68, 0x68, 0xff, 0x68, 0x68, 0x68, 0xff,
  0x68, 0x68, 0x68, 0xff, 0x68, 0x68, 0x68, 0xff, 0x68, 0x68, 0x68, 0xff, 0x68, 0x68, 0x68, 0xff, 0x68, 0x68, 0x68, 0xff, 0x68, 0x68, 0x68, 0xff, 0x68, 0x68, 0x68, 0xff, 0x68, 0x68, 0x68, 0xff,
  0x68, 0x68, 0x68, 0xff, 0x68, 0x68, 0x68, 0xff, 0x68, 0x68, 0x68, 0xff, 0x68, 0x68, 0x68, 0xff, 0x68, 0x68, 0x68, 0xff, 0x68, 0x68, 0x68, 0xff, 0x68, 0x68, 0x68, 0xff, 0x68, 0x68, 0x68, 0xff,
  0x68, 0x68, 0x68, 0xff, 0x68, 0x68, 0x68, 0xff, 0x68, 0x68, 0x68, 0xff, 0x68, 0x68, 0x68, 0xff, 0x68, 0x68, 0x68, 0xff, 0x68, 0x68, 0x68, 0xff, 0x68, 0x68, 0x68, 0xff, 0x68, 0x68, 0x68, 0xff,
  0x68, 0x68, 0x68, 0xff, 0x68, 0x68, 0x68, 0xff, 0x68, 0x68, 0x68, 0xff, 0x68, 0x68, 0x68, 0xff, 0x68, 0x68, 0x68, 0xff, 0x68, 0x68, 0x68, 0xff, 0x68, 0x68, 0x68, 0xff, 0x68, 0x68, 0x68, 0xff,
  0x68, 0x68, 0x68, 0xff, 0x68, 0x68, 0x68, 0xff, 0x68, 0x68, 0x68, 0xff, 0x68, 0x68, 0x68, 0xff, 0x68, 0x68, 0x68, 0xff, 0x68, 0x68, 0x68, 0xff, 0x68, 0x68, 0x68, 0xff, 0x68, 0x68, 0x68, 0xff,
  0x68, 0x68, 0x68, 0xff, 0x68, 0x68, 0x68, 0xff, 0x68, 0x68, 0x68, 0xff, 0x68, 0x68, 0x68, 0xff, 0x68, 0x68, 0x68, 0xff, 0x68, 0x68, 0x68, 0xff, 0x68, 0x68, 0x68, 0xff, 0x68, 0x68, 0x68, 0xff,
  0x68, 0x68, 0x68, 0xff, 0x68, 0x68, 0x68, 0xff, 0x68, 0x68, 0x68, 0xff, 0x68, 0x68, 0x68, 0xff, 0x68, 0x68, 0x68, 0xff, 0x68, 0x68, 0x68, 0xff, 0x68, 0x68, 0x68, 0xff, 0x68, 0x68, 0x68, 0xff,
  0x68, 0x68, 0x68, 0xff, 0x68, 0x68, 0x68, 0xff, 0x68, 0x68, 0x68, 0xff, 0x68, 0x68, 0x68, 0xff, 0x68, 0x68, 0x68, 0xff, 0x68, 0x68, 0x68, 0xff, 0x68, 0x68, 0x68, 0xff, 0x68, 0x68, 0x68, 0xff,
  0x68, 0x68, 0x68, 0xff, 0x68, 0x68, 0x68, 0xff, 0x68, 0x68, 0x68, 0xff, 0x68, 0x68, 0x68, 0xff, 0x68, 0x68, 0x68, 0xff, 0x68, 0x68, 0x68, 0xff, 0x68, 0x68, 0x68, 0xff, 0x68, 0x68, 0x68, 0xff,
  0x68, 0x68, 0x68, 0xff, 0x68, 0x68, 0x68, 0xff, 0x68, 0x68, 0x68, 0xff, 0x68, 0x68, 0x68, 0xff, 0x68, 0x68, 0x68, 0xff, 0x68, 0x68, 0x68, 0xff, 0x68, 0x68, 0x68, 0xff, 0x68, 0x68, 0x68, 0xff,
  0x68, 0x68, 0x68, 0xff, 0x68, 0x68, 0x68, 0xff, 0x68, 0x68, 0x68, 0xff, 0x68, 0x68, 0x68, 0xff, 0x68, 0x68, 0x68, 0xff, 0x68, 0x68, 0x68, 0xff, 0x68, 0x68, 0x68, 0xff, 0x68, 0x68, 0x68, 0xff,
  0x68, 0x68, 0x68, 0xff, 0x68, 0x68, 0x68, 0xff, 0x68, 0x68, 0x68, 0xff, 0x68, 0x68, 0x68, 0xff, 0x6a, 0x6a, 0x6b, 0xff, 0x60, 0x60, 0x60, 0xb0, 0x00, 0x00, 0x00, 0x00,
  0xcf, 0xcf, 0xcf, 0x60, 0x1a, 0x1a, 0x1a, 0xff, 0x00, 0x00, 0x00, 0xff, 0x29, 0x29, 0x29, 0xff, 0x52, 0x52, 0x52, 0xff, 0x52, 0x52, 0x52, 0xff, 0x52, 0x52, 0x52, 0xff, 0x52, 0x52, 0x52, 0xff,
  0x52, 0x52, 0x52, 0xff, 0x52, 0x52, 0x52, 0xff, 0x52, 0x52, 0x52, 0xff, 0x52, 0x52, 0x52, 0xff, 0x52, 0x52, 0x52, 0xff, 0x52, 0x52, 0x52, 0xff, 0x52, 0x52, 0x52, 0xff, 0x52, 0x52, 0x52, 0xff,
  0x52, 0x52, 0x52, 0xff, 0x52, 0x52, 0x52, 0xff, 0x52, 0x52, 0x52, 0xff, 0x52, 0x52, 0x52, 0xff, 0x52, 0x52, 0x52, 0xff, 0x52, 0x52, 0x52, 0xff, 0x52, 0x52, 0x52, 0xff, 0x52, 0x52, 0x52, 0xff,
  0x52, 0x52, 0x52, 0xff, 0x52, 0x52, 0x52, 0xff, 0x52, 0x52, 0x52, 0xff, 0x52, 0x52, 0x52, 0xff, 0x52, 0x52, 0x52, 0xff, 0x52, 0x52, 0x52, 0xff, 0x52, 0x52, 0x52, 0xff, 0x52, 0x52, 0x52, 0xff,
  0x52, 0x52, 0x52, 0xff, 0x52, 0x52, 0x52, 0xff, 0x52, 0x52, 0x52, 0xff, 0x52, 0x52, 0x52, 0xff, 0x52, 0x52, 0x52, 0xff, 0x52, 0x52, 0x52, 0xff, 0x52, 0x52, 0x52, 0xff, 0x52, 0x52, 0x52, 0xff,
  0x52, 0x52, 0x52, 0xff, 0x52, 0x52, 0x52, 0xff, 0x52, 0x52, 0x52, 0xff, 0x52, 0x52, 0x52, 0xff, 0x52, 0x52, 0x52, 0xff, 0x52, 0x52, 0x52, 0xff, 0x52, 0x52, 0x52, 0xff, 0x52, 0x52, 0x52, 0xff,
  0x52, 0x52, 0x52, 0xff, 0x52, 0x52, 0x52, 0xff, 0x52, 0x52, 0x52, 0xff, 0x52, 0x52, 0x52, 0xff, 0x52, 0x52, 0x52, 0xff, 0x52, 0x52, 0x52, 0xff, 0x52, 0x52, 0x52, 0xff, 0x52, 0x52, 0x52, 0xff,
  0x52, 0x52, 0x52, 0xff, 0x52, 0x52, 0x52, 0xff, 0x52, 0x52, 0x52, 0xff, 0x52, 0x52, 0x52, 0xff, 0x52, 0x52, 0x52, 0xff, 0x52, 0x52, 0x52, 0xff, 0x52, 0x52, 0x52, 0xff, 0x52, 0x52, 0x52, 0xff,
  0x52, 0x52, 0x52, 0xff, 0x52, 0x52, 0x52, 0xff, 0x52, 0x52, 0x52, 0xff, 0x52, 0x52, 0x52, 0xff, 0x52, 0x52, 0x52, 0xff, 0x52, 0x52, 0x52, 0xff, 0x52, 0x52, 0x52, 0xff, 0x52, 0x52, 0x52, 0xff,
  0x52, 0x52, 0x52, 0xff, 0x52, 0x52, 0x52, 0xff, 0x52, 0x52, 0x52, 0xff, 0x52, 0x52, 0x52, 0xff, 0x52, 0x52, 0x52, 0xff, 0x52, 0x52, 0x52, 0xff, 0x52, 0x52, 0x52, 0xff, 0x52, 0x52, 0x52, 0xff,
  0x52, 0x52, 0x52, 0xff, 0x52, 0x52, 0x52, 0xff, 0x52, 0x52, 0x52, 0xff, 0x52, 0x52, 0x52, 0xff, 0x52, 0x52, 0x52, 0xff, 0x52, 0x52, 0x52, 0xff, 0x52, 0x52, 0x52, 0xff, 0x52, 0x52, 0x52, 0xff,
  0x52, 0x52, 0x52, 0xff, 0x52, 0x52, 0x52, 0xff, 0x52, 0x52, 0x52, 0xff, 0x52, 0x52, 0x52, 0xff, 0x52, 0x52, 0x52, 0xff, 0x52, 0x52, 0x52, 0xff, 0x52, 0x52, 0x52, 0xff, 0x52, 0x52, 0x52, 0xff,
  0x52, 0x52, 0x52, 0xff, 0x52, 0x52, 0x52, 0xff, 0x52, 0x52, 0x52, 0xff, 0x52, 0x52, 0x52, 0xff, 0x52, 0x52, 0x52, 0xff, 0x52, 0x52, 0x52, 0xff, 0x52, 0x52, 0x52, 0xff, 0x52, 0x52, 0x52, 0xff,
  0x52, 0x52, 0x52, 0xff, 0x52, 0x52, 0x52, 0xff, 0x52, 0x52, 0x52, 0xff, 0x52, 0x52, 0x52, 0xff, 0x52, 0x52, 0x52, 0xff, 0x52, 0x52, 0x52, 0xff, 0x52, 0x52, 0x52, 0xff, 0x52, 0x52, 0x52, 0xff,
  0x52, 0x52, 0x52, 0xff, 0x52, 0x52, 0x52, 0xff, 0x52, 0x52, 0x52, 0xff, 0x52, 0x52, 0x52, 0xff, 0x52, 0x52, 0x52, 0xff, 0x52, 0x52, 0x52, 0xff, 0x52, 0x52, 0x52, 0xff, 0x52, 0x52, 0x52, 0xff,
  0x52, 0x52, 0x52, 0xff, 0x52, 0x52, 0x52, 0xff, 0x52, 0x52, 0x52, 0xff, 0x52, 0x52, 0x52, 0xff, 0x52, 0x52, 0x52, 0xff, 0x52, 0x52, 0x52, 0xff, 0x52, 0x52, 0x52, 0xff, 0x52, 0x52, 0x52, 0xff,
  0x52, 0x52, 0x52, 0xff, 0x52, 0x52, 0x52, 0xff, 0x52, 0x52, 0x52, 0xff, 0x52, 0x52, 0x52, 0xff, 0x52, 0x52, 0x52, 0xff, 0x52, 0x52, 0x52, 0xff, 0x52, 0x52, 0x52, 0xff, 0x52, 0x52, 0x52, 0xff,
  0x52, 0x52, 0x52, 0xff, 0x52, 0x52, 0x52, 0xff, 0x52, 0x52, 0x52, 0xff, 0x52, 0x52, 0x52, 0xff, 0x52, 0x52, 0x52, 0xff, 0x52, 0x52, 0x52, 0xff, 0x52, 0x52, 0x52, 0xff, 0x52, 0x52, 0x52, 0xff,
  0x52, 0x52, 0x52, 0xff, 0x52, 0x52, 0x52, 0xff, 0x52, 0x52, 0x52, 0xff, 0x52, 0x52, 0x52, 0xff, 0x52, 0x52, 0x52, 0xff, 0x52, 0x52, 0x52, 0xff, 0x52, 0x52, 0x52, 0xff, 0x52, 0x52, 0x52, 0xff,
  0x52, 0x52, 0x52, 0xff, 0x52, 0x52, 0x52, 0xff, 0x52, 0x52, 0x52, 0xff, 0x52, 0x52, 0x52, 0xff, 0x52, 0x52, 0x52, 0xff, 0x52, 0x52, 0x52, 0xff, 0x52, 0x52, 0x52, 0xff, 0x52, 0x52, 0x52, 0xff,
  0x52, 0x52, 0x52, 0xff, 0x52, 0x52, 0x52, 0xff, 0x52, 0x52, 0x52, 0xff, 0x52, 0x52, 0x52, 0xff, 0x52, 0x52, 0x52, 0xff, 0x52, 0x52, 0x52, 0xff, 0x52, 0x52, 0x52, 0xff, 0x52, 0x52, 0x52, 0xff,
  0x52, 0x52, 0x52, 0xff, 0x52, 0x52, 0x52, 0xff, 0x52, 0x52, 0x52, 0xff, 0x52, 0x52, 0x52, 0xff, 0x52, 0x52, 0x52, 0xff, 0x52, 0x52, 0x52, 0xff, 0x52, 0x52, 0x52, 0xff, 0x52, 0x52, 0x52, 0xff,
  0x52, 0x52, 0x52, 0xff, 0x52, 0x52, 0x52, 0xff, 0x52, 0x52, 0x52, 0xff, 0x52, 0x52, 0x52, 0xff, 0x52, 0x52, 0x52, 0xff, 0x52, 0x52, 0x52, 0xff, 0x52, 0x52, 0x52, 0xff, 0x52, 0x52, 0x52, 0xff,
  0x52, 0x52, 0x52, 0xff, 0x52, 0x52, 0x52, 0xff, 0x52, 0x52, 0x52, 0xff, 0x52, 0x52, 0x52, 0xff, 0x52, 0x52, 0x52, 0xff, 0x52, 0x52, 0x52, 0xff, 0x52, 0x52, 0x52, 0xff, 0x52, 0x52, 0x52, 0xff,
  0x52, 0x52, 0x52, 0xff, 0x52, 0x52, 0x52, 0xff, 0x3d, 0x3d, 0x3d, 0xff, 0x04, 0x04, 0x05, 0xff, 0x11, 0x11, 0x13, 0xff, 0x95, 0x95, 0x95, 0x9f, 0x00, 0x00, 0x00, 0x00,
  0xcf, 0xcf, 0xcf, 0x60, 0x1a, 0x1a, 0x1a, 0xff, 0x05, 0x05, 0x05, 0xff, 0x00, 0x00, 0x00, 0xff, 0x52, 0x52, 0x52, 0xff, 0xa4, 0xa4, 0xa4, 0xff, 0xa4, 0xa4, 0xa4, 0xff, 0xa4, 0xa4, 0xa4, 0xff,
  0xa4, 0xa4, 0xa4, 0xff, 0xa4, 0xa4, 0xa4, 0xff, 0xa4, 0xa4, 0xa4, 0xff, 0xa4, 0xa4, 0xa4, 0xff, 0xa4, 0xa4, 0xa4, 0xff, 0xa4, 0xa4, 0xa4, 0xff, 0xa4, 0xa4, 0xa4, 0xff, 0xa4, 0xa4, 0xa4, 0xff,
  0xa4, 0xa4, 0xa4, 0xff, 0xa4, 0xa4, 0xa4, 0xff, 0xa4, 0xa4, 0xa4, 0xff, 0xa4, 0xa4, 0xa4, 0xff, 0xa4, 0xa4, 0xa4, 0xff, 0xa4, 0xa4, 0xa4, 0xff, 0xa4, 0xa4, 0xa4, 0xff, 0xa4, 0xa4, 0xa4, 0xff,
  0xa4, 0xa4, 0xa4, 0xff, 0xa4, 0xa4, 0xa4, 0xff, 0xa4, 0xa4, 0xa4, 0xff, 0xa4, 0xa4, 0xa4, 0xff, 0xa4, 0xa4, 0xa4, 0xff, 0xa4, 0xa4, 0xa4, 0xff, 0xa4, 0xa4, 0xa4, 0xff, 0xa4, 0xa4, 0xa4, 0xff,
  0xa4, 0xa4, 0xa4, 0xff, 0xa4, 0xa4, 0xa4, 0xff, 0xa4, 0xa4, 0xa4, 0xff, 0xa4, 0xa4, 0xa4, 0xff, 0xa4, 0xa4, 0xa4, 0xff, 0xa4, 0xa4, 0xa4, 0xff, 0xa4, 0xa4, 0xa4, 0xff, 0xa4, 0xa4, 0xa4, 0xff,
  0xa4, 0xa4, 0xa4, 0xff, 0xa4, 0xa4, 0xa4, 0xff, 0xa4, 0xa4, 0xa4, 0xff, 0xa4, 0xa4, 0xa4, 0xff, 0xa4, 0xa4, 0xa4, 0xff, 0xa4, 0xa4, 0xa4, 0xff, 0xa4, 0xa4, 0xa4, 0xff, 0xa4, 0xa4, 0xa4, 0xff,
  0xa4, 0xa4, 0xa4, 0xff, 0xa4, 0xa4, 0xa4, 0xff, 0xa4, 0xa4, 0xa4, 0xff, 0xa4, 0xa4, 0xa4, 0xff, 0xa4, 0xa4, 0xa4, 0xff, 0xa4, 0xa4, 0xa4, 0xff, 0xa4, 0xa4, 0xa4, 0xff, 0xa4, 0xa4, 0xa4, 0xff,
  0xa4, 0xa4, 0xa4, 0xff, 0xa4, 0xa4, 0xa4, 0xff, 0xa4, 0xa4, 0xa4, 0xff, 0xa4, 0xa4, 0xa4, 0xff, 0xa4, 0xa4, 0xa4, 0xff, 0xa4, 0xa4, 0xa4, 0xff, 0xa4, 0xa4, 0xa4, 0xff, 0xa4, 0xa4, 0xa4, 0xff,
  0xa4, 0xa4, 0xa4, 0xff, 0xa4, 0xa4, 0xa4, 0xff, 0xa4, 0xa4, 0xa4, 0xff, 0xa4, 0xa4, 0xa4, 0xff, 0xa4, 0xa4, 0xa4, 0xff, 0xa4, 0xa4, 0xa4, 0xff, 0xa4, 0xa4, 0xa4, 0xff, 0xa4, 0xa4, 0xa4, 0xff,
  0xa4, 0xa4, 0xa4, 0xff, 0xa4, 0xa4, 0xa4, 0xff, 0xa4, 0xa4, 0xa4, 0xff, 0xa4, 0xa4, 0xa4, 0xff, 0xa4, 0xa4, 0xa4, 0xff, 0xa4, 0xa4, 0xa4, 0xff, 0xa4, 0xa4, 0xa4, 0xff, 0xa4, 0xa4, 0xa4, 0xff,
  0xa4, 0xa4, 0xa4, 0xff, 0xa4, 0xa4, 0xa4, 0xff, 0xa4, 0xa4, 0xa4, 0xff, 0xa4, 0xa4, 0xa4, 0xff, 0xa4, 0xa4, 0xa4, 0xff, 0xa4, 0xa4, 0xa4, 0xff, 0xa4, 0xa4, 0xa4, 0xff, 0xa4, 0xa4, 0xa4, 0xff,
  0xa4, 0xa4, 0xa4, 0xff, 0xa4, 0xa4, 0xa4, 0xff, 0xa4, 0xa4, 0xa4, 0xff, 0xa4, 0xa4, 0xa4, 0xff, 0xa4, 0xa4, 0xa4, 0xff, 0xa4, 0xa4, 0xa4, 0xff, 0xa4, 0xa4, 0xa4, 0xff, 0xa4, 0xa4, 0xa4, 0xff,
  0xa4, 0xa4, 0xa4, 0xff, 0xa4, 0xa4, 0xa4, 0xff, 0xa4, 0xa4, 0xa4, 0xff, 0xa4, 0xa4, 0xa4, 0xff, 0xa4, 0xa4, 0xa4, 0xff, 0xa4, 0xa4, 0xa4, 0xff, 0xa4, 0xa4, 0xa4, 0xff, 0xa4, 0xa4, 0xa4, 0xff,
  0xa4, 0xa4, 0xa4, 0xff, 0xa4, 0xa4, 0xa4, 0xff, 0xa4, 0xa4, 0xa4, 0xff, 0xa4, 0xa4, 0xa4, 0xff, 0xa4, 0xa4, 0xa4, 0xff, 0xa4, 0xa4, 0xa4, 0xff, 0xa4, 0xa4, 0xa4, 0xff, 0xa4, 0xa4, 0xa4, 0xff,
  0xa4, 0xa4, 0xa4, 0xff, 0xa4, 0xa4, 0xa4, 0xff, 0xa4, 0xa4, 0xa4, 0xff, 0xa4, 0xa4, 0xa4, 0xff, 0xa4, 0xa4, 0xa4, 0xff, 0xa4, 0xa4, 0xa4, 0xff, 0xa4, 0xa4, 0xa4, 0xff, 0xa4, 0xa4, 0xa4, 0xff,
  0xa4, 0xa4, 0xa4, 0xff, 0xa4, 0xa4, 0xa4, 0xff, 0xa4, 0xa4, 0xa4, 0xff, 0xa4, 0xa4, 0xa4, 0xff, 0xa4, 0xa4, 0xa4, 0xff, 0xa4, 0xa4, 0xa4, 0xff, 0xa4, 0xa4, 0xa4, 0xff, 0xa4, 0xa4, 0xa4, 0xff,
  0xa4, 0xa4, 0xa4, 0xff, 0xa4, 0xa4, 0xa4, 0xff, 0xa4, 0xa4, 0xa4, 0xff, 0xa4, 0xa4, 0xa4, 0xff, 0xa4, 0xa4, 0xa4, 0xff, 0xa4, 0xa4, 0xa4, 0xff, 0xa4, 0xa4, 0xa4, 0xff, 0xa4, 0xa4, 0xa4, 0xff,
  0xa4, 0xa4, 0xa4, 0xff, 0xa4, 0xa4, 0xa4, 0xff, 0xa4, 0xa4, 0xa4, 0xff, 0xa4, 0xa4, 0xa4, 0xff, 0xa4, 0xa4, 0xa4, 0xff, 0xa4, 0xa4, 0xa4, 0xff, 0xa4, 0xa4, 0xa4, 0xff, 0xa4, 0xa4, 0xa4, 0xff,
  0xa4, 0xa4, 0xa4, 0xff, 0xa4, 0xa4, 0xa4, 0xff, 0xa4, 0xa4, 0xa4, 0xff, 0xa4, 0xa4, 0xa4, 0xff, 0xa4, 0xa4, 0xa4, 0xff, 0xa4, 0xa4, 0xa4, 0xff, 0xa4, 0xa4, 0xa4, 0xff, 0xa4, 0xa4, 0xa4, 0xff,
  0xa4, 0xa4, 0xa4, 0xff, 0xa4, 0xa4, 0xa4, 0xff, 0xa4, 0xa4, 0xa4, 0xff, 0xa4, 0xa4, 0xa4, 0xff, 0xa4, 0xa4, 0xa4, 0xff, 0xa4, 0xa4, 0xa4, 0xff, 0xa4, 0xa4, 0xa4, 0xff, 0xa4, 0xa4, 0xa4, 0xff,
  0xa4, 0xa4, 0xa4, 0xff, 0xa4, 0xa4, 0xa4, 0xff, 0xa4, 0xa4, 0xa4, 0xff, 0xa4, 0xa4, 0xa4, 0xff, 0xa4, 0xa4, 0xa4, 0xff, 0xa4, 0xa4, 0xa4, 0xff, 0xa4, 0xa4, 0xa4, 0xff, 0xa4, 0xa4, 0xa4, 0xff,
  0xa4, 0xa4, 0xa4, 0xff, 0xa4, 0xa4, 0xa4, 0xff, 0xa4, 0xa4, 0xa4, 0xff, 0xa4, 0xa4, 0xa4, 0xff, 0xa4, 0xa4, 0xa4, 0xff, 0xa4, 0xa4, 0xa4, 0xff, 0xa4, 0xa4, 0xa4, 0xff, 0xa4, 0xa4, 0xa4, 0xff,
  0xa4, 0xa4, 0xa4, 0xff, 0xa4, 0xa4, 0xa4, 0xff, 0xa4, 0xa4, 0xa4, 0xff, 0xa4, 0xa4, 0xa4, 0xff, 0xa4, 0xa4, 0xa4, 0xff, 0xa4, 0xa4, 0xa4, 0xff, 0xa4, 0xa4, 0xa4, 0xff, 0xa4, 0xa4, 0xa4, 0xff,
  0xa4, 0xa4, 0xa4, 0xff, 0xa4, 0xa4, 0xa4, 0xff, 0xa4, 0xa4, 0xa4, 0xff, 0xa4, 0xa4, 0xa4, 0xff, 0xa4, 0xa4, 0xa4, 0xff, 0xa4, 0xa4, 0xa4, 0xff, 0xa4, 0xa4, 0xa4, 0xff, 0xa4, 0xa4, 0xa4, 0xff,
  0xa4, 0xa4, 0xa4, 0xff, 0x7b, 0x7b, 0x7b, 0xff, 0x14, 0x14, 0x16, 0xff, 0x12, 0x12, 0x14, 0xff, 0x12, 0x12, 0x15, 0xff, 0xaa, 0xaa, 0xac, 0x9f, 0x00, 0x00, 0x00, 0x00,
  0xcf, 0xcf, 0xcf, 0x60, 0x1a, 0x1a, 0x1a, 0xff, 0x18, 0x18, 0x18, 0xff, 0x0e, 0x0e, 0x0e, 0xff, 0x00, 0x00, 0x00, 0xff, 0x14, 0x14, 0x14, 0xff, 0x8f, 0x8f, 0x8f, 0xff, 0xa4, 0xa4, 0xa4, 0xff,
  0xa4, 0xa4, 0xa4, 0xff, 0xa4, 0xa4, 0xa4, 0xff, 0xa4, 0xa4, 0xa4, 0xff, 0xa4, 0xa4, 0xa4, 0xff, 0xa4, 0xa4, 0xa4, 0xff, 0xa4, 0xa4, 0xa4, 0xff, 0xa4, 0xa4, 0xa4, 0xff, 0xa4, 0xa4, 0xa4, 0xff,
  0xa4, 0xa4, 0xa4, 0xff, 0xa4, 0xa4, 0xa4, 0xff, 0xa4, 0xa4, 0xa4, 0xff, 0xa4, 0xa4, 0xa4, 0xff, 0xa4, 0xa4, 0xa4, 0xff, 0xa4, 0xa4, 0xa4, 0xff, 0xa4, 0xa4, 0xa4, 0xff, 0xa4, 0xa4, 0xa4, 0xff,
  0xa4, 0xa4, 0xa4, 0xff, 0xa4, 0xa4, 0xa4, 0xff, 0xa4, 0xa4, 0xa4, 0xff, 0xa4, 0xa4, 0xa4, 0xff, 0xa4, 0xa4, 0xa4, 0xff, 0xa4, 0xa4, 0xa4, 0xff, 0xa4, 0xa4, 0xa4, 0xff, 0xa4, 0xa4, 0xa4, 0xff,
  0xa4, 0xa4, 0xa4, 0xff, 0xa4, 0xa4, 0xa4, 0xff, 0xa4, 0xa4, 0xa4, 0xff, 0xa4, 0xa4, 0xa4, 0xff, 0xa4, 0xa4, 0xa4, 0xff, 0xa4, 0xa4, 0xa4, 0xff, 0xa4, 0xa4, 0xa4, 0xff, 0xa4, 0xa4, 0xa4, 0xff,
  0xa4, 0xa4, 0xa4, 0xff, 0xa4, 0xa4, 0xa4, 0xff, 0xa4, 0xa4, 0xa4, 0xff, 0xa4, 0xa4, 0xa4, 0xff, 0xa4, 0xa4, 0xa4, 0xff, 0xa4, 0xa4, 0xa4, 0xff, 0xa4, 0xa4, 0xa4, 0xff, 0xa4, 0xa4, 0xa4, 0xff,
  0xa4, 0xa4, 0xa4, 0xff, 0xa4, 0xa4, 0xa4, 0xff, 0xa4, 0xa4, 0xa4, 0xff, 0xa4, 0xa4, 0xa4, 0xff, 0xa4, 0xa4, 0xa4, 0xff, 0xa4, 0xa4, 0xa4, 0xff, 0xa4, 0xa4, 0xa4, 0xff, 0xa4, 0xa4, 0xa4, 0xff,
  0xa4, 0xa4, 0xa4, 0xff, 0xa4, 0xa4, 0xa4, 0xff, 0xa4, 0xa4, 0xa4, 0xff, 0xa4, 0xa4, 0xa4, 0xff, 0xa4, 0xa4, 0xa4, 0xff, 0xa4, 0xa4, 0xa4, 0xff, 0xa4, 0xa4, 0xa4, 0xff, 0xa4, 0xa4, 0xa4, 0xff,
  0xa4, 0xa4, 0xa4, 0xff, 0xa4, 0xa4, 0xa4, 0xff, 0xa4, 0xa4, 0xa4, 0xff, 0xa4, 0xa4, 0xa4, 0xff, 0xa4, 0xa4, 0xa4, 0xff, 0xa4, 0xa4, 0xa4, 0xff, 0xa4, 0xa4, 0xa4, 0xff, 0xa4, 0xa4, 0xa4, 0xff,
  0xa4, 0xa4, 0xa4, 0xff, 0xa4, 0xa4, 0xa4, 0xff, 0xa4, 0xa4, 0xa4, 0xff, 0xa4, 0xa4, 0xa4, 0xff, 0xa4, 0xa4, 0xa4, 0xff, 0xa4, 0xa4, 0xa4, 0xff, 0xa4, 0xa4, 0xa4, 0xff, 0xa4, 0xa4, 0xa4, 0xff,
  0xa4, 0xa4, 0xa4, 0xff, 0xa4, 0xa4, 0xa4, 0xff, 0xa4, 0xa4, 0xa4, 0xff, 0xa4, 0xa4, 0xa4, 0xff, 0xa4, 0xa4, 0xa4, 0xff, 0xa4, 0xa4, 0xa4, 0xff, 0xa4, 0xa4, 0xa4, 0xff, 0xa4, 0xa4, 0xa4, 0xff,
  0xa4, 0xa4, 0xa4, 0xff, 0xa4, 0xa4, 0xa4, 0xff, 0xa4, 0xa4, 0xa4, 0xff, 0xa4, 0xa4, 0xa4, 0xff, 0xa4, 0xa4, 0xa4, 0xff, 0xa4, 0xa4, 0xa4, 0xff, 0xa4, 0xa4, 0xa4, 0xff, 0xa4, 0xa4, 0xa4, 0xff,
  0xa4, 0xa4, 0xa4, 0xff, 0xa4, 0xa4, 0xa4, 0xff, 0xa4, 0xa4, 0xa4, 0xff, 0xa4, 0xa4, 0xa4, 0xff, 0xa4, 0xa4, 0xa4, 0xff, 0xa4, 0xa4, 0xa4, 0xff, 0xa4, 0xa4, 0xa4, 0xff, 0xa4, 0xa4, 0xa4, 0xff,
  0xa4, 0xa4, 0xa4, 0xff, 0xa4, 0xa4, 0xa4, 0xff, 0xa4, 0xa4, 0xa4, 0xff, 0xa4, 0xa4, 0xa4, 0xff, 0xa4, 0xa4, 0xa4, 0xff, 0xa4, 0xa4, 0xa4, 0xff, 0xa4, 0xa4, 0xa4, 0xff, 0xa4, 0xa4, 0xa4, 0xff,
  0xa4, 0xa4, 0xa4, 0xff, 0xa4, 0xa4, 0xa4, 0xff, 0xa4, 0xa4, 0xa4, 0xff, 0xa4, 0xa4, 0xa4, 0xff, 0xa4, 0xa4, 0xa4, 0xff, 0xa4, 0xa4, 0xa4, 0xff, 0xa4, 0xa4, 0xa4, 0xff, 0xa4, 0xa4, 0xa4, 0xff,
  0xa4, 0xa4, 0xa4, 0xff, 0xa4, 0xa4, 0xa4, 0xff, 0xa4, 0xa4, 0xa4, 0xff, 0xa4, 0xa4, 0xa4, 0xff, 0xa4, 0xa4, 0xa4, 0xff, 0xa4, 0xa4, 0xa4, 0xff, 0xa4, 0xa4, 0xa4, 0xff, 0xa4, 0xa4, 0xa4, 0xff,
  0xa4, 0xa4, 0xa4, 0xff, 0xa4, 0xa4, 0xa4, 0xff, 0xa4, 0xa4, 0xa4, 0xff, 0xa4, 0xa4, 0xa4, 0xff, 0xa4, 0xa4, 0xa4, 0xff, 0xa4, 0xa4, 0xa4, 0xff, 0xa4, 0xa4, 0xa4, 0xff, 0xa4, 0xa4, 0xa4, 0xff,
  0xa4, 0xa4, 0xa4, 0xff, 0xa4, 0xa4, 0xa4, 0xff, 0xa4, 0xa4, 0xa4, 0xff, 0xa4, 0xa4, 0xa4, 0xff, 0xa4, 0xa4, 0xa4, 0xff, 0xa4, 0xa4, 0xa4, 0xff, 0xa4, 0xa4, 0xa4, 0xff, 0xa4, 0xa4, 0xa4, 0xff,
  0xa4, 0xa4, 0xa4, 0xff, 0xa4, 0xa4, 0xa4, 0xff, 0xa4, 0xa4, 0xa4, 0xff, 0xa4, 0xa4, 0xa4, 0xff, 0xa4, 0xa4, 0xa4, 0xff, 0xa4, 0xa4, 0xa4, 0xff, 0xa4, 0xa4, 0xa4, 0xff, 0xa4, 0xa4, 0xa4, 0xff,
  0xa4, 0xa4, 0xa4, 0xff, 0xa4, 0xa4, 0xa4, 0xff, 0xa4, 0xa4, 0xa4, 0xff, 0xa4, 0xa4, 0xa4, 0xff, 0xa4, 0xa4, 0xa4, 0xff, 0xa4, 0xa4, 0xa4, 0xff, 0xa4, 0xa4, 0xa4, 0xff, 0xa4, 0xa4, 0xa4, 0xff,
  0xa4, 0xa4, 0xa4, 0xff, 0xa4, 0xa4, 0xa4, 0xff, 0xa4, 0xa4, 0xa4, 0xff, 0xa4, 0xa4, 0xa4, 0xff, 0xa4, 0xa4, 0xa4, 0xff, 0xa4, 0xa4, 0xa4, 0xff, 0xa4, 0xa4, 0xa4, 0xff, 0xa4, 0xa4, 0xa4, 0xff,
  0xa4, 0xa4, 0xa4, 0xff, 0xa4, 0xa4, 0xa4, 0xff, 0xa4, 0xa4, 0xa4, 0xff, 0xa4, 0xa4, 0xa4, 0xff, 0xa4, 0xa4, 0xa4, 0xff, 0xa4, 0xa4, 0xa4, 0xff, 0xa4, 0xa4, 0xa4, 0xff, 0xa4, 0xa4, 0xa4, 0xff,
  0xa4, 0xa4, 0xa4, 0xff, 0xa4, 0xa4, 0xa4, 0xff, 0xa4, 0xa4, 0xa4, 0xff, 0xa4, 0xa4, 0xa4, 0xff, 0xa4, 0xa4, 0xa4, 0xff, 0xa4, 0xa4, 0xa4, 0xff, 0xa4, 0xa4, 0xa4, 0xff, 0xa4, 0xa4, 0xa4, 0xff,
  0xa4, 0xa4, 0xa4, 0xff, 0xa4, 0xa4, 0xa4, 0xff, 0xa4, 0xa4, 0xa4, 0xff, 0xa4, 0xa4, 0xa4, 0xff, 0xa4, 0xa4, 0xa4, 0xff, 0xa4, 0xa4, 0xa4, 0xff, 0xa4, 0xa4, 0xa4, 0xff, 0xa4, 0xa4, 0xa4, 0xff,
  0x4a, 0x4a, 0x4a, 0xff, 0x0d, 0x0d, 0x10, 0xff, 0x11, 0x11, 0x14, 0xff, 0x11, 0x11, 0x12, 0xff, 0x12, 0x12, 0x14, 0xff, 0xaa, 0xaa, 0xac, 0x9f, 0x00, 0x00, 0x00, 0x00,
  0xcf, 0xcf, 0xcf, 0x60, 0x1a, 0x1a, 0x1a, 0xff, 0x18, 0x18, 0x18, 0xff, 0x1c, 0x1c, 0x1c, 0xff, 0x16, 0x16, 0x16, 0xff, 0x03, 0x03, 0x03, 0xff, 0x14, 0x14, 0x14, 0xff, 0x66, 0x66, 0x66, 0xff,
  0xa4, 0xa4, 0xa4, 0xff, 0xa4, 0xa4, 0xa4, 0xff, 0xa4, 0xa4, 0xa4, 0xff, 0xa4, 0xa4, 0xa4, 0xff, 0xa4, 0xa4, 0xa4, 0xff, 0xa4, 0xa4, 0xa4, 0xff, 0xa4, 0xa4, 0xa4, 0xff, 0xa4, 0xa4, 0xa4, 0xff,
  0xa4, 0xa4, 0xa4, 0xff, 0xa4, 0xa4, 0xa4, 0xff, 0xa4, 0xa4, 0xa4, 0xff, 0xa4, 0xa4, 0xa4, 0xff, 0xa4, 0xa4, 0xa4, 0xff, 0xa4, 0xa4, 0xa4, 0xff, 0xa4, 0xa4, 0xa4, 0xff, 0xa4, 0xa4, 0xa4, 0xff,
  0xa4, 0xa4, 0xa4, 0xff, 0xa4, 0xa4, 0xa4, 0xff, 0xa4, 0xa4, 0xa4, 0xff, 0xa4, 0xa4, 0xa4, 0xff, 0xa4, 0xa4, 0xa4, 0xff, 0xa4, 0xa4, 0xa4, 0xff, 0xa4, 0xa4, 0xa4, 0xff, 0xa4, 0xa4, 0xa4, 0xff,
  0xa4, 0xa4, 0xa4, 0xff, 0xa4, 0xa4, 0xa4, 0xff, 0xa4, 0xa4, 0xa4, 0xff, 0xa4, 0xa4, 0xa4, 0xff, 0xa4, 0xa4, 0xa4, 0xff, 0xa4, 0xa4, 0xa4, 0xff, 0xa4, 0xa4, 0xa4, 0xff, 0xa4, 0xa4, 0xa4, 0xff,
  0xa4, 0xa4, 0xa4, 0xff, 0xa4, 0xa4, 0xa4, 0xff, 0xa4, 0xa4, 0xa4, 0xff, 0xa4, 0xa4, 0xa4, 0xff, 0xa4, 0xa4, 0xa4, 0xff, 0xa4, 0xa4, 0xa4, 0xff, 0xa4, 0xa4, 0xa4, 0xff, 0xa4, 0xa4, 0xa4, 0xff,
  0xa4, 0xa4, 0xa4, 0xff, 0xa4, 0xa4, 0xa4, 0xff, 0xa4, 0xa4, 0xa4, 0xff, 0xa4, 0xa4, 0xa4, 0xff, 0xa4, 0xa4, 0xa4, 0xff, 0xa4, 0xa4, 0xa4, 0xff, 0xa4, 0xa4, 0xa4, 0xff, 0xa4, 0xa4, 0xa4, 0xff,
  0xa4, 0xa4, 0xa4, 0xff, 0xa4, 0xa4, 0xa4, 0xff, 0xa4, 0xa4, 0xa4, 0xff, 0xa4, 0xa4, 0xa4, 0xff, 0xa4, 0xa4, 0xa4, 0xff, 0xa4, 0xa4, 0xa4, 0xff, 0xa4, 0xa4, 0xa4, 0xff, 0xa4, 0xa4, 0xa4, 0xff,
  0xa4, 0xa4, 0xa4, 0xff, 0xa4, 0xa4, 0xa4, 0xff, 0xa4, 0xa4, 0xa4, 0xff, 0xa4, 0xa4, 0xa4, 0xff, 0xa4, 0xa4, 0xa4, 0xff, 0xa4, 0xa4, 0xa4, 0xff, 0xa4, 0xa4, 0xa4, 0xff, 0xa4, 0xa4, 0xa4, 0xff,
  0xa4, 0xa4, 0xa4, 0xff, 0xa4, 0xa4, 0xa4, 0xff, 0xa4, 0xa4, 0xa4, 0xff, 0xa4, 0xa4, 0xa4, 0xff, 0xa4, 0xa4, 0xa4, 0xff, 0xa4, 0xa4, 0xa4, 0xff, 0xa4, 0xa4, 0xa4, 0xff, 0xa4, 0xa4, 0xa4, 0xff,
  0xa4, 0xa4, 0xa4, 0xff, 0xa4, 0xa4, 0xa4, 0xff, 0xa4, 0xa4, 0xa4, 0xff, 0xa4, 0xa4, 0xa4, 0xff, 0xa4, 0xa4, 0xa4, 0xff, 0xa4, 0xa4, 0xa4, 0xff, 0xa4, 0xa4, 0xa4, 0xff, 0xa4, 0xa4, 0xa4, 0xff,
  0xa4, 0xa4, 0xa4, 0xff, 0xa4, 0xa4, 0xa4, 0xff, 0xa4, 0xa4, 0xa4, 0xff, 0xa4, 0xa4, 0xa4, 0xff, 0xa4, 0xa4, 0xa4, 0xff, 0xa4, 0xa4, 0xa4, 0xff, 0xa4, 0xa4, 0xa4, 0xff, 0xa4, 0xa4, 0xa4, 0xff,
  0xa4, 0xa4, 0xa4, 0xff, 0xa4, 0xa4, 0xa4, 0xff, 0xa4, 0xa4, 0xa4, 0xff, 0xa4, 0xa4, 0xa4, 0xff, 0xa4, 0xa4, 0xa4, 0xff, 0xa4, 0xa4, 0xa4, 0xff, 0xa4, 0xa4, 0xa4, 0xff, 0xa4, 0xa4, 0xa4, 0xff,
  0xa4, 0xa4, 0xa4, 0xff, 0xa4, 0xa4, 0xa4, 0xff, 0xa4, 0xa4, 0xa4, 0xff, 0xa4, 0xa4, 0xa4, 0xff, 0xa4, 0xa4, 0xa4, 0xff, 0xa4, 0xa4, 0xa4, 0xff, 0xa4, 0xa4, 0xa4, 0xff, 0xa4, 0xa4, 0xa4, 0xff,
  0xa4, 0xa4, 0xa4, 0xff, 0xa4, 0xa4, 0xa4, 0xff, 0xa4, 0xa4, 0xa4, 0xff, 0xa4, 0xa4, 0xa4, 0xff, 0xa4, 0xa4, 0xa4, 0xff, 0xa4, 0xa4, 0xa4, 0xff, 0xa4, 0xa4, 0xa4, 0xff, 0xa4, 0xa4, 0xa4, 0xff,
  0xa4, 0xa4, 0xa4, 0xff, 0xa4, 0xa4, 0xa4, 0xff, 0xa4, 0xa4, 0xa4, 0xff, 0xa4, 0xa4, 0xa4, 0xff, 0xa4, 0xa4, 0xa4, 0xff, 0xa4, 0xa4, 0xa4, 0xff, 0xa4, 0xa4, 0xa4, 0xff, 0xa4, 0xa4, 0xa4, 0xff,
  0xa4, 0xa4, 0xa4, 0xff, 0xa4, 0xa4, 0xa4, 0xff, 0xa4, 0xa4, 0xa4, 0xff, 0xa4, 0xa4, 0xa4, 0xff, 0xa4, 0xa4, 0xa4, 0xff, 0xa4, 0xa4, 0xa4, 0xff, 0xa4, 0xa4, 0xa4, 0xff, 0xa4, 0xa4, 0xa4, 0xff,
  0xa4, 0xa4, 0xa4, 0xff, 0xa4, 0xa4, 0xa4, 0xff, 0xa4, 0xa4, 0xa4, 0xff, 0xa4, 0xa4, 0xa4, 0xff, 0xa4, 0xa4, 0xa4, 0xff, 0xa4, 0xa4, 0xa4, 0xff, 0xa4, 0xa4, 0xa4, 0xff, 0xa4, 0xa4, 0xa4, 0xff,
  0xa4, 0xa4, 0xa4, 0xff, 0xa4, 0xa4, 0xa4, 0xff, 0xa4, 0xa4, 0xa4, 0xff, 0xa4, 0xa4, 0xa4, 0xff, 0xa4, 0xa4, 0xa4, 0xff, 0xa4, 0xa4, 0xa4, 0xff, 0xa4, 0xa4, 0xa4, 0xff, 0xa4, 0xa4, 0xa4, 0xff,
  0xa4, 0xa4, 0xa4, 0xff, 0xa4, 0xa4, 0xa4, 0xff, 0xa4, 0xa4, 0xa4, 0xff, 0xa4, 0xa4, 0xa4, 0xff, 0xa4, 0xa4, 0xa4, 0xff, 0xa4, 0xa4, 0xa4, 0xff, 0xa4, 0xa4, 0xa4, 0xff, 0xa4, 0xa4, 0xa4, 0xff,
  0xa4, 0xa4, 0xa4, 0xff, 0xa4, 0xa4, 0xa4, 0xff, 0xa4, 0xa4, 0xa4, 0xff, 0xa4, 0xa4, 0xa4, 0xff, 0xa4, 0xa4, 0xa4, 0xff, 0xa4, 0xa4, 0xa4, 0xff, 0xa4, 0xa4, 0xa4, 0xff, 0xa4, 0xa4, 0xa4, 0xff,
  0xa4, 0xa4, 0xa4, 0xff, 0xa4, 0xa4, 0xa4, 0xff, 0xa4, 0xa4, 0xa4, 0xff, 0xa4, 0xa4, 0xa4, 0xff, 0xa4, 0xa4, 0xa4, 0xff, 0xa4, 0xa4, 0xa4, 0xff, 0xa4, 0xa4, 0xa4, 0xff, 0xa4, 0xa4, 0xa4, 0xff,
  0xa4, 0xa4, 0xa4, 0xff, 0xa4, 0xa4, 0xa4, 0xff, 0xa4, 0xa4, 0xa4, 0xff, 0xa4, 0xa4, 0xa4, 0xff, 0xa4, 0xa4, 0xa4, 0xff, 0xa4, 0xa4, 0xa4, 0xff, 0xa4, 0xa4, 0xa4, 0xff, 0xa4, 0xa4, 0xa4, 0xff,
  0xa4, 0xa4, 0xa4, 0xff, 0xa4, 0xa4, 0xa4, 0xff, 0xa4, 0xa4, 0xa4, 0xff, 0xa4, 0xa4, 0xa4, 0xff, 0xa4, 0xa4, 0xa4, 0xff, 0xa4, 0xa4, 0xa4, 0xff, 0x8f, 0x8f, 0x8f, 0xff, 0x2d, 0x2d, 0x2e, 0xff,
  0x11, 0x11, 0x13, 0xff, 0x11, 0x11, 0x14, 0xff, 0x11, 0x11, 0x12, 0xff, 0x11, 0x11, 0x12, 0xff, 0x12, 0x12, 0x14, 0xff, 0xaa, 0xaa, 0xac, 0x9f, 0x00, 0x00, 0x00, 0x00,
  0xcf, 0xcf, 0xcf, 0x60, 0x1a, 0x1a, 0x1a, 0xff, 0x18, 0x18, 0x18, 0xff, 0x1c, 0x1c, 0x1c, 0xff, 0x1c, 0x1c, 0x1c, 0xff, 0x19, 0x19, 0x19, 0xff, 0x0a, 0x0a, 0x0a, 0xff, 0x00, 0x00, 0x00, 0xff,
  0x47, 0x47, 0x47, 0xff, 0x99, 0x99, 0x99, 0xff, 0xa4, 0xa4, 0xa4, 0xff, 0xa4, 0xa4, 0xa4, 0xff, 0xa4, 0xa4, 0xa4, 0xff, 0xa4, 0xa4, 0xa4, 0xff, 0xa4, 0xa4, 0xa4, 0xff, 0xa4, 0xa4, 0xa4, 0xff,
  0xa4, 0xa4, 0xa4, 0xff, 0xa4, 0xa4, 0xa4, 0xff, 0xa4, 0xa4, 0xa4, 0xff, 0xa4, 0xa4, 0xa4, 0xff, 0xa4, 0xa4, 0xa4, 0xff, 0xa4, 0xa4, 0xa4, 0xff, 0xa4, 0xa4, 0xa4, 0xff, 0xa4, 0xa4, 0xa4, 0xff,
  0xa4, 0xa4, 0xa4, 0xff, 0xa4, 0xa4, 0xa4, 0xff, 0xa4, 0xa4, 0xa4, 0xff, 0xa4, 0xa4, 0xa4, 0xff, 0xa4, 0xa4, 0xa4, 0xff, 0xa4, 0xa4, 0xa4, 0xff, 0xa4, 0xa4, 0xa4, 0xff, 0xa4, 0xa4, 0xa4, 0xff,
  0xa4, 0xa4, 0xa4, 0xff, 0xa4, 0xa4, 0xa4, 0xff, 0xa4, 0xa4, 0xa4, 0xff, 0xa4, 0xa4, 0xa4, 0xff, 0xa4, 0xa4, 0xa4, 0xff, 0xa4, 0xa4, 0xa4, 0xff, 0xa4, 0xa4, 0xa4, 0xff, 0xa4, 0xa4, 0xa4, 0xff,
  0xa4, 0xa4, 0xa4, 0xff, 0xa4, 0xa4, 0xa4, 0xff, 0xa4, 0xa4, 0xa4, 0xff, 0xa4, 0xa4, 0xa4, 0xff, 0xa4, 0xa4, 0xa4, 0xff, 0xa4, 0xa4, 0xa4, 0xff, 0xa4, 0xa4, 0xa4, 0xff, 0xa4, 0xa4, 0xa4, 0xff,
  0xa4, 0xa4, 0xa4, 0xff, 0xa4, 0xa4, 0xa4, 0xff, 0xa4, 0xa4, 0xa4, 0xff, 0xa4, 0xa4, 0xa4, 0xff, 0xa4, 0xa4, 0xa4, 0xff, 0xa4, 0xa4, 0xa4, 0xff, 0xa4, 0xa4, 0xa4, 0xff, 0xa4, 0xa4, 0xa4, 0xff,
  0xa4, 0xa4, 0xa4, 0xff, 0xa4, 0xa4, 0xa4, 0xff, 0xa4, 0xa4, 0xa4, 0xff, 0xa4, 0xa4, 0xa4, 0xff, 0xa4, 0xa4, 0xa4, 0xff, 0xa4, 0xa4, 0xa4, 0xff, 0xa4, 0xa4, 0xa4, 0xff, 0xa4, 0xa4, 0xa4, 0xff,
  0xa4, 0xa4, 0xa4, 0xff, 0xa4, 0xa4, 0xa4, 0xff, 0xa4, 0xa4, 0xa4, 0xff, 0xa4, 0xa4, 0xa4, 0xff, 0xa4, 0xa4, 0xa4, 0xff, 0xa4, 0xa4, 0xa4, 0xff, 0xa4, 0xa4, 0xa4, 0xff, 0xa4, 0xa4, 0xa4, 0xff,
  0xa4, 0xa4, 0xa4, 0xff, 0xa4, 0xa4, 0xa4, 0xff, 0xa4, 0xa4, 0xa4, 0xff, 0xa4, 0xa4, 0xa4, 0xff, 0xa4, 0xa4, 0xa4, 0xff, 0xa4, 0xa4, 0xa4, 0xff, 0xa4, 0xa4, 0xa4, 0xff, 0xa4, 0xa4, 0xa4, 0xff,
  0xa4, 0xa4, 0xa4, 0xff, 0xa4, 0xa4, 0xa4, 0xff, 0xa4, 0xa4, 0xa4, 0xff, 0xa4, 0xa4, 0xa4, 0xff, 0xa4, 0xa4, 0xa4, 0xff, 0xa4, 0xa4, 0xa4, 0xff, 0xa4, 0xa4, 0xa4, 0xff, 0xa4, 0xa4, 0xa4, 0xff,
  0xa4, 0xa4, 0xa4, 0xff, 0xa4, 0xa4, 0xa4, 0xff, 0xa4, 0xa4, 0xa4, 0xff, 0xa4, 0xa4, 0xa4, 0xff, 0xa4, 0xa4, 0xa4, 0xff, 0xa4, 0xa4, 0xa4, 0xff, 0xa4, 0xa4, 0xa4, 0xff, 0xa4, 0xa4, 0xa4, 0xff,
  0xa4, 0xa4, 0xa4, 0xff, 0xa4, 0xa4, 0xa4, 0xff, 0xa4, 0xa4, 0xa4, 0xff, 0xa4, 0xa4, 0xa4, 0xff, 0xa4, 0xa4, 0xa4, 0xff, 0xa4, 0xa4, 0xa4, 0xff, 0xa4, 0xa4, 0xa4, 0xff, 0xa4, 0xa4, 0xa4, 0xff,
  0xa4, 0xa4, 0xa4, 0xff, 0xa4, 0xa4, 0xa4, 0xff, 0xa4, 0xa4, 0xa4, 0xff, 0xa4, 0xa4, 0xa4, 0xff, 0xa4, 0xa4, 0xa4, 0xff, 0xa4, 0xa4, 0xa4, 0xff, 0xa4, 0xa4, 0xa4, 0xff, 0xa4, 0xa4, 0xa4, 0xff,
  0xa4, 0xa4, 0xa4, 0xff, 0xa4, 0xa4, 0xa4, 0xff, 0xa4, 0xa4, 0xa4, 0xff, 0xa4, 0xa4, 0xa4, 0xff, 0xa4, 0xa4, 0xa4, 0xff, 0xa4, 0xa4, 0xa4, 0xff, 0xa4, 0xa4, 0xa4, 0xff, 0xa4, 0xa4, 0xa4, 0xff,
  0xa4, 0xa4, 0xa4, 0xff, 0xa4, 0xa4, 0xa4, 0xff, 0xa4, 0xa4, 0xa4, 0xff, 0xa4, 0xa4, 0xa4, 0xff, 0xa4, 0xa4, 0xa4, 0xff, 0xa4, 0xa4, 0xa4, 0xff, 0xa4, 0xa4, 0xa4, 0xff, 0xa4, 0xa4, 0xa4, 0xff,
  0xa4, 0xa4, 0xa4, 0xff, 0xa4, 0xa4, 0xa4, 0xff, 0xa4, 0xa4, 0xa4, 0xff, 0xa4, 0xa4, 0xa4, 0xff, 0xa4, 0xa4, 0xa4, 0xff, 0xa4, 0xa4, 0xa4, 0xff, 0xa4, 0xa4, 0xa4, 0xff, 0xa4, 0xa4, 0xa4, 0xff,
  0xa4, 0xa4, 0xa4, 0xff, 0xa4, 0xa4, 0xa4, 0xff, 0xa4, 0xa4, 0xa4, 0xff, 0xa4, 0xa4, 0xa4, 0xff, 0xa4, 0xa4, 0xa4, 0xff, 0xa4, 0xa4, 0xa4, 0xff, 0xa4, 0xa4, 0xa4, 0xff, 0xa4, 0xa4, 0xa4, 0xff,
  0xa4, 0xa4, 0xa4, 0xff, 0xa4, 0xa4, 0xa4, 0xff, 0xa4, 0xa4, 0xa4, 0xff, 0xa4, 0xa4, 0xa4, 0xff, 0xa4, 0xa4, 0xa4, 0xff, 0xa4, 0xa4, 0xa4, 0xff, 0xa4, 0xa4, 0xa4, 0xff, 0xa4, 0xa4, 0xa4, 0xff,
  0xa4, 0xa4, 0xa4, 0xff, 0xa4, 0xa4, 0xa4, 0xff, 0xa4, 0xa4, 0xa4, 0xff, 0xa4, 0xa4, 0xa4, 0xff, 0xa4, 0xa4, 0xa4, 0xff, 0xa4, 0xa4, 0xa4, 0xff, 0xa4, 0xa4, 0xa4, 0xff, 0xa4, 0xa4, 0xa4, 0xff,
  0xa4, 0xa4, 0xa4, 0xff, 0xa4, 0xa4, 0xa4, 0xff, 0xa4, 0xa4, 0xa4, 0xff, 0xa4, 0xa4, 0xa4, 0xff, 0xa4, 0xa4, 0xa4, 0xff, 0xa4, 0xa4, 0xa4, 0xff, 0xa4, 0xa4, 0xa4, 0xff, 0xa4, 0xa4, 0xa4, 0xff,
  0xa4, 0xa4, 0xa4, 0xff, 0xa4, 0xa4, 0xa4, 0xff, 0xa4, 0xa4, 0xa4, 0xff, 0xa4, 0xa4, 0xa4, 0xff, 0xa4, 0xa4, 0xa4, 0xff, 0xa4, 0xa4, 0xa4, 0xff, 0xa4, 0xa4, 0xa4, 0xff, 0xa4, 0xa4, 0xa4, 0xff,
  0xa4, 0xa4, 0xa4, 0xff, 0xa4, 0xa4, 0xa4, 0xff, 0xa4, 0xa4, 0xa4, 0xff, 0xa4, 0xa4, 0xa4, 0xff, 0xa4, 0xa4, 0xa4, 0xff, 0xa4, 0xa4, 0xa4, 0xff, 0xa4, 0xa4, 0xa4, 0xff, 0xa4, 0xa4, 0xa4, 0xff,
  0xa4, 0xa4, 0xa4, 0xff, 0xa4, 0xa4, 0xa4, 0xff, 0xa4, 0xa4, 0xa4, 0xff, 0xa4, 0xa4, 0xa4, 0xff, 0xa4, 0xa4, 0xa4, 0xff, 0x7b, 0x7b, 0x7b, 0xff, 0x14, 0x14, 0x16, 0xff, 0x12, 0x12, 0x14, 0xff,
  0x11, 0x11, 0x13, 0xff, 0x11, 0x11, 0x12, 0xff, 0x11, 0x11, 0x12, 0xff, 0x11, 0x11, 0x12, 0xff, 0x12, 0x12, 0x14, 0xff, 0xaa, 0xaa, 0xac, 0x9f, 0x00, 0x00, 0x00, 0x00,
  0xcf, 0xcf, 0xcf, 0x60, 0x1a, 0x1a, 0x1a, 0xff, 0x18, 0x18, 0x18, 0xff, 0x1c, 0x1c, 0x1c, 0xff, 0x1c, 0x1c, 0x1c, 0xff, 0x1c, 0x1c, 0x1c, 0xff, 0x1c, 0x1c, 0x1c, 0xff, 0x0f, 0x0f, 0x0f, 0xff,
  0x01, 0x01, 0x01, 0xff, 0x14, 0x14, 0x14, 0xff, 0x8f, 0x8f, 0x8f, 0xff, 0xa4, 0xa4, 0xa4, 0xff, 0xa4, 0xa4, 0xa4, 0xff, 0xa4, 0xa4, 0xa4, 0xff, 0xa4, 0xa4, 0xa4, 0xff, 0xa4, 0xa4, 0xa4, 0xff,
  0xa4, 0xa4, 0xa4, 0xff, 0xa4, 0xa4, 0xa4, 0xff, 0xa4, 0xa4, 0xa4, 0xff, 0xa4, 0xa4, 0xa4, 0xff, 0xa4, 0xa4, 0xa4, 0xff, 0xa4, 0xa4, 0xa4, 0xff, 0xa4, 0xa4, 0xa4, 0xff, 0xa4, 0xa4, 0xa4, 0xff,
  0xa4, 0xa4, 0xa4, 0xff, 0xa4, 0xa4, 0xa4, 0xff, 0xa4, 0xa4, 0xa4, 0xff, 0xa4, 0xa4, 0xa4, 0xff, 0xa4, 0xa4, 0xa4, 0xff, 0xa4, 0xa4, 0xa4, 0xff, 0xa4, 0xa4, 0xa4, 0xff, 0xa4, 0xa4, 0xa4, 0xff,
  0xa4, 0xa4, 0xa4, 0xff, 0xa4, 0xa4, 0xa4, 0xff, 0xa4, 0xa4, 0xa4, 0xff, 0xa4, 0xa4, 0xa4, 0xff, 0xa4, 0xa4, 0xa4, 0xff, 0xa4, 0xa4, 0xa4, 0xff, 0xa4, 0xa4, 0xa4, 0xff, 0xa4, 0xa4, 0xa4, 0xff,
  0xa4, 0xa4, 0xa4, 0xff, 0xa4, 0xa4, 0xa4, 0xff, 0xa4, 0xa4, 0xa4, 0xff, 0xa4, 0xa4, 0xa4, 0xff, 0xa4, 0xa4, 0xa4, 0xff, 0xa4, 0xa4, 0xa4, 0xff, 0xa4, 0xa4, 0xa4, 0xff, 0xa4, 0xa4, 0xa4, 0xff,
  0xa4, 0xa4, 0xa4, 0xff, 0xa4, 0xa4, 0xa4, 0xff, 0xa4, 0xa4, 0xa4, 0xff, 0xa4, 0xa4, 0xa4, 0xff, 0xa4, 0xa4, 0xa4, 0xff, 0xa4, 0xa4, 0xa4, 0xff, 0xa4, 0xa4, 0xa4, 0xff, 0xa4, 0xa4, 0xa4, 0xff,
  0xa4, 0xa4, 0xa4, 0xff, 0xa4, 0xa4, 0xa4, 0xff, 0xa4, 0xa4, 0xa4, 0xff, 0xa4, 0xa4, 0xa4, 0xff, 0xa4, 0xa4, 0xa4, 0xff, 0xa4, 0xa4, 0xa4, 0xff, 0xa4, 0xa4, 0xa4, 0xff, 0xa4, 0xa4, 0xa4, 0xff,
  0xa4, 0xa4, 0xa4, 0xff, 0xa4, 0xa4, 0xa4, 0xff, 0xa4, 0xa4, 0xa4, 0xff, 0xa4, 0xa4, 0xa4, 0xff, 0xa4, 0xa4, 0xa4, 0xff, 0xa4, 0xa4, 0xa4, 0xff, 0xa4, 0xa4, 0xa4, 0xff, 0xa4, 0xa4, 0xa4, 0xff,
  0xa4, 0xa4, 0xa4, 0xff, 0xa4, 0xa4, 0xa4, 0xff, 0xa4, 0xa4, 0xa4, 0xff, 0xa4, 0xa4, 0xa4, 0xff, 0xa4, 0xa4, 0xa4, 0xff, 0xa4, 0xa4, 0xa4, 0xff, 0xa4, 0xa4, 0xa4, 0xff, 0xa4, 0xa4, 0xa4, 0xff,
  0xa4, 0xa4, 0xa4, 0xff, 0xa4, 0xa4, 0xa4, 0xff, 0xa4, 0xa4, 0xa4, 0xff, 0xa4, 0xa4, 0xa4, 0xff, 0xa4, 0xa4, 0xa4, 0xff, 0xa4, 0xa4, 0xa4, 0xff, 0xa4, 0xa4, 0xa4, 0xff, 0xa4, 0xa4, 0xa4, 0xff,
  0xa4, 0xa4, 0xa4, 0xff, 0xa4, 0xa4, 0xa4, 0xff, 0xa4, 0xa4, 0xa4, 0xff, 0xa4, 0xa4, 0xa4, 0xff, 0xa4, 0xa4, 0xa4, 0xff, 0xa4, 0xa4, 0xa4, 0xff, 0xa4, 0xa4, 0xa4, 0xff, 0xa4, 0xa4, 0xa4, 0xff,
  0xa4, 0xa4, 0xa4, 0xff, 0xa4, 0xa4, 0xa4, 0xff, 0xa4, 0xa4, 0xa4, 0xff, 0xa4, 0xa4, 0xa4, 0xff, 0xa4, 0xa4, 0xa4, 0xff, 0xa4, 0xa4, 0xa4, 0xff, 0xa4, 0xa4, 0xa4, 0xff, 0xa4, 0xa4, 0xa4, 0xff,
  0xa4, 0xa4, 0xa4, 0xff, 0xa4, 0xa4, 0xa4, 0xff, 0xa4, 0xa4, 0xa4, 0xff, 0xa4, 0xa4, 0xa4, 0xff, 0xa4, 0xa4, 0xa4, 0xff, 0xa4, 0xa4, 0xa4, 0xff, 0xa4, 0xa4, 0xa4, 0xff, 0xa4, 0xa4, 0xa4, 0xff,
  0xa4, 0xa4, 0xa4, 0xff, 0xa4, 0xa4, 0xa4, 0xff, 0xa4, 0xa4, 0xa4, 0xff, 0xa4, 0xa4, 0xa4, 0xff, 0xa4, 0xa4, 0xa4, 0xff, 0xa4, 0xa4, 0xa4, 0xff, 0xa4, 0xa4, 0xa4, 0xff, 0xa4, 0xa4, 0xa4, 0xff,
  0xa4, 0xa4, 0xa4, 0xff, 0xa4, 0xa4, 0xa4, 0xff, 0xa4, 0xa4, 0xa4, 0xff, 0xa4, 0xa4, 0xa4, 0xff, 0xa4, 0xa4, 0xa4, 0xff, 0xa4, 0xa4, 0xa4, 0xff, 0xa4, 0xa4, 0xa4, 0xff, 0xa4, 0xa4, 0xa4, 0xff,
  0xa4, 0xa4, 0xa4, 0xff, 0xa4, 0xa4, 0xa4, 0xff, 0xa4, 0xa4, 0xa4, 0xff, 0xa4, 0xa4, 0xa4, 0xff, 0xa4, 0xa4, 0xa4, 0xff, 0xa4, 0xa4, 0xa4, 0xff, 0xa4, 0xa4, 0xa4, 0xff, 0xa4, 0xa4, 0xa4, 0xff,
  0xa4, 0xa4, 0xa4, 0xff, 0xa4, 0xa4, 0xa4, 0xff, 0xa4, 0xa4, 0xa4, 0xff, 0xa4, 0xa4, 0xa4, 0xff, 0xa4, 0xa4, 0xa4, 0xff, 0xa4, 0xa4, 0xa4, 0xff, 0xa4, 0xa4, 0xa4, 0xff, 0xa4, 0xa4, 0xa4, 0xff,
  0xa4, 0xa4, 0xa4, 0xff, 0xa4, 0xa4, 0xa4, 0xff, 0xa4, 0xa4, 0xa4, 0xff, 0xa4, 0xa4, 0xa4, 0xff, 0xa4, 0xa4, 0xa4, 0xff, 0xa4, 0xa4, 0xa4, 0xff, 0xa4, 0xa4, 0xa4, 0xff, 0xa4, 0xa4, 0xa4, 0xff,
  0xa4, 0xa4, 0xa4, 0xff, 0xa4, 0xa4, 0xa4, 0xff, 0xa4, 0xa4, 0xa4, 0xff, 0xa4, 0xa4, 0xa4, 0xff, 0xa4, 0xa4, 0xa4, 0xff, 0xa4, 0xa4, 0xa4, 0xff, 0xa4, 0xa4, 0xa4, 0xff, 0xa4, 0xa4, 0xa4, 0xff,
  0xa4, 0xa4, 0xa4, 0xff, 0xa4, 0xa4, 0xa4, 0xff, 0xa4, 0xa4, 0xa4, 0xff, 0xa4, 0xa4, 0xa4, 0xff, 0xa4, 0xa4, 0xa4, 0xff, 0xa4, 0xa4, 0xa4, 0xff, 0xa4, 0xa4, 0xa4, 0xff, 0xa4, 0xa4, 0xa4, 0xff,
  0xa4, 0xa4, 0xa4, 0xff, 0xa4, 0xa4, 0xa4, 0xff, 0xa4, 0xa4, 0xa4, 0xff, 0xa4, 0xa4, 0xa4, 0xff, 0xa4, 0xa4, 0xa4, 0xff, 0xa4, 0xa4, 0xa4, 0xff, 0xa4, 0xa4, 0xa4, 0xff, 0xa4, 0xa4, 0xa4, 0xff,
  0xa4, 0xa4, 0xa4, 0xff, 0xa4, 0xa4, 0xa4, 0xff, 0xa4, 0xa4, 0xa4, 0xff, 0xa4, 0xa4, 0xa4, 0xff, 0xa4, 0xa4, 0xa4, 0xff, 0xa4, 0xa4, 0xa4, 0xff, 0xa4, 0xa4, 0xa4, 0xff, 0xa4, 0xa4, 0xa4, 0xff,
  0xa4, 0xa4, 0xa4, 0xff, 0xa4, 0xa4, 0xa4, 0xff, 0xa4, 0xa4, 0xa4, 0xff, 0xa4, 0xa4, 0xa4, 0xff, 0x4a, 0x4a, 0x4a, 0xff, 0x0d, 0x0d, 0x10, 0xff, 0x11, 0x11, 0x14, 0xff, 0x11, 0x11, 0x12, 0xff,
  0x11, 0x11, 0x12, 0xff, 0x11, 0x11, 0x12, 0xff, 0x11, 0x11, 0x12, 0xff, 0x11, 0x11, 0x12, 0xff, 0x12, 0x12, 0x14, 0xff, 0xaa, 0xaa, 0xac, 0x9f, 0x00, 0x00, 0x00, 0x00,
  0xcf, 0xcf, 0xcf, 0x60, 0x1a, 0x1a, 0x1a, 0xff, 0x18, 0x18, 0x18, 0xff, 0x1c, 0x1c, 0x1c, 0xff, 0x1c, 0x1c, 0x1c, 0xff, 0x1c, 0x1c, 0x1c, 0xff, 0x1c, 0x1c, 0x1c, 0xff, 0x1c, 0x1c, 0x1c, 0xff,
  0x19, 0x19, 0x19, 0xff, 0x03, 0x03, 0x03, 0xff, 0x00, 0x00, 0x00, 0xff, 0x52, 0x52, 0x52, 0xff, 0xa4, 0xa4, 0xa4, 0xff, 0xa4, 0xa4, 0xa4, 0xff, 0xa4, 0xa4, 0xa4, 0xff, 0xa4, 0xa4, 0xa4, 0xff,
  0xa4, 0xa4, 0xa4, 0xff, 0xa4, 0xa4, 0xa4, 0xff, 0xa4, 0xa4, 0xa4, 0xff, 0xa4, 0xa4, 0xa4, 0xff, 0xa4, 0xa4, 0xa4, 0xff, 0xa4, 0xa4, 0xa4, 0xff, 0xa4, 0xa4, 0xa4, 0xff, 0xa4, 0xa4, 0xa4, 0xff,
  0xa4, 0xa4, 0xa4, 0xff, 0xa4, 0xa4, 0xa4, 0xff, 0xa4, 0xa4, 0xa4, 0xff, 0xa4, 0xa4, 0xa4, 0xff, 0xa4, 0xa4, 0xa4, 0xff, 0xa4, 0xa4, 0xa4, 0xff, 0xa4, 0xa4, 0xa4, 0xff, 0xa4, 0xa4, 0xa4, 0xff,
  0xa4, 0xa4, 0xa4, 0xff, 0xa4, 0xa4, 0xa4, 0xff, 0xa4, 0xa4, 0xa4, 0xff, 0xa4, 0xa4, 0xa4, 0xff, 0xa4, 0xa4, 0xa4, 0xff, 0xa4, 0xa4, 0xa4, 0xff, 0xa4, 0xa4, 0xa4, 0xff, 0xa4, 0xa4, 0xa4, 0xff,
  0xa4, 0xa4, 0xa4, 0xff, 0xa4, 0xa4, 0xa4, 0xff, 0xa4, 0xa4, 0xa4, 0xff, 0xa4, 0xa4, 0xa4, 0xff, 0xa4, 0xa4, 0xa4, 0xff, 0xa4, 0xa4, 0xa4, 0xff, 0xa4, 0xa4, 0xa4, 0xff, 0xa4, 0xa4, 0xa4, 0xff,
  0xa4, 0xa4, 0xa4, 0xff, 0xa4, 0xa4, 0xa4, 0xff, 0xa4, 0xa4, 0xa4, 0xff, 0xa4, 0xa4, 0xa4, 0xff, 0xa4, 0xa4, 0xa4, 0xff, 0xa4, 0xa4, 0xa4, 0xff, 0xa4, 0xa4, 0xa4, 0xff, 0xa4, 0xa4, 0xa4, 0xff,
  0xa4, 0xa4, 0xa4, 0xff, 0xa4, 0xa4, 0xa4, 0xff, 0xa4, 0xa4, 0xa4, 0xff, 0xa4, 0xa4, 0xa4, 0xff, 0xa4, 0xa4, 0xa4, 0xff, 0xa4, 0xa4, 0xa4, 0xff, 0xa4, 0xa4, 0xa4, 0xff, 0xa4, 0xa4, 0xa4, 0xff,
  0xa4, 0xa4, 0xa4, 0xff, 0xa4, 0xa4, 0xa4, 0xff, 0xa4, 0xa4, 0xa4, 0xff, 0xa4, 0xa4, 0xa4, 0xff, 0xa4, 0xa4, 0xa4, 0xff, 0xa4, 0xa4, 0xa4, 0xff, 0xa4, 0xa4, 0xa4, 0xff, 0xa4, 0xa4, 0xa4, 0xff,
  0xa4, 0xa4, 0xa4, 0xff, 0xa4, 0xa4, 0xa4, 0xff, 0xa4, 0xa4, 0xa4, 0xff, 0xa4, 0xa4, 0xa4, 0xff, 0xa4, 0xa4, 0xa4, 0xff, 0xa4, 0xa4, 0xa4, 0xff, 0xa4, 0xa4, 0xa4, 0xff, 0xa4, 0xa4, 0xa4, 0xff,
  0xa4, 0xa4, 0xa4, 0xff, 0xa4, 0xa4, 0xa4, 0xff, 0xa4, 0xa4, 0xa4, 0xff, 0xa4, 0xa4, 0xa4, 0xff, 0xa4, 0xa4, 0xa4, 0xff, 0xa4, 0xa4, 0xa4, 0xff, 0xa4, 0xa4, 0xa4, 0xff, 0xa4, 0xa4, 0xa4, 0xff,
  0xa4, 0xa4, 0xa4, 0xff, 0xa4, 0xa4, 0xa4, 0xff, 0xa4, 0xa4, 0xa4, 0xff, 0xa4, 0xa4, 0xa4, 0xff, 0xa4, 0xa4, 0xa4, 0xff, 0xa4, 0xa4, 0xa4, 0xff, 0xa4, 0xa4, 0xa4, 0xff, 0xa4, 0xa4, 0xa4, 0xff,
  0xa4, 0xa4, 0xa4, 0xff, 0xa4, 0xa4, 0xa4, 0xff, 0xa4, 0xa4, 0xa4, 0xff, 0xa4, 0xa4, 0xa4, 0xff, 0xa4, 0xa4, 0xa4, 0xff, 0xa4, 0xa4, 0xa4, 0xff, 0xa4, 0xa4, 0xa4, 0xff, 0xa4, 0xa4, 0xa4, 0xff,
  0xa4, 0xa4, 0xa4, 0xff, 0xa4, 0xa4, 0xa4, 0xff, 0xa4, 0xa4, 0xa4, 0xff, 0xa4, 0xa4, 0xa4, 0xff, 0xa4, 0xa4, 0xa4, 0xff, 0xa4, 0xa4, 0xa4, 0xff, 0xa4, 0xa4, 0xa4, 0xff, 0xa4, 0xa4, 0xa4, 0xff,
  0xa4, 0xa4, 0xa4, 0xff, 0xa4, 0xa4, 0xa4, 0xff, 0xa4, 0xa4, 0xa4, 0xff, 0xa4, 0xa4, 0xa4, 0xff, 0xa4, 0xa4, 0xa4, 0xff, 0xa4, 0xa4, 0xa4, 0xff, 0xa4, 0xa4, 0xa4, 0xff, 0xa4, 0xa4, 0xa4, 0xff,
  0xa4, 0xa4, 0xa4, 0xff, 0xa4, 0xa4, 0xa4, 0xff, 0xa4, 0xa4, 0xa4, 0xff, 0xa4, 0xa4, 0xa4, 0xff, 0xa4, 0xa4, 0xa4, 0xff, 0xa4, 0xa4, 0xa4, 0xff, 0xa4, 0xa4, 0xa4, 0xff, 0xa4, 0xa4, 0xa4, 0xff,
  0xa4, 0xa4, 0xa4, 0xff, 0xa4, 0xa4, 0xa4, 0xff, 0xa4, 0xa4, 0xa4, 0xff, 0xa4, 0xa4, 0xa4, 0xff, 0xa4, 0xa4, 0xa4, 0xff, 0xa4, 0xa4, 0xa4, 0xff, 0xa4, 0xa4, 0xa4, 0xff, 0xa4, 0xa4, 0xa4, 0xff,
  0xa4, 0xa4, 0xa4, 0xff, 0xa4, 0xa4, 0xa4, 0xff, 0xa4, 0xa4, 0xa4, 0xff, 0xa4, 0xa4, 0xa4, 0xff, 0xa4, 0xa4, 0xa4, 0xff, 0xa4, 0xa4, 0xa4, 0xff, 0xa4, 0xa4, 0xa4, 0xff, 0xa4, 0xa4, 0xa4, 0xff,
  0xa4, 0xa4, 0xa4, 0xff, 0xa4, 0xa4, 0xa4, 0xff, 0xa4, 0xa4, 0xa4, 0xff, 0xa4, 0xa4, 0xa4, 0xff, 0xa4, 0xa4, 0xa4, 0xff, 0xa4, 0xa4, 0xa4, 0xff, 0xa4, 0xa4, 0xa4, 0xff, 0xa4, 0xa4, 0xa4, 0xff,
  0xa4, 0xa4, 0xa4, 0xff, 0xa4, 0xa4, 0xa4, 0xff, 0xa4, 0xa4, 0xa4, 0xff, 0xa4, 0xa4, 0xa4, 0xff, 0xa4, 0xa4, 0xa4, 0xff, 0xa4, 0xa4, 0xa4, 0xff, 0xa4, 0xa4, 0xa4, 0xff, 0xa4, 0xa4, 0xa4, 0xff,
  0xa4, 0xa4, 0xa4, 0xff, 0xa4, 0xa4, 0xa4, 0xff, 0xa4, 0xa4, 0xa4, 0xff, 0xa4, 0xa4, 0xa4, 0xff, 0xa4, 0xa4, 0xa4, 0xff, 0xa4, 0xa4, 0xa4, 0xff, 0xa4, 0xa4, 0xa4, 0xff, 0xa4, 0xa4, 0xa4, 0xff,
  0xa4, 0xa4, 0xa4, 0xff, 0xa4, 0xa4, 0xa4, 0xff, 0xa4, 0xa4, 0xa4, 0xff, 0xa4, 0xa4, 0xa4, 0xff, 0xa4, 0xa4, 0xa4, 0xff, 0xa4, 0xa4, 0xa4, 0xff, 0xa4, 0xa4, 0xa4, 0xff, 0xa4, 0xa4, 0xa4, 0xff,
  0xa4, 0xa4, 0xa4, 0xff, 0xa4, 0xa4, 0xa4, 0xff, 0xa4, 0xa4, 0xa4, 0xff, 0xa4, 0xa4, 0xa4, 0xff, 0xa4, 0xa4, 0xa4, 0xff, 0xa4, 0xa4, 0xa4, 0xff, 0xa4, 0xa4, 0xa4, 0xff, 0xa4, 0xa4, 0xa4, 0xff,
  0xa4, 0xa4, 0xa4, 0xff, 0xa4, 0xa4, 0xa4, 0xff, 0x8f, 0x8f, 0x8f, 0xff, 0x2d, 0x2d, 0x2e, 0xff, 0x11, 0x11, 0x13, 0xff, 0x11, 0x11, 0x14, 0xff, 0x11, 0x11, 0x12, 0xff, 0x11, 0x11, 0x12, 0xff,
  0x11, 0x11, 0x12, 0xff, 0x11, 0x11, 0x12, 0xff, 0x11, 0x11, 0x12, 0xff, 0x11, 0x11, 0x12, 0xff, 0x12, 0x12, 0x14, 0xff, 0xaa, 0xaa, 0xac, 0x9f, 0x00, 0x00, 0x00, 0x00,
  0xcf, 0xcf, 0xcf, 0x60, 0x1a, 0x1a, 0x1a, 0xff, 0x18, 0x18, 0x18, 0xff, 0x1c, 0x1c, 0x1c, 0xff, 0x1c, 0x1c, 0x1c, 0xff, 0x1c, 0x1c, 0x1c, 0xff, 0x1c, 0x1c, 0x1c, 0xff, 0x1c, 0x1c, 0x1c, 0xff,
  0x1c, 0x1c, 0x1c, 0xff, 0x1c, 0x1c, 0x1c, 0xff, 0x0c, 0x0c, 0x0c, 0xff, 0x00, 0x00, 0x00, 0xff, 0x3d, 0x3d, 0x3d, 0xff, 0x8f, 0x8f, 0x8f, 0xff, 0xa4, 0xa4, 0xa4, 0xff, 0xa4, 0xa4, 0xa4, 0xff,
  0xa4, 0xa4, 0xa4, 0xff, 0xa4, 0xa4, 0xa4, 0xff, 0xa4, 0xa4, 0xa4, 0xff, 0xa4, 0xa4, 0xa4, 0xff, 0xa4, 0xa4, 0xa4, 0xff, 0xa4, 0xa4, 0xa4, 0xff, 0xa4, 0xa4, 0xa4, 0xff, 0xa4, 0xa4, 0xa4, 0xff,
  0xa4, 0xa4, 0xa4, 0xff, 0xa4, 0xa4, 0xa4, 0xff, 0xa4, 0xa4, 0xa4, 0xff, 0xa4, 0xa4, 0xa4, 0xff, 0xa4, 0xa4, 0xa4, 0xff, 0xa4, 0xa4, 0xa4, 0xff, 0xa4, 0xa4, 0xa4, 0xff, 0xa4, 0xa4, 0xa4, 0xff,
  0xa4, 0xa4, 0xa4, 0xff, 0xa4, 0xa4, 0xa4, 0xff, 0xa4, 0xa4, 0xa4, 0xff, 0xa4, 0xa4, 0xa4, 0xff, 0xa4, 0xa4, 0xa4, 0xff, 0xa4, 0xa4, 0xa4, 0xff, 0xa4, 0xa4, 0xa4, 0xff, 0xa4, 0xa4, 0xa4, 0xff,
  0xa4, 0xa4, 0xa4, 0xff, 0xa4, 0xa4, 0xa4, 0xff, 0xa4, 0xa4, 0xa4, 0xff, 0xa4, 0xa4, 0xa4, 0xff, 0xa4, 0xa4, 0xa4, 0xff, 0xa4, 0xa4, 0xa4, 0xff, 0xa4, 0xa4, 0xa4, 0xff, 0xa4, 0xa4, 0xa4, 0xff,
  0xa4, 0xa4, 0xa4, 0xff, 0xa4, 0xa4, 0xa4, 0xff, 0xa4, 0xa4, 0xa4, 0xff, 0xa4, 0xa4, 0xa4, 0xff, 0xa4, 0xa4, 0xa4, 0xff, 0xa4, 0xa4, 0xa4, 0xff, 0xa4, 0xa4, 0xa4, 0xff, 0xa4, 0xa4, 0xa4, 0xff,
  0xa4, 0xa4, 0xa4, 0xff, 0xa4, 0xa4, 0xa4, 0xff, 0xa4, 0xa4, 0xa4, 0xff, 0xa4, 0xa4, 0xa4, 0xff, 0xa4, 0xa4, 0xa4, 0xff, 0xa4, 0xa4, 0xa4, 0xff, 0xa4, 0xa4, 0xa4, 0xff, 0xa4, 0xa4, 0xa4, 0xff,
  0xa4, 0xa4, 0xa4, 0xff, 0xa4, 0xa4, 0xa4, 0xff, 0xa4, 0xa4, 0xa4, 0xff, 0xa4, 0xa4, 0xa4, 0xff, 0xa4, 0xa4, 0xa4, 0xff, 0xa4, 0xa4, 0xa4, 0xff, 0xa4, 0xa4, 0xa4, 0xff, 0xa4, 0xa4, 0xa4, 0xff,
  0xa4, 0xa4, 0xa4, 0xff, 0xa4, 0xa4, 0xa4, 0xff, 0xa4, 0xa4, 0xa4, 0xff, 0xa4, 0xa4, 0xa4, 0xff, 0xa4, 0xa4, 0xa4, 0xff, 0xa4, 0xa4, 0xa4, 0xff, 0xa4, 0xa4, 0xa4, 0xff, 0xa4, 0xa4, 0xa4, 0xff,
  0xa4, 0xa4, 0xa4, 0xff, 0xa4, 0xa4, 0xa4, 0xff, 0xa4, 0xa4, 0xa4, 0xff, 0xa4, 0xa4, 0xa4, 0xff, 0xa4, 0xa4, 0xa4, 0xff, 0xa4, 0xa4, 0xa4, 0xff, 0xa4, 0xa4, 0xa4, 0xff, 0xa4, 0xa4, 0xa4, 0xff,
  0xa4, 0xa4, 0xa4, 0xff, 0xa4, 0xa4, 0xa4, 0xff, 0xa4, 0xa4, 0xa4, 0xff, 0xa4, 0xa4, 0xa4, 0xff, 0xa4, 0xa4, 0xa4, 0xff, 0xa4, 0xa4, 0xa4, 0xff, 0xa4, 0xa4, 0xa4, 0xff, 0xa4, 0xa4, 0xa4, 0xff,
  0xa4, 0xa4, 0xa4, 0xff, 0xa4, 0xa4, 0xa4, 0xff, 0xa4, 0xa4, 0xa4, 0xff, 0xa4, 0xa4, 0xa4, 0xff, 0xa4, 0xa4, 0xa4, 0xff, 0xa4, 0xa4, 0xa4, 0xff, 0xa4, 0xa4, 0xa4, 0xff, 0xa4, 0xa4, 0xa4, 0xff,
  0xa4, 0xa4, 0xa4, 0xff, 0xa4, 0xa4, 0xa4, 0xff, 0xa4, 0xa4, 0xa4, 0xff, 0xa4, 0xa4, 0xa4, 0xff, 0xa4, 0xa4, 0xa4, 0xff, 0xa4, 0xa4, 0xa4, 0xff, 0xa4, 0xa4, 0xa4, 0xff, 0xa4, 0xa4, 0xa4, 0xff,
  0xa4, 0xa4, 0xa4, 0xff, 0xa4, 0xa4, 0xa4, 0xff, 0xa4, 0xa4, 0xa4, 0xff, 0xa4, 0xa4, 0xa4, 0xff, 0xa4, 0xa4, 0xa4, 0xff, 0xa4, 0xa4, 0xa4, 0xff, 0xa4, 0xa4, 0xa4, 0xff, 0xa4, 0xa4, 0xa4, 0xff,
  0xa4, 0xa4, 0xa4, 0xff, 0xa4, 0xa4, 0xa4, 0xff, 0xa4, 0xa4, 0xa4, 0xff, 0xa4, 0xa4, 0xa4, 0xff, 0xa4, 0xa4, 0xa4, 0xff, 0xa4, 0xa4, 0xa4, 0xff, 0xa4, 0xa4, 0xa4, 0xff, 0xa4, 0xa4, 0xa4, 0xff,
  0xa4, 0xa4, 0xa4, 0xff, 0xa4, 0xa4, 0xa4, 0xff, 0xa4, 0xa4, 0xa4, 0xff, 0xa4, 0xa4, 0xa4, 0xff, 0xa4, 0xa4, 0xa4, 0xff, 0xa4, 0xa4, 0xa4, 0xff, 0xa4, 0xa4, 0xa4, 0xff, 0xa4, 0xa4, 0xa4, 0xff,
  0xa4, 0xa4, 0xa4, 0xff, 0xa4, 0xa4, 0xa4, 0xff, 0xa4, 0xa4, 0xa4, 0xff, 0xa4, 0xa4, 0xa4, 0xff, 0xa4, 0xa4, 0xa4, 0xff, 0xa4, 0xa4, 0xa4, 0xff, 0xa4, 0xa4, 0xa4, 0xff, 0xa4, 0xa4, 0xa4, 0xff,
  0xa4, 0xa4, 0xa4, 0xff, 0xa4, 0xa4, 0xa4, 0xff, 0xa4, 0xa4, 0xa4, 0xff, 0xa4, 0xa4, 0xa4, 0xff, 0xa4, 0xa4, 0xa4, 0xff, 0xa4, 0xa4, 0xa4, 0xff, 0xa4, 0xa4, 0xa4, 0xff, 0xa4, 0xa4, 0xa4, 0xff,
  0xa4, 0xa4, 0xa4, 0xff, 0xa4, 0xa4, 0xa4, 0xff, 0xa4, 0xa4, 0xa4, 0xff, 0xa4, 0xa4, 0xa4, 0xff, 0xa4, 0xa4, 0xa4, 0xff, 0xa4, 0xa4, 0xa4, 0xff, 0xa4, 0xa4, 0xa4, 0xff, 0xa4, 0xa4, 0xa4, 0xff,
  0xa4, 0xa4, 0xa4, 0xff, 0xa4, 0xa4, 0xa4, 0xff, 0xa4, 0xa4, 0xa4, 0xff, 0xa4, 0xa4, 0xa4, 0xff, 0xa4, 0xa4, 0xa4, 0xff, 0xa4, 0xa4, 0xa4, 0xff, 0xa4, 0xa4, 0xa4, 0xff, 0xa4, 0xa4, 0xa4, 0xff,
  0xa4, 0xa4, 0xa4, 0xff, 0xa4, 0xa4, 0xa4, 0xff, 0xa4, 0xa4, 0xa4, 0xff, 0xa4, 0xa4, 0xa4, 0xff, 0xa4, 0xa4, 0xa4, 0xff, 0xa4, 0xa4, 0xa4, 0xff, 0xa4, 0xa4, 0xa4, 0xff, 0xa4, 0xa4, 0xa4, 0xff,
  0xa4, 0xa4, 0xa4, 0xff, 0xa4, 0xa4, 0xa4, 0xff, 0xa4, 0xa4, 0xa4, 0xff, 0xa4, 0xa4, 0xa4, 0xff, 0xa4, 0xa4, 0xa4, 0xff, 0xa4, 0xa4, 0xa4, 0xff, 0xa4, 0xa4, 0xa4, 0xff, 0xa4, 0xa4, 0xa4, 0xff,
  0xa4, 0xa4, 0xa4, 0xff, 0x7b, 0x7b, 0x7b, 0xff, 0x14, 0x14, 0x16, 0xff, 0x12, 0x12, 0x14, 0xff, 0x11, 0x11, 0x13, 0xff, 0x11, 0x11, 0x12, 0xff, 0x11, 0x11, 0x12, 0xff, 0x11, 0x11, 0x12, 0xff,
  0x11, 0x11, 0x12, 0xff, 0x11, 0x11, 0x12, 0xff, 0x11, 0x11, 0x12, 0xff, 0x11, 0x11, 0x12, 0xff, 0x12, 0x12, 0x14, 0xff, 0xaa, 0xaa, 0xac, 0x9f, 0x00, 0x00, 0x00, 0x00,
  0xcf, 0xcf, 0xcf, 0x60, 0x1a, 0x1a, 0x1a, 0xff, 0x18, 0x18, 0x18, 0xff, 0x1c, 0x1c, 0x1c, 0xff, 0x1c, 0x1c, 0x1c, 0xff, 0x1c, 0x1c, 0x1c, 0xff, 0x1c, 0x1c, 0x1c, 0xff, 0x1c, 0x1c, 0x1c, 0xff,
  0x1c, 0x1c, 0x1c, 0xff, 0x1c, 0x1c, 0x1c, 0xff, 0x1c, 0x1c, 0x1c, 0xff, 0x11, 0x11, 0x11, 0xff, 0x03, 0x03, 0x03, 0xff, 0x14, 0x14, 0x14, 0xff, 0x7b, 0x7b, 0x7b, 0xff, 0xa4, 0xa4, 0xa4, 0xff,
  0xa4, 0xa4, 0xa4, 0xff, 0xa4, 0xa4, 0xa4, 0xff, 0xa4, 0xa4, 0xa4, 0xff, 0xa4, 0xa4, 0xa4, 0xff, 0xa4, 0xa4, 0xa4, 0xff, 0xa4, 0xa4, 0xa4, 0xff, 0xa4, 0xa4, 0xa4, 0xff, 0xa4, 0xa4, 0xa4, 0xff,
  0xa4, 0xa4, 0xa4, 0xff, 0xa4, 0xa4, 0xa4, 0xff, 0xa4, 0xa4, 0xa4, 0xff, 0xa4, 0xa4, 0xa4, 0xff, 0xa4, 0xa4, 0xa4, 0xff, 0xa4, 0xa4, 0xa4, 0xff, 0xa4, 0xa4, 0xa4, 0xff, 0xa4, 0xa4, 0xa4, 0xff,
  0xa4, 0xa4, 0xa4, 0xff, 0xa4, 0xa4, 0xa4, 0xff, 0xa4, 0xa4, 0xa4, 0xff, 0xa4, 0xa4, 0xa4, 0xff, 0xa4, 0xa4, 0xa4, 0xff, 0xa4, 0xa4, 0xa4, 0xff, 0xa4, 0xa4, 0xa4, 0xff, 0xa4, 0xa4, 0xa4, 0xff,
  0xa4, 0xa4, 0xa4, 0xff, 0xa4, 0xa4, 0xa4, 0xff, 0xa4, 0xa4, 0xa4, 0xff, 0xa4, 0xa4, 0xa4, 0xff, 0xa4, 0xa4, 0xa4, 0xff, 0xa4, 0xa4, 0xa4, 0xff, 0xa4, 0xa4, 0xa4, 0xff, 0xa4, 0xa4, 0xa4, 0xff,
  0xa4, 0xa4, 0xa4, 0xff, 0xa4, 0xa4, 0xa4, 0xff, 0xa4, 0xa4, 0xa4, 0xff, 0xa4, 0xa4, 0xa4, 0xff, 0xa4, 0xa4, 0xa4, 0xff, 0xa4, 0xa4, 0xa4, 0xff, 0xa4, 0xa4, 0xa4, 0xff, 0xa4, 0xa4, 0xa4, 0xff,
  0xa4, 0xa4, 0xa4, 0xff, 0xa4, 0xa4, 0xa4, 0xff, 0xa4, 0xa4, 0xa4, 0xff, 0xa4, 0xa4, 0xa4, 0xff, 0xa4, 0xa4, 0xa4, 0xff, 0xa4, 0xa4, 0xa4, 0xff, 0xa4, 0xa4, 0xa4, 0xff, 0xa4, 0xa4, 0xa4, 0xff,
  0xa4, 0xa4, 0xa4, 0xff, 0xa4, 0xa4, 0xa4, 0xff, 0xa4, 0xa4, 0xa4, 0xff, 0xa4, 0xa4, 0xa4, 0xff, 0xa4, 0xa4, 0xa4, 0xff, 0xa4, 0xa4, 0xa4, 0xff, 0xa4, 0xa4, 0xa4, 0xff, 0xa4, 0xa4, 0xa4, 0xff,
  0xa4, 0xa4, 0xa4, 0xff, 0xa4, 0xa4, 0xa4, 0xff, 0xa4, 0xa4, 0xa4, 0xff, 0xa4, 0xa4, 0xa4, 0xff, 0xa4, 0xa4, 0xa4, 0xff, 0xa4, 0xa4, 0xa4, 0xff, 0xa4, 0xa4, 0xa4, 0xff, 0xa4, 0xa4, 0xa4, 0xff,
  0xa4, 0xa4, 0xa4, 0xff, 0xa4, 0xa4, 0xa4, 0xff, 0xa4, 0xa4, 0xa4, 0xff, 0xa4, 0xa4, 0xa4, 0xff, 0xa4, 0xa4, 0xa4, 0xff, 0xa4, 0xa4, 0xa4, 0xff, 0xa4, 0xa4, 0xa4, 0xff, 0xa4, 0xa4, 0xa4, 0xff,
  0xa4, 0xa4, 0xa4, 0xff, 0xa4, 0xa4, 0xa4, 0xff, 0xa4, 0xa4, 0xa4, 0xff, 0xa4, 0xa4, 0xa4, 0xff, 0xa4, 0xa4, 0xa4, 0xff, 0xa4, 0xa4, 0xa4, 0xff, 0xa4, 0xa4, 0xa4, 0xff, 0xa4, 0xa4, 0xa4, 0xff,
  0xa4, 0xa4, 0xa4, 0xff, 0xa4, 0xa4, 0xa4, 0xff, 0xa4, 0xa4, 0xa4, 0xff, 0xa4, 0xa4, 0xa4, 0xff, 0xa4, 0xa4, 0xa4, 0xff, 0xa4, 0xa4, 0xa4, 0xff, 0xa4, 0xa4, 0xa4, 0xff, 0xa4, 0xa4, 0xa4, 0xff,
  0xa4, 0xa4, 0xa4, 0xff, 0xa4, 0xa4, 0xa4, 0xff, 0xa4, 0xa4, 0xa4, 0xff, 0xa4, 0xa4, 0xa4, 0xff, 0xa4, 0xa4, 0xa4, 0xff, 0xa4, 0xa4, 0xa4, 0xff, 0xa4, 0xa4, 0xa4, 0xff, 0xa4, 0xa4, 0xa4, 0xff,
  0xa4, 0xa4, 0xa4, 0xff, 0xa4, 0xa4, 0xa4, 0xff, 0xa4, 0xa4, 0xa4, 0xff, 0xa4, 0xa4, 0xa4, 0xff, 0xa4, 0xa4, 0xa4, 0xff, 0xa4, 0xa4, 0xa4, 0xff, 0xa4, 0xa4, 0xa4, 0xff, 0xa4, 0xa4, 0xa4, 0xff,
  0xa4, 0xa4, 0xa4, 0xff, 0xa4, 0xa4, 0xa4, 0xff, 0xa4, 0xa4, 0xa4, 0xff, 0xa4, 0xa4, 0xa4, 0xff, 0xa4, 0xa4, 0xa4, 0xff, 0xa4, 0xa4, 0xa4, 0xff, 0xa4, 0xa4, 0xa4, 0xff, 0xa4, 0xa4, 0xa4, 0xff,
  0xa4, 0xa4, 0xa4, 0xff, 0xa4, 0xa4, 0xa4, 0xff, 0xa4, 0xa4, 0xa4, 0xff, 0xa4, 0xa4, 0xa4, 0xff, 0xa4, 0xa4, 0xa4, 0xff, 0xa4, 0xa4, 0xa4, 0xff, 0xa4, 0xa4, 0xa4, 0xff, 0xa4, 0xa4, 0xa4, 0xff,
  0xa4, 0xa4, 0xa4, 0xff, 0xa4, 0xa4, 0xa4, 0xff, 0xa4, 0xa4, 0xa4, 0xff, 0xa4, 0xa4, 0xa4, 0xff, 0xa4, 0xa4, 0xa4, 0xff, 0xa4, 0xa4, 0xa4, 0xff, 0xa4, 0xa4, 0xa4, 0xff, 0xa4, 0xa4, 0xa4, 0xff,
  0xa4, 0xa4, 0xa4, 0xff, 0xa4, 0xa4, 0xa4, 0xff, 0xa4, 0xa4, 0xa4, 0xff, 0xa4, 0xa4, 0xa4, 0xff, 0xa4, 0xa4, 0xa4, 0xff, 0xa4, 0xa4, 0xa4, 0xff, 0xa4, 0xa4, 0xa4, 0xff, 0xa4, 0xa4, 0xa4, 0xff,
  0xa4, 0xa4, 0xa4, 0xff, 0xa4, 0xa4, 0xa4, 0xff, 0xa4, 0xa4, 0xa4, 0xff, 0xa4, 0xa4, 0xa4, 0xff, 0xa4, 0xa4, 0xa4, 0xff, 0xa4, 0xa4, 0xa4, 0xff, 0xa4, 0xa4, 0xa4, 0xff, 0xa4, 0xa4, 0xa4, 0xff,
  0xa4, 0xa4, 0xa4, 0xff, 0xa4, 0xa4, 0xa4, 0xff, 0xa4, 0xa4, 0xa4, 0xff, 0xa4, 0xa4, 0xa4, 0xff, 0xa4, 0xa4, 0xa4, 0xff, 0xa4, 0xa4, 0xa4, 0xff, 0xa4, 0xa4, 0xa4, 0xff, 0xa4, 0xa4, 0xa4, 0xff,
  0xa4, 0xa4, 0xa4, 0xff, 0xa4, 0xa4, 0xa4, 0xff, 0xa4, 0xa4, 0xa4, 0xff, 0xa4, 0xa4, 0xa4, 0xff, 0xa4, 0xa4, 0xa4, 0xff, 0xa4, 0xa4, 0xa4, 0xff, 0xa4, 0xa4, 0xa4, 0xff, 0xa4, 0xa4, 0xa4, 0xff,
  0xa4, 0xa4, 0xa4, 0xff, 0xa4, 0xa4, 0xa4, 0xff, 0xa4, 0xa4, 0xa4, 0xff, 0xa4, 0xa4, 0xa4, 0xff, 0xa4, 0xa4, 0xa4, 0xff, 0xa4, 0xa4, 0xa4, 0xff, 0xa4, 0xa4, 0xa4, 0xff, 0xa4, 0xa4, 0xa4, 0xff,
  0x4a, 0x4a, 0x4a, 0xff, 0x0d, 0x0d, 0x10, 0xff, 0x11, 0x11, 0x14, 0xff, 0x11, 0x11, 0x12, 0xff, 0x11, 0x11, 0x12, 0xff, 0x11, 0x11, 0x12, 0xff, 0x11, 0x11, 0x12, 0xff, 0x11, 0x11, 0x12, 0xff,
  0x11, 0x11, 0x12, 0xff, 0x11, 0x11, 0x12, 0xff, 0x11, 0x11, 0x12, 0xff, 0x11, 0x11, 0x12, 0xff, 0x12, 0x12, 0x14, 0xff, 0xaa, 0xaa, 0xac, 0x9f, 0x00, 0x00, 0x00, 0x00,
  0xcf, 0xcf, 0xcf, 0x60, 0x1a, 0x1a, 0x1a, 0xff, 0x18, 0x18, 0x18, 0xff, 0x1c, 0x1c, 0x1c, 0xff, 0x1c, 0x1c, 0x1c, 0xff, 0x1c, 0x1c, 0x1c, 0xff, 0x1c, 0x1c, 0x1c, 0xff, 0x1c, 0x1c, 0x1c, 0xff,
  0x1c, 0x1c, 0x1c, 0xff, 0x1c, 0x1c, 0x1c, 0xff, 0x1c, 0x1c, 0x1c, 0xff, 0x1c, 0x1c, 0x1c, 0xff, 0x19, 0x19, 0x19, 0xff, 0x07, 0x07, 0x07, 0xff, 0x00, 0x00, 0x00, 0xff, 0x52, 0x52, 0x52, 0xff,
  0xa4, 0xa4, 0xa4, 0xff, 0xa4, 0xa4, 0xa4, 0xff, 0xa4, 0xa4, 0xa4, 0xff, 0xa4, 0xa4, 0xa4, 0xff, 0xa4, 0xa4, 0xa4, 0xff, 0xa4, 0xa4, 0xa4, 0xff, 0xa4, 0xa4, 0xa4, 0xff, 0xa4, 0xa4, 0xa4, 0xff,
  0xa4, 0xa4, 0xa4, 0xff, 0xa4, 0xa4, 0xa4, 0xff, 0xa4, 0xa4, 0xa4, 0xff, 0xa4, 0xa4, 0xa4, 0xff, 0xa4, 0xa4, 0xa4, 0xff, 0xa4, 0xa4, 0xa4, 0xff, 0xa4, 0xa4, 0xa4, 0xff, 0xa4, 0xa4, 0xa4, 0xff,
  0xa4, 0xa4, 0xa4, 0xff, 0xa4, 0xa4, 0xa4, 0xff, 0xa4, 0xa4, 0xa4, 0xff, 0xa4, 0xa4, 0xa4, 0xff, 0xa4, 0xa4, 0xa4, 0xff, 0xa4, 0xa4, 0xa4, 0xff, 0xa4, 0xa4, 0xa4, 0xff, 0xa4, 0xa4, 0xa4, 0xff,
  0xa4, 0xa4, 0xa4, 0xff, 0xa4, 0xa4, 0xa4, 0xff, 0xa4, 0xa4, 0xa4, 0xff, 0xa4, 0xa4, 0xa4, 0xff, 0xa4, 0xa4, 0xa4, 0xff, 0xa4, 0xa4, 0xa4, 0xff, 0xa4, 0xa4, 0xa4, 0xff, 0xa4, 0xa4, 0xa4, 0xff,
  0xa4, 0xa4, 0xa4, 0xff, 0xa4, 0xa4, 0xa4, 0xff, 0xa4, 0xa4, 0xa4, 0xff, 0xa4, 0xa4, 0xa4, 0xff, 0xa4, 0xa4, 0xa4, 0xff, 0xa4, 0xa4, 0xa4, 0xff, 0xa4, 0xa4, 0xa4, 0xff, 0xa4, 0xa4, 0xa4, 0xff,
  0xa4, 0xa4, 0xa4, 0xff, 0xa4, 0xa4, 0xa4, 0xff, 0xa4, 0xa4, 0xa4, 0xff, 0xa4, 0xa4, 0xa4, 0xff, 0xa4, 0xa4, 0xa4, 0xff, 0xa4, 0xa4, 0xa4, 0xff, 0xa4, 0xa4, 0xa4, 0xff, 0xa4, 0xa4, 0xa4, 0xff,
  0xa4, 0xa4, 0xa4, 0xff, 0xa4, 0xa4, 0xa4, 0xff, 0xa4, 0xa4, 0xa4, 0xff, 0xa4, 0xa4, 0xa4, 0xff, 0xa4, 0xa4, 0xa4, 0xff, 0xa4, 0xa4, 0xa4, 0xff, 0xa4, 0xa4, 0xa4, 0xff, 0xa4, 0xa4, 0xa4, 0xff,
  0xa4, 0xa4, 0xa4, 0xff, 0xa4, 0xa4, 0xa4, 0xff, 0xa4, 0xa4, 0xa4, 0xff, 0xa4, 0xa4, 0xa4, 0xff, 0xa4, 0xa4, 0xa4, 0xff, 0xa4, 0xa4, 0xa4, 0xff, 0xa4, 0xa4, 0xa4, 0xff, 0xa4, 0xa4, 0xa4, 0xff,
  0xa4, 0xa4, 0xa4, 0xff, 0xa4, 0xa4, 0xa4, 0xff, 0xa4, 0xa4, 0xa4, 0xff, 0xa4, 0xa4, 0xa4, 0xff, 0xa4, 0xa4, 0xa4, 0xff, 0xa4, 0xa4, 0xa4, 0xff, 0xa4, 0xa4, 0xa4, 0xff, 0xa4, 0xa4, 0xa4, 0xff,
  0xa4, 0xa4, 0xa4, 0xff, 0xa4, 0xa4, 0xa4, 0xff, 0xa4, 0xa4, 0xa4, 0xff, 0xa4, 0xa4, 0xa4, 0xff, 0xa4, 0xa4, 0xa4, 0xff, 0xa4, 0xa4, 0xa4, 0xff, 0xa4, 0xa4, 0xa4, 0xff, 0xa4, 0xa4, 0xa4, 0xff,
  0xa4, 0xa4, 0xa4, 0xff, 0xa4, 0xa4, 0xa4, 0xff, 0xa4, 0xa4, 0xa4, 0xff, 0xa4, 0xa4, 0xa4, 0xff, 0xa4, 0xa4, 0xa4, 0xff, 0xa4, 0xa4, 0xa4, 0xff, 0xa4, 0xa4, 0xa4, 0xff, 0xa4, 0xa4, 0xa4, 0xff,
  0xa4, 0xa4, 0xa4, 0xff, 0xa4, 0xa4, 0xa4, 0xff, 0xa4, 0xa4, 0xa4, 0xff, 0xa4, 0xa4, 0xa4, 0xff, 0xa4, 0xa4, 0xa4, 0xff, 0xa4, 0xa4, 0xa4, 0xff, 0xa4, 0xa4, 0xa4, 0xff, 0xa4, 0xa4, 0xa4, 0xff,
  0xa4, 0xa4, 0xa4, 0xff, 0xa4, 0xa4, 0xa4, 0xff, 0xa4, 0xa4, 0xa4, 0xff, 0xa4, 0xa4, 0xa4, 0xff, 0xa4, 0xa4, 0xa4, 0xff, 0xa4, 0xa4, 0xa4, 0xff, 0xa4, 0xa4, 0xa4, 0xff, 0xa4, 0xa4, 0xa4, 0xff,
  0xa4, 0xa4, 0xa4, 0xff, 0xa4, 0xa4, 0xa4, 0xff, 0xa4, 0xa4, 0xa4, 0xff, 0xa4, 0xa4, 0xa4, 0xff, 0xa4, 0xa4, 0xa4, 0xff, 0xa4, 0xa4, 0xa4, 0xff, 0xa4, 0xa4, 0xa4, 0xff, 0xa4, 0xa4, 0xa4, 0xff,
  0xa4, 0xa4, 0xa4, 0xff, 0xa4, 0xa4, 0xa4, 0xff, 0xa4, 0xa4, 0xa4, 0xff, 0xa4, 0xa4, 0xa4, 0xff, 0xa4, 0xa4, 0xa4, 0xff, 0xa4, 0xa4, 0xa4, 0xff, 0xa4, 0xa4, 0xa4, 0xff, 0xa4, 0xa4, 0xa4, 0xff,
  0xa4, 0xa4, 0xa4, 0xff, 0xa4, 0xa4, 0xa4, 0xff, 0xa4, 0xa4, 0xa4, 0xff, 0xa4, 0xa4, 0xa4, 0xff, 0xa4, 0xa4, 0xa4, 0xff, 0xa4, 0xa4, 0xa4, 0xff, 0xa4, 0xa4, 0xa4, 0xff, 0xa4, 0xa4, 0xa4, 0xff,
  0xa4, 0xa4, 0xa4, 0xff, 0xa4, 0xa4, 0xa4, 0xff, 0xa4, 0xa4, 0xa4, 0xff, 0xa4, 0xa4, 0xa4, 0xff, 0xa4, 0xa4, 0xa4, 0xff, 0xa4, 0xa4, 0xa4, 0xff, 0xa4, 0xa4, 0xa4, 0xff, 0xa4, 0xa4, 0xa4, 0xff,
  0xa4, 0xa4, 0xa4, 0xff, 0xa4, 0xa4, 0xa4, 0xff, 0xa4, 0xa4, 0xa4, 0xff, 0xa4, 0xa4, 0xa4, 0xff, 0xa4, 0xa4, 0xa4, 0xff, 0xa4, 0xa4, 0xa4, 0xff, 0xa4, 0xa4, 0xa4, 0xff, 0xa4, 0xa4, 0xa4, 0xff,
  0xa4, 0xa4, 0xa4, 0xff, 0xa4, 0xa4, 0xa4, 0xff, 0xa4, 0xa4, 0xa4, 0xff, 0xa4, 0xa4, 0xa4, 0xff, 0xa4, 0xa4, 0xa4, 0xff, 0xa4, 0xa4, 0xa4, 0xff, 0xa4, 0xa4, 0xa4, 0xff, 0xa4, 0xa4, 0xa4, 0xff,
  0xa4, 0xa4, 0xa4, 0xff, 0xa4, 0xa4, 0xa4, 0xff, 0xa4, 0xa4, 0xa4, 0xff, 0xa4, 0xa4, 0xa4, 0xff, 0xa4, 0xa4, 0xa4, 0xff, 0xa4, 0xa4, 0xa4, 0xff, 0xa4, 0xa4, 0xa4, 0xff, 0xa4, 0xa4, 0xa4, 0xff,
  0xa4, 0xa4, 0xa4, 0xff, 0xa4, 0xa4, 0xa4, 0xff, 0xa4, 0xa4, 0xa4, 0xff, 0xa4, 0xa4, 0xa4, 0xff, 0xa4, 0xa4, 0xa4, 0xff, 0xa4, 0xa4, 0xa4, 0xff, 0x8f, 0x8f, 0x8f, 0xff, 0x2d, 0x2d, 0x2e, 0xff,
  0x11, 0x11, 0x13, 0xff, 0x11, 0x11, 0x14, 0xff, 0x11, 0x11, 0x12, 0xff, 0x11, 0x11, 0x12, 0xff, 0x11, 0x11, 0x12, 0xff, 0x11, 0x11, 0x12, 0xff, 0x11, 0x11, 0x12, 0xff, 0x11, 0x11, 0x12, 0xff,
  0x11, 0x11, 0x12, 0xff, 0x11, 0x11, 0x12, 0xff, 0x11, 0x11, 0x12, 0xff, 0x11, 0x11, 0x12, 0xff, 0x12, 0x12, 0x14, 0xff, 0xaa, 0xaa, 0xac, 0x9f, 0x00, 0x00, 0x00, 0x00,
  0xcf, 0xcf, 0xcf, 0x60, 0x1a, 0x1a, 0x1a, 0xff, 0x18, 0x18, 0x18, 0xff, 0x1c, 0x1c, 0x1c, 0xff, 0x1c, 0x1c, 0x1c, 0xff, 0x1c, 0x1c, 0x1c, 0xff, 0x1c, 0x1c, 0x1c, 0xff, 0x1c, 0x1c, 0x1c, 0xff,
  0x1c, 0x1c, 0x1c, 0xff, 0x1c, 0x1c, 0x1c, 0xff, 0x1c, 0x1c, 0x1c, 0xff, 0x1c, 0x1c, 0x1c, 0xff, 0x1c, 0x1c, 0x1c, 0xff, 0x1c, 0x1c, 0x1c, 0xff, 0x0e, 0x0e, 0x0e, 0xff, 0x00, 0x00, 0x00, 0xff,
  0x14, 0x14, 0x14, 0xff, 0x8f, 0x8f, 0x8f, 0xff, 0xa4, 0xa4, 0xa4, 0xff, 0xa4, 0xa4, 0xa4, 0xff, 0xa4, 0xa4, 0xa4, 0xff, 0xa4, 0xa4, 0xa4, 0xff, 0xa4, 0xa4, 0xa4, 0xff, 0xa4, 0xa4, 0xa4, 0xff,
  0xa4, 0xa4, 0xa4, 0xff, 0xa4, 0xa4, 0xa4, 0xff, 0xa4, 0xa4, 0xa4, 0xff, 0xa4, 0xa4, 0xa4, 0xff, 0xa4, 0xa4, 0xa4, 0xff, 0xa4, 0xa4, 0xa4, 0xff, 0xa4, 0xa4, 0xa4, 0xff, 0xa4, 0xa4, 0xa4, 0xff,
  0xa4, 0xa4, 0xa4, 0xff, 0xa4, 0xa4, 0xa4, 0xff, 0xa4, 0xa4, 0xa4, 0xff, 0xa4, 0xa4, 0xa4, 0xff, 0xa4, 0xa4, 0xa4, 0xff, 0xa4, 0xa4, 0xa4, 0xff, 0xa4, 0xa4, 0xa4, 0xff, 0xa4, 0xa4, 0xa4, 0xff,
  0xa4, 0xa4, 0xa4, 0xff, 0xa4, 0xa4, 0xa4, 0xff, 0xa4, 0xa4, 0xa4, 0xff, 0xa4, 0xa4, 0xa4, 0xff, 0xa4, 0xa4, 0xa4, 0xff, 0xa4, 0xa4, 0xa4, 0xff, 0xa4, 0xa4, 0xa4, 0xff, 0xa4, 0xa4, 0xa4, 0xff,
  0xa4, 0xa4, 0xa4, 0xff, 0xa4, 0xa4, 0xa4, 0xff, 0xa4, 0xa4, 0xa4, 0xff, 0xa4, 0xa4, 0xa4, 0xff, 0xa4, 0xa4, 0xa4, 0xff, 0xa4, 0xa4, 0xa4, 0xff, 0xa4, 0xa4, 0xa4, 0xff, 0xa4, 0xa4, 0xa4, 0xff,
  0xa4, 0xa4, 0xa4, 0xff, 0xa4, 0xa4, 0xa4, 0xff, 0xa4, 0xa4, 0xa4, 0xff, 0xa4, 0xa4, 0xa4, 0xff, 0xa4, 0xa4, 0xa4, 0xff, 0xa4, 0xa4, 0xa4, 0xff, 0xa4, 0xa4, 0xa4, 0xff, 0xa4, 0xa4, 0xa4, 0xff,
  0xa4, 0xa4, 0xa4, 0xff, 0xa4, 0xa4, 0xa4, 0xff, 0xa4, 0xa4, 0xa4, 0xff, 0xa4, 0xa4, 0xa4, 0xff, 0xa4, 0xa4, 0xa4, 0xff, 0xa4, 0xa4, 0xa4, 0xff, 0xa4, 0xa4, 0xa4, 0xff, 0xa4, 0xa4, 0xa4, 0xff,
  0xa4, 0xa4, 0xa4, 0xff, 0xa4, 0xa4, 0xa4, 0xff, 0xa4, 0xa4, 0xa4, 0xff, 0xa4, 0xa4, 0xa4, 0xff, 0xa4, 0xa4, 0xa4, 0xff, 0xa4, 0xa4, 0xa4, 0xff, 0xa4, 0xa4, 0xa4, 0xff, 0xa4, 0xa4, 0xa4, 0xff,
  0xa4, 0xa4, 0xa4, 0xff, 0xa4, 0xa4, 0xa4, 0xff, 0xa4, 0xa4, 0xa4, 0xff, 0xa4, 0xa4, 0xa4, 0xff, 0xa4, 0xa4, 0xa4, 0xff, 0xa4, 0xa4, 0xa4, 0xff, 0xa4, 0xa4, 0xa4, 0xff, 0xa4, 0xa4, 0xa4, 0xff,
  0xa4, 0xa4, 0xa4, 0xff, 0xa4, 0xa4, 0xa4, 0xff, 0xa4, 0xa4, 0xa4, 0xff, 0xa4, 0xa4, 0xa4, 0xff, 0xa4, 0xa4, 0xa4, 0xff, 0xa4, 0xa4, 0xa4, 0xff, 0xa4, 0xa4, 0xa4, 0xff, 0xa4, 0xa4, 0xa4, 0xff,
  0xa4, 0xa4, 0xa4, 0xff, 0xa4, 0xa4, 0xa4, 0xff, 0xa4, 0xa4, 0xa4, 0xff, 0xa4, 0xa4, 0xa4, 0xff, 0xa4, 0xa4, 0xa4, 0xff, 0xa4, 0xa4, 0xa4, 0xff, 0xa4, 0xa4, 0xa4, 0xff, 0xa4, 0xa4, 0xa4, 0xff,
  0xa4, 0xa4, 0xa4, 0xff, 0xa4, 0xa4, 0xa4, 0xff, 0xa4, 0xa4, 0xa4, 0xff, 0xa4, 0xa4, 0xa4, 0xff, 0xa4, 0xa4, 0xa4, 0xff, 0xa4, 0xa4, 0xa4, 0xff, 0xa4, 0xa4, 0xa4, 0xff, 0xa4, 0xa4, 0xa4, 0xff,
  0xa4, 0xa4, 0xa4, 0xff, 0xa4, 0xa4, 0xa4, 0xff, 0xa4, 0xa4, 0xa4, 0xff, 0xa4, 0xa4, 0xa4, 0xff, 0xa4, 0xa4, 0xa4, 0xff, 0xa4, 0xa4, 0xa4, 0xff, 0xa4, 0xa4, 0xa4, 0xff, 0xa4, 0xa4, 0xa4, 0xff,
  0xa4, 0xa4, 0xa4, 0xff, 0xa4, 0xa4, 0xa4, 0xff, 0xa4, 0xa4, 0xa4, 0xff, 0xa4, 0xa4, 0xa4, 0xff, 0xa4, 0xa4, 0xa4, 0xff, 0xa4, 0xa4, 0xa4, 0xff, 0xa4, 0xa4, 0xa4, 0xff, 0xa4, 0xa4, 0xa4, 0xff,
  0xa4, 0xa4, 0xa4, 0xff, 0xa4, 0xa4, 0xa4, 0xff, 0xa4, 0xa4, 0xa4, 0xff, 0xa4, 0xa4, 0xa4, 0xff, 0xa4, 0xa4, 0xa4, 0xff, 0xa4, 0xa4, 0xa4, 0xff, 0xa4, 0xa4, 0xa4, 0xff, 0xa4, 0xa4, 0xa4, 0xff,
  0xa4, 0xa4, 0xa4, 0xff, 0xa4, 0xa4, 0xa4, 0xff, 0xa4, 0xa4, 0xa4, 0xff, 0xa4, 0xa4, 0xa4, 0xff, 0xa4, 0xa4, 0xa4, 0xff, 0xa4, 0xa4, 0xa4, 0xff, 0xa4, 0xa4, 0xa4, 0xff, 0xa4, 0xa4, 0xa4, 0xff,
  0xa4, 0xa4, 0xa4, 0xff, 0xa4, 0xa4, 0xa4, 0xff, 0xa4, 0xa4, 0xa4, 0xff, 0xa4, 0xa4, 0xa4, 0xff, 0xa4, 0xa4, 0xa4, 0xff, 0xa4, 0xa4, 0xa4, 0xff, 0xa4, 0xa4, 0xa4, 0xff, 0xa4, 0xa4, 0xa4, 0xff,
  0xa4, 0xa4, 0xa4, 0xff, 0xa4, 0xa4, 0xa4, 0xff, 0xa4, 0xa4, 0xa4, 0xff, 0xa4, 0xa4, 0xa4, 0xff, 0xa4, 0xa4, 0xa4, 0xff, 0xa4, 0xa4, 0xa4, 0xff, 0xa4, 0xa4, 0xa4, 0xff, 0xa4, 0xa4, 0xa4, 0xff,
  0xa4, 0xa4, 0xa4, 0xff, 0xa4, 0xa4, 0xa4, 0xff, 0xa4, 0xa4, 0xa4, 0xff, 0xa4, 0xa4, 0xa4, 0xff, 0xa4, 0xa4, 0xa4, 0xff, 0xa4, 0xa4, 0xa4, 0xff, 0xa4, 0xa4, 0xa4, 0xff, 0xa4, 0xa4, 0xa4, 0xff,
  0xa4, 0xa4, 0xa4, 0xff, 0xa4, 0xa4, 0xa4, 0xff, 0xa4, 0xa4, 0xa4, 0xff, 0xa4, 0xa4, 0xa4, 0xff, 0xa4, 0xa4, 0xa4, 0xff, 0xa4, 0xa4, 0xa4, 0xff, 0xa4, 0xa4, 0xa4, 0xff, 0xa4, 0xa4, 0xa4, 0xff,
  0xa4, 0xa4, 0xa4, 0xff, 0xa4, 0xa4, 0xa4, 0xff, 0xa4, 0xa4, 0xa4, 0xff, 0xa4, 0xa4, 0xa4, 0xff, 0xa4, 0xa4, 0xa4, 0xff, 0x7b, 0x7b, 0x7b, 0xff, 0x14, 0x14, 0x16, 0xff, 0x12, 0x12, 0x14, 0xff,
  0x11, 0x11, 0x13, 0xff, 0x11, 0x11, 0x12, 0xff, 0x11, 0x11, 0x12, 0xff, 0x11, 0x11, 0x12, 0xff, 0x11, 0x11, 0x12, 0xff, 0x11, 0x11, 0x12, 0xff, 0x11, 0x11, 0x12, 0xff, 0x11, 0x11, 0x12, 0xff,
  0x11, 0x11, 0x12, 0xff, 0x11, 0x11, 0x12, 0xff, 0x11, 0x11, 0x12, 0xff, 0x11, 0x11, 0x12, 0xff, 0x12, 0x12, 0x14, 0xff, 0xaa, 0xaa, 0xac, 0x9f, 0x00, 0x00, 0x00, 0x00,
  0xcf, 0xcf, 0xcf, 0x60, 0x1a, 0x1a, 0x1a, 0xff, 0x18, 0x18, 0x18, 0xff, 0x1c, 0x1c, 0x1c, 0xff, 0x1c, 0x1c, 0x1c, 0xff, 0x1c, 0x1c, 0x1c, 0xff, 0x1c, 0x1c, 0x1c, 0xff, 0x1c, 0x1c, 0x1c, 0xff,
  0x1c, 0x1c, 0x1c, 0xff, 0x1c, 0x1c, 0x1c, 0xff, 0x1c, 0x1c, 0x1c, 0xff, 0x1c, 0x1c, 0x1c, 0xff, 0x1c, 0x1c, 0x1c, 0xff, 0x1c, 0x1c, 0x1c, 0xff, 0x1c, 0x1c, 0x1c, 0xff, 0x16, 0x16, 0x16, 0xff,
  0x03, 0x03, 0x03, 0xff, 0x14, 0x14, 0x14, 0xff, 0x66, 0x66, 0x66, 0xff, 0xa4, 0xa4, 0xa4, 0xff, 0xa4, 0xa4, 0xa4, 0xff, 0xa4, 0xa4, 0xa4, 0xff, 0xa4, 0xa4, 0xa4, 0xff, 0xa4, 0xa4, 0xa4, 0xff,
  0xa4, 0xa4, 0xa4, 0xff, 0xa4, 0xa4, 0xa4, 0xff, 0xa4, 0xa4, 0xa4, 0xff, 0xa4, 0xa4, 0xa4, 0xff, 0xa4, 0xa4, 0xa4, 0xff, 0xa4, 0xa4, 0xa4, 0xff, 0xa4, 0xa4, 0xa4, 0xff, 0xa4, 0xa4, 0xa4, 0xff,
  0xa4, 0xa4, 0xa4, 0xff, 0xa4, 0xa4, 0xa4, 0xff, 0xa4, 0xa4, 0xa4, 0xff, 0xa4, 0xa4, 0xa4, 0xff, 0xa4, 0xa4, 0xa4, 0xff, 0xa4, 0xa4, 0xa4, 0xff, 0xa4, 0xa4, 0xa4, 0xff, 0xa4, 0xa4, 0xa4, 0xff,
  0xa4, 0xa4, 0xa4, 0xff, 0xa4, 0xa4, 0xa4, 0xff, 0xa4, 0xa4, 0xa4, 0xff, 0xa4, 0xa4, 0xa4, 0xff, 0xa4, 0xa4, 0xa4, 0xff, 0xa4, 0xa4, 0xa4, 0xff, 0xa4, 0xa4, 0xa4, 0xff, 0xa4, 0xa4, 0xa4, 0xff,
  0xa4, 0xa4, 0xa4, 0xff, 0xa4, 0xa4, 0xa4, 0xff, 0xa4, 0xa4, 0xa4, 0xff, 0xa4, 0xa4, 0xa4, 0xff, 0xa4, 0xa4, 0xa4, 0xff, 0xa4, 0xa4, 0xa4, 0xff, 0xa4, 0xa4, 0xa4, 0xff, 0xa4, 0xa4, 0xa4, 0xff,
  0xa4, 0xa4, 0xa4, 0xff, 0xa4, 0xa4, 0xa4, 0xff, 0xa4, 0xa4, 0xa4, 0xff, 0xa4, 0xa4, 0xa4, 0xff, 0xa4, 0xa4, 0xa4, 0xff, 0xa4, 0xa4, 0xa4, 0xff, 0xa4, 0xa4, 0xa4, 0xff, 0xa4, 0xa4, 0xa4, 0xff,
  0xa4, 0xa4, 0xa4, 0xff, 0xa4, 0xa4, 0xa4, 0xff, 0xa4, 0xa4, 0xa4, 0xff, 0xa4, 0xa4, 0xa4, 0xff, 0xa4, 0xa4, 0xa4, 0xff, 0xa4, 0xa4, 0xa4, 0xff, 0xa4, 0xa4, 0xa4, 0xff, 0xa4, 0xa4, 0xa4, 0xff,
  0xa4, 0xa4, 0xa4, 0xff, 0xa4, 0xa4, 0xa4, 0xff, 0xa4, 0xa4, 0xa4, 0xff, 0xa4, 0xa4, 0xa4, 0xff, 0xa4, 0xa4, 0xa4, 0xff, 0xa4, 0xa4, 0xa4, 0xff, 0xa4, 0xa4, 0xa4, 0xff, 0xa4, 0xa4, 0xa4, 0xff,
  0xa4, 0xa4, 0xa4, 0xff, 0xa4, 0xa4, 0xa4, 0xff, 0xa4, 0xa4, 0xa4, 0xff, 0xa4, 0xa4, 0xa4, 0xff, 0xa4, 0xa4, 0xa4, 0xff, 0xa4, 0xa4, 0xa4, 0xff, 0xa4, 0xa4, 0xa4, 0xff, 0xa4, 0xa4, 0xa4, 0xff,
  0xa4, 0xa4, 0xa4, 0xff, 0xa4, 0xa4, 0xa4, 0xff, 0xa4, 0xa4, 0xa4, 0xff, 0xa4, 0xa4, 0xa4, 0xff, 0xa4, 0xa4, 0xa4, 0xff, 0xa4, 0xa4, 0xa4, 0xff, 0xa4, 0xa4, 0xa4, 0xff, 0xa4, 0xa4, 0xa4, 0xff,
  0xa4, 0xa4, 0xa4, 0xff, 0xa4, 0xa4, 0xa4, 0xff, 0xa4, 0xa4, 0xa4, 0xff, 0xa4, 0xa4, 0xa4, 0xff, 0xa4, 0xa4, 0xa4, 0xff, 0xa4, 0xa4, 0xa4, 0xff, 0xa4, 0xa4, 0xa4, 0xff, 0xa4, 0xa4, 0xa4, 0xff,
  0xa4, 0xa4, 0xa4, 0xff, 0xa4, 0xa4, 0xa4, 0xff, 0xa4, 0xa4, 0xa4, 0xff, 0xa4, 0xa4, 0xa4, 0xff, 0xa4, 0xa4, 0xa4, 0xff, 0xa4, 0xa4, 0xa4, 0xff, 0xa4, 0xa4, 0xa4, 0xff, 0xa4, 0xa4, 0xa4, 0xff,
  0xa4, 0xa4, 0xa4, 0xff, 0xa4, 0xa4, 0xa4, 0xff, 0xa4, 0xa4, 0xa4, 0xff, 0xa4, 0xa4, 0xa4, 0xff, 0xa4, 0xa4, 0xa4, 0xff, 0xa4, 0xa4, 0xa4, 0xff, 0xa4, 0xa4, 0xa4, 0xff, 0xa4, 0xa4, 0xa4, 0xff,
  0xa4, 0xa4, 0xa4, 0xff, 0xa4, 0xa4, 0xa4, 0xff, 0xa4, 0xa4, 0xa4, 0xff, 0xa4, 0xa4, 0xa4, 0xff, 0xa4, 0xa4, 0xa4, 0xff, 0xa4, 0xa4, 0xa4, 0xff, 0xa4, 0xa4, 0xa4, 0xff, 0xa4, 0xa4, 0xa4, 0xff,
  0xa4, 0xa4, 0xa4, 0xff, 0xa4, 0xa4, 0xa4, 0xff, 0xa4, 0xa4, 0xa4, 0xff, 0xa4, 0xa4, 0xa4, 0xff, 0xa4, 0xa4, 0xa4, 0xff, 0xa4, 0xa4, 0xa4, 0xff, 0xa4, 0xa4, 0xa4, 0xff, 0xa4, 0xa4, 0xa4, 0xff,
  0xa4, 0xa4, 0xa4, 0xff, 0xa4, 0xa4, 0xa4, 0xff, 0xa4, 0xa4, 0xa4, 0xff, 0xa4, 0xa4, 0xa4, 0xff, 0xa4, 0xa4, 0xa4, 0xff, 0xa4, 0xa4, 0xa4, 0xff, 0xa4, 0xa4, 0xa4, 0xff, 0xa4, 0xa4, 0xa4, 0xff,
  0xa4, 0xa4, 0xa4, 0xff, 0xa4, 0xa4, 0xa4, 0xff, 0xa4, 0xa4, 0xa4, 0xff, 0xa4, 0xa4, 0xa4, 0xff, 0xa4, 0xa4, 0xa4, 0xff, 0xa4, 0xa4, 0xa4, 0xff, 0xa4, 0xa4, 0xa4, 0xff, 0xa4, 0xa4, 0xa4, 0xff,
  0xa4, 0xa4, 0xa4, 0xff, 0xa4, 0xa4, 0xa4, 0xff, 0xa4, 0xa4, 0xa4, 0xff, 0xa4, 0xa4, 0xa4, 0xff, 0xa4, 0xa4, 0xa4, 0xff, 0xa4, 0xa4, 0xa4, 0xff, 0xa4, 0xa4, 0xa4, 0xff, 0xa4, 0xa4, 0xa4, 0xff,
  0xa4, 0xa4, 0xa4, 0xff, 0xa4, 0xa4, 0xa4, 0xff, 0xa4, 0xa4, 0xa4, 0xff, 0xa4, 0xa4, 0xa4, 0xff, 0xa4, 0xa4, 0xa4, 0xff, 0xa4, 0xa4, 0xa4, 0xff, 0xa4, 0xa4, 0xa4, 0xff, 0xa4, 0xa4, 0xa4, 0xff,
  0xa4, 0xa4, 0xa4, 0xff, 0xa4, 0xa4, 0xa4, 0xff, 0xa4, 0xa4, 0xa4, 0xff, 0xa4, 0xa4, 0xa4, 0xff, 0xa4, 0xa4, 0xa4, 0xff, 0xa4, 0xa4, 0xa4, 0xff, 0xa4, 0xa4, 0xa4, 0xff, 0xa4, 0xa4, 0xa4, 0xff,
  0xa4, 0xa4, 0xa4, 0xff, 0xa4, 0xa4, 0xa4, 0xff, 0xa4, 0xa4, 0xa4, 0xff, 0xa4, 0xa4, 0xa4, 0xff, 0x4a, 0x4a, 0x4a, 0xff, 0x0d, 0x0d, 0x10, 0xff, 0x11, 0x11, 0x14, 0xff, 0x11, 0x11, 0x12, 0xff,
  0x11, 0x11, 0x12, 0xff, 0x11, 0x11, 0x12, 0xff, 0x11, 0x11, 0x12, 0xff, 0x11, 0x11, 0x12, 0xff, 0x11, 0x11, 0x12, 0xff, 0x11, 0x11, 0x12, 0xff, 0x11, 0x11, 0x12, 0xff, 0x11, 0x11, 0x12, 0xff,
  0x11, 0x11, 0x12, 0xff, 0x11, 0x11, 0x12, 0xff, 0x11, 0x11, 0x12, 0xff, 0x11, 0x11, 0x12, 0xff, 0x12, 0x12, 0x14, 0xff, 0xaa, 0xaa, 0xac, 0x9f, 0x00, 0x00, 0x00, 0x00,
  0xcf, 0xcf, 0xcf, 0x60, 0x1a, 0x1a, 0x1a, 0xff, 0x18, 0x18, 0x18, 0xff, 0x1c, 0x1c, 0x1c, 0xff, 0x1c, 0x1c, 0x1c, 0xff, 0x1c, 0x1c, 0x1c, 0xff, 0x1c, 0x1c, 0x1c, 0xff, 0x1c, 0x1c, 0x1c, 0xff,
  0x1c, 0x1c, 0x1c, 0xff, 0x1c, 0x1c, 0x1c, 0xff, 0x1c, 0x1c, 0x1c, 0xff, 0x1c, 0x1c, 0x1c, 0xff, 0x1c, 0x1c, 0x1c, 0xff, 0x1c, 0x1c, 0x1c, 0xff, 0x1c, 0x1c, 0x1c, 0xff, 0x1c, 0x1c, 0x1c, 0xff,
  0x19, 0x19, 0x19, 0xff, 0x0a, 0x0a, 0x0a, 0xff, 0x00, 0x00, 0x00, 0xff, 0x47, 0x47, 0x47, 0xff, 0x99, 0x99, 0x99, 0xff, 0xa4, 0xa4, 0xa4, 0xff, 0xa4, 0xa4, 0xa4, 0xff, 0xa4, 0xa4, 0xa4, 0xff,
  0xa4, 0xa4, 0xa4, 0xff, 0xa4, 0xa4, 0xa4, 0xff, 0xa4, 0xa4, 0xa4, 0xff, 0xa4, 0xa4, 0xa4, 0xff, 0xa4, 0xa4, 0xa4, 0xff, 0xa4, 0xa4, 0xa4, 0xff, 0xa4, 0xa4, 0xa4, 0xff, 0xa4, 0xa4, 0xa4, 0xff,
  0xa4, 0xa4, 0xa4, 0xff, 0xa4, 0xa4, 0xa4, 0xff, 0xa4, 0xa4, 0xa4, 0xff, 0xa4, 0xa4, 0xa4, 0xff, 0xa4, 0xa4, 0xa4, 0xff, 0xa4, 0xa4, 0xa4, 0xff, 0xa4, 0xa4, 0xa4, 0xff, 0xa4, 0xa4, 0xa4, 0xff,
  0xa4, 0xa4, 0xa4, 0xff, 0xa4, 0xa4, 0xa4, 0xff, 0xa4, 0xa4, 0xa4, 0xff, 0xa4, 0xa4, 0xa4, 0xff, 0xa4, 0xa4, 0xa4, 0xff, 0xa4, 0xa4, 0xa4, 0xff, 0xa4, 0xa4, 0xa4, 0xff, 0xa4, 0xa4, 0xa4, 0xff,
  0xa4, 0xa4, 0xa4, 0xff, 0xa4, 0xa4, 0xa4, 0xff, 0xa4, 0xa4, 0xa4, 0xff, 0xa4, 0xa4, 0xa4, 0xff, 0xa4, 0xa4, 0xa4, 0xff, 0xa4, 0xa4, 0xa4, 0xff, 0xa4, 0xa4, 0xa4, 0xff, 0xa4, 0xa4, 0xa4, 0xff,
  0xa4, 0xa4, 0xa4, 0xff, 0xa4, 0xa4, 0xa4, 0xff, 0xa4, 0xa4, 0xa4, 0xff, 0xa4, 0xa4, 0xa4, 0xff, 0xa4, 0xa4, 0xa4, 0xff, 0xa4, 0xa4, 0xa4, 0xff, 0xa4, 0xa4, 0xa4, 0xff, 0xa4, 0xa4, 0xa4, 0xff,
  0xa4, 0xa4, 0xa4, 0xff, 0xa4, 0xa4, 0xa4, 0xff, 0xa4, 0xa4, 0xa4, 0xff, 0xa4, 0xa4, 0xa4, 0xff, 0xa4, 0xa4, 0xa4, 0xff, 0xa4, 0xa4, 0xa4, 0xff, 0xa4, 0xa4, 0xa4, 0xff, 0xa4, 0xa4, 0xa4, 0xff,
  0xa4, 0xa4, 0xa4, 0xff, 0xa4, 0xa4, 0xa4, 0xff, 0xa4, 0xa4, 0xa4, 0xff, 0xa4, 0xa4, 0xa4, 0xff, 0xa4, 0xa4, 0xa4, 0xff, 0xa4, 0xa4, 0xa4, 0xff, 0xa4, 0xa4, 0xa4, 0xff, 0xa4, 0xa4, 0xa4, 0xff,
  0xa4, 0xa4, 0xa4, 0xff, 0xa4, 0xa4, 0xa4, 0xff, 0xa4, 0xa4, 0xa4, 0xff, 0xa4, 0xa4, 0xa4, 0xff, 0xa4, 0xa4, 0xa4, 0xff, 0xa4, 0xa4, 0xa4, 0xff, 0xa4, 0xa4, 0xa4, 0xff, 0xa4, 0xa4, 0xa4, 0xff,
  0xa4, 0xa4, 0xa4, 0xff, 0xa4, 0xa4, 0xa4, 0xff, 0xa4, 0xa4, 0xa4, 0xff, 0xa4, 0xa4, 0xa4, 0xff, 0xa4, 0xa4, 0xa4, 0xff, 0xa4, 0xa4, 0xa4, 0xff, 0xa4, 0xa4, 0xa4, 0xff, 0xa4, 0xa4, 0xa4, 0xff,
  0xa4, 0xa4, 0xa4, 0xff, 0xa4, 0xa4, 0xa4, 0xff, 0xa4, 0xa4, 0xa4, 0xff, 0xa4, 0xa4, 0xa4, 0xff, 0xa4, 0xa4, 0xa4, 0xff, 0xa4, 0xa4, 0xa4, 0xff, 0xa4, 0xa4, 0xa4, 0xff, 0xa4, 0xa4, 0xa4, 0xff,
  0xa4, 0xa4, 0xa4, 0xff, 0xa4, 0xa4, 0xa4, 0xff, 0xa4, 0xa4, 0xa4, 0xff, 0xa4, 0xa4, 0xa4, 0xff, 0xa4, 0xa4, 0xa4, 0xff, 0xa4, 0xa4, 0xa4, 0xff, 0xa4, 0xa4, 0xa4, 0xff, 0xa4, 0xa4, 0xa4, 0xff,
  0xa4, 0xa4, 0xa4, 0xff, 0xa4, 0xa4, 0xa4, 0xff, 0xa4, 0xa4, 0xa4, 0xff, 0xa4, 0xa4, 0xa4, 0xff, 0xa4, 0xa4, 0xa4, 0xff, 0xa4, 0xa4, 0xa4, 0xff, 0xa4, 0xa4, 0xa4, 0xff, 0xa4, 0xa4, 0xa4, 0xff,
  0xa4, 0xa4, 0xa4, 0xff, 0xa4, 0xa4, 0xa4, 0xff, 0xa4, 0xa4, 0xa4, 0xff, 0xa4, 0xa4, 0xa4, 0xff, 0xa4, 0xa4, 0xa4, 0xff, 0xa4, 0xa4, 0xa4, 0xff, 0xa4, 0xa4, 0xa4, 0xff, 0xa4, 0xa4, 0xa4, 0xff,
  0xa4, 0xa4, 0xa4, 0xff, 0xa4, 0xa4, 0xa4, 0xff, 0xa4, 0xa4, 0xa4, 0xff, 0xa4, 0xa4, 0xa4, 0xff, 0xa4, 0xa4, 0xa4, 0xff, 0xa4, 0xa4, 0xa4, 0xff, 0xa4, 0xa4, 0xa4, 0xff, 0xa4, 0xa4, 0xa4, 0xff,
  0xa4, 0xa4, 0xa4, 0xff, 0xa4, 0xa4, 0xa4, 0xff, 0xa4, 0xa4, 0xa4, 0xff, 0xa4, 0xa4, 0xa4, 0xff, 0xa4, 0xa4, 0xa4, 0xff, 0xa4, 0xa4, 0xa4, 0xff, 0xa4, 0xa4, 0xa4, 0xff, 0xa4, 0xa4, 0xa4, 0xff,
  0xa4, 0xa4, 0xa4, 0xff, 0xa4, 0xa4, 0xa4, 0xff, 0xa4, 0xa4, 0xa4, 0xff, 0xa4, 0xa4, 0xa4, 0xff, 0xa4, 0xa4, 0xa4, 0xff, 0xa4, 0xa4, 0xa4, 0xff, 0xa4, 0xa4, 0xa4, 0xff, 0xa4, 0xa4, 0xa4, 0xff,
  0xa4, 0xa4, 0xa4, 0xff, 0xa4, 0xa4, 0xa4, 0xff, 0xa4, 0xa4, 0xa4, 0xff, 0xa4, 0xa4, 0xa4, 0xff, 0xa4, 0xa4, 0xa4, 0xff, 0xa4, 0xa4, 0xa4, 0xff, 0xa4, 0xa4, 0xa4, 0xff, 0xa4, 0xa4, 0xa4, 0xff,
  0xa4, 0xa4, 0xa4, 0xff, 0xa4, 0xa4, 0xa4, 0xff, 0xa4, 0xa4, 0xa4, 0xff, 0xa4, 0xa4, 0xa4, 0xff, 0xa4, 0xa4, 0xa4, 0xff, 0xa4, 0xa4, 0xa4, 0xff, 0xa4, 0xa4, 0xa4, 0xff, 0xa4, 0xa4, 0xa4, 0xff,
  0xa4, 0xa4, 0xa4, 0xff, 0xa4, 0xa4, 0xa4, 0xff, 0xa4, 0xa4, 0xa4, 0xff, 0xa4, 0xa4, 0xa4, 0xff, 0xa4, 0xa4, 0xa4, 0xff, 0xa4, 0xa4, 0xa4, 0xff, 0xa4, 0xa4, 0xa4, 0xff, 0xa4, 0xa4, 0xa4, 0xff,
  0xa4, 0xa4, 0xa4, 0xff, 0xa4, 0xa4, 0xa4, 0xff, 0x8f, 0x8f, 0x8f, 0xff, 0x2d, 0x2d, 0x2e, 0xff, 0x11, 0x11, 0x13, 0xff, 0x11, 0x11, 0x14, 0xff, 0x11, 0x11, 0x12, 0xff, 0x11, 0x11, 0x12, 0xff,
  0x11, 0x11, 0x12, 0xff, 0x11, 0x11, 0x12, 0xff, 0x11, 0x11, 0x12, 0xff, 0x11, 0x11, 0x12, 0xff, 0x11, 0x11, 0x12, 0xff, 0x11, 0x11, 0x12, 0xff, 0x11, 0x11, 0x12, 0xff, 0x11, 0x11, 0x12, 0xff,
  0x11, 0x11, 0x12, 0xff, 0x11, 0x11, 0x12, 0xff, 0x11, 0x11, 0x12, 0xff, 0x11, 0x11, 0x12, 0xff, 0x12, 0x12, 0x14, 0xff, 0xaa, 0xaa, 0xac, 0x9f, 0x00, 0x00, 0x00, 0x00,
  0xcf, 0xcf, 0xcf, 0x60, 0x1a, 0x1a, 0x1a, 0xff, 0x18, 0x18, 0x18, 0xff, 0x1c, 0x1c, 0x1c, 0xff, 0x1c, 0x1c, 0x1c, 0xff, 0x1c, 0x1c, 0x1c, 0xff, 0x1c, 0x1c, 0x1c, 0xff, 0x1c, 0x1c, 0x1c, 0xff,
  0x1c, 0x1c, 0x1c, 0xff, 0x1c, 0x1c, 0x1c, 0xff, 0x1c, 0x1c, 0x1c, 0xff, 0x1c, 0x1c, 0x1c, 0xff, 0x1c, 0x1c, 0x1c, 0xff, 0x1c, 0x1c, 0x1c, 0xff, 0x1c, 0x1c, 0x1c, 0xff, 0x1c, 0x1c, 0x1c, 0xff,
  0x1c, 0x1c, 0x1c, 0xff, 0x1c, 0x1c, 0x1c, 0xff, 0x0f, 0x0f, 0x0f, 0xff, 0x01, 0x01, 0x01, 0xff, 0x14, 0x14, 0x14, 0xff, 0x8f, 0x8f, 0x8f, 0xff, 0xa4, 0xa4, 0xa4, 0xff, 0xa4, 0xa4, 0xa4, 0xff,
  0xa4, 0xa4, 0xa4, 0xff, 0xa4, 0xa4, 0xa4, 0xff, 0xa4, 0xa4, 0xa4, 0xff, 0xa4, 0xa4, 0xa4, 0xff, 0xa4, 0xa4, 0xa4, 0xff, 0xa4, 0xa4, 0xa4, 0xff, 0xa4, 0xa4, 0xa4, 0xff, 0xa4, 0xa4, 0xa4, 0xff,
  0xa4, 0xa4, 0xa4, 0xff, 0xa4, 0xa4, 0xa4, 0xff, 0xa4, 0xa4, 0xa4, 0xff, 0xa4, 0xa4, 0xa4, 0xff, 0xa4, 0xa4, 0xa4, 0xff, 0xa4, 0xa4, 0xa4, 0xff, 0xa4, 0xa4, 0xa4, 0xff, 0xa4, 0xa4, 0xa4, 0xff,
  0xa4, 0xa4, 0xa4, 0xff, 0xa4, 0xa4, 0xa4, 0xff, 0xa4, 0xa4, 0xa4, 0xff, 0xa4, 0xa4, 0xa4, 0xff, 0xa4, 0xa4, 0xa4, 0xff, 0xa4, 0xa4, 0xa4, 0xff, 0xa4, 0xa4, 0xa4, 0xff, 0xa4, 0xa4, 0xa4, 0xff,
  0xa4, 0xa4, 0xa4, 0xff, 0xa4, 0xa4, 0xa4, 0xff, 0xa4, 0xa4, 0xa4, 0xff, 0xa4, 0xa4, 0xa4, 0xff, 0xa4, 0xa4, 0xa4, 0xff, 0xa4, 0xa4, 0xa4, 0xff, 0xa4, 0xa4, 0xa4, 0xff, 0xa4, 0xa4, 0xa4, 0xff,
  0xa4, 0xa4, 0xa4, 0xff, 0xa4, 0xa4, 0xa4, 0xff, 0xa4, 0xa4, 0xa4, 0xff, 0xa4, 0xa4, 0xa4, 0xff, 0xa4, 0xa4, 0xa4, 0xff, 0xa4, 0xa4, 0xa4, 0xff, 0xa4, 0xa4, 0xa4, 0xff, 0xa4, 0xa4, 0xa4, 0xff,
  0xa4, 0xa4, 0xa4, 0xff, 0xa4, 0xa4, 0xa4, 0xff, 0xa4, 0xa4, 0xa4, 0xff, 0xa4, 0xa4, 0xa4, 0xff, 0xa4, 0xa4, 0xa4, 0xff, 0xa4, 0xa4, 0xa4, 0xff, 0xa4, 0xa4, 0xa4, 0xff, 0xa4, 0xa4, 0xa4, 0xff,
  0xa4, 0xa4, 0xa4, 0xff, 0xa4, 0xa4, 0xa4, 0xff, 0xa4, 0xa4, 0xa4, 0xff, 0xa4, 0xa4, 0xa4, 0xff, 0xa4, 0xa4, 0xa4, 0xff, 0xa4, 0xa4, 0xa4, 0xff, 0xa4, 0xa4, 0xa4, 0xff, 0xa4, 0xa4, 0xa4, 0xff,
  0xa4, 0xa4, 0xa4, 0xff, 0xa4, 0xa4, 0xa4, 0xff, 0xa4, 0xa4, 0xa4, 0xff, 0xa4, 0xa4, 0xa4, 0xff, 0xa4, 0xa4, 0xa4, 0xff, 0xa4, 0xa4, 0xa4, 0xff, 0xa4, 0xa4, 0xa4, 0xff, 0xa4, 0xa4, 0xa4, 0xff,
  0xa4, 0xa4, 0xa4, 0xff, 0xa4, 0xa4, 0xa4, 0xff, 0xa4, 0xa4, 0xa4, 0xff, 0xa4, 0xa4, 0xa4, 0xff, 0xa4, 0xa4, 0xa4, 0xff, 0xa4, 0xa4, 0xa4, 0xff, 0xa4, 0xa4, 0xa4, 0xff, 0xa4, 0xa4, 0xa4, 0xff,
  0xa4, 0xa4, 0xa4, 0xff, 0xa4, 0xa4, 0xa4, 0xff, 0xa4, 0xa4, 0xa4, 0xff, 0xa4, 0xa4, 0xa4, 0xff, 0xa4, 0xa4, 0xa4, 0xff, 0xa4, 0xa4, 0xa4, 0xff, 0xa4, 0xa4, 0xa4, 0xff, 0xa4, 0xa4, 0xa4, 0xff,
  0xa4, 0xa4, 0xa4, 0xff, 0xa4, 0xa4, 0xa4, 0xff, 0xa4, 0xa4, 0xa4, 0xff, 0xa4, 0xa4, 0xa4, 0xff, 0xa4, 0xa4, 0xa4, 0xff, 0xa4, 0xa4, 0xa4, 0xff, 0xa4, 0xa4, 0xa4, 0xff, 0xa4, 0xa4, 0xa4, 0xff,
  0xa4, 0xa4, 0xa4, 0xff, 0xa4, 0xa4, 0xa4, 0xff, 0xa4, 0xa4, 0xa4, 0xff, 0xa4, 0xa4, 0xa4, 0xff, 0xa4, 0xa4, 0xa4, 0xff, 0xa4, 0xa4, 0xa4, 0xff, 0xa4, 0xa4, 0xa4, 0xff, 0xa4, 0xa4, 0xa4, 0xff,
  0xa4, 0xa4, 0xa4, 0xff, 0xa4, 0xa4, 0xa4, 0xff, 0xa4, 0xa4, 0xa4, 0xff, 0xa4, 0xa4, 0xa4, 0xff, 0xa4, 0xa4, 0xa4, 0xff, 0xa4, 0xa4, 0xa4, 0xff, 0xa4, 0xa4, 0xa4, 0xff, 0xa4, 0xa4, 0xa4, 0xff,
  0xa4, 0xa4, 0xa4, 0xff, 0xa4, 0xa4, 0xa4, 0xff, 0xa4, 0xa4, 0xa4, 0xff, 0xa4, 0xa4, 0xa4, 0xff, 0xa4, 0xa4, 0xa4, 0xff, 0xa4, 0xa4, 0xa4, 0xff, 0xa4, 0xa4, 0xa4, 0xff, 0xa4, 0xa4, 0xa4, 0xff,
  0xa4, 0xa4, 0xa4, 0xff, 0xa4, 0xa4, 0xa4, 0xff, 0xa4, 0xa4, 0xa4, 0xff, 0xa4, 0xa4, 0xa4, 0xff, 0xa4, 0xa4, 0xa4, 0xff, 0xa4, 0xa4, 0xa4, 0xff, 0xa4, 0xa4, 0xa4, 0xff, 0xa4, 0xa4, 0xa4, 0xff,
  0xa4, 0xa4, 0xa4, 0xff, 0xa4, 0xa4, 0xa4, 0xff, 0xa4, 0xa4, 0xa4, 0xff, 0xa4, 0xa4, 0xa4, 0xff, 0xa4, 0xa4, 0xa4, 0xff, 0xa4, 0xa4, 0xa4, 0xff, 0xa4, 0xa4, 0xa4, 0xff, 0xa4, 0xa4, 0xa4, 0xff,
  0xa4, 0xa4, 0xa4, 0xff, 0xa4, 0xa4, 0xa4, 0xff, 0xa4, 0xa4, 0xa4, 0xff, 0xa4, 0xa4, 0xa4, 0xff, 0xa4, 0xa4, 0xa4, 0xff, 0xa4, 0xa4, 0xa4, 0xff, 0xa4, 0xa4, 0xa4, 0xff, 0xa4, 0xa4, 0xa4, 0xff,
  0xa4, 0xa4, 0xa4, 0xff, 0xa4, 0xa4, 0xa4, 0xff, 0xa4, 0xa4, 0xa4, 0xff, 0xa4, 0xa4, 0xa4, 0xff, 0xa4, 0xa4, 0xa4, 0xff, 0xa4, 0xa4, 0xa4, 0xff, 0xa4, 0xa4, 0xa4, 0xff, 0xa4, 0xa4, 0xa4, 0xff,
  0xa4, 0xa4, 0xa4, 0xff, 0xa4, 0xa4, 0xa4, 0xff, 0xa4, 0xa4, 0xa4, 0xff, 0xa4, 0xa4, 0xa4, 0xff, 0xa4, 0xa4, 0xa4, 0xff, 0xa4, 0xa4, 0xa4, 0xff, 0xa4, 0xa4, 0xa4, 0xff, 0xa4, 0xa4, 0xa4, 0xff,
  0xa4, 0xa4, 0xa4, 0xff, 0x7b, 0x7b, 0x7b, 0xff, 0x14, 0x14, 0x16, 0xff, 0x12, 0x12, 0x14, 0xff, 0x11, 0x11, 0x13, 0xff, 0x11, 0x11, 0x12, 0xff, 0x11, 0x11, 0x12, 0xff, 0x11, 0x11, 0x12, 0xff,
  0x11, 0x11, 0x12, 0xff, 0x11, 0x11, 0x12, 0xff, 0x11, 0x11, 0x12, 0xff, 0x11, 0x11, 0x12, 0xff, 0x11, 0x11, 0x12, 0xff, 0x11, 0x11, 0x12, 0xff, 0x11, 0x11, 0x12, 0xff, 0x11, 0x11, 0x12, 0xff,
  0x11, 0x11, 0x12, 0xff, 0x11, 0x11, 0x12, 0xff, 0x11, 0x11, 0x12, 0xff, 0x11, 0x11, 0x12, 0xff, 0x12, 0x12, 0x14, 0xff, 0xaa, 0xaa, 0xac, 0x9f, 0x00, 0x00, 0x00, 0x00,
  0xcf, 0xcf, 0xcf, 0x60, 0x1a, 0x1a, 0x1a, 0xff, 0x18, 0x18, 0x18, 0xff, 0x1c, 0x1c, 0x1c, 0xff, 0x1c, 0x1c, 0x1c, 0xff, 0x1c, 0x1c, 0x1c, 0xff, 0x1c, 0x1c, 0x1c, 0xff, 0x1c, 0x1c, 0x1c, 0xff,
  0x1c, 0x1c, 0x1c, 0xff, 0x1c, 0x1c, 0x1c, 0xff, 0x1c, 0x1c, 0x1c, 0xff, 0x1c, 0x1c, 0x1c, 0xff, 0x1c, 0x1c, 0x1c, 0xff, 0x1c, 0x1c, 0x1c, 0xff, 0x1c, 0x1c, 0x1c, 0xff, 0x1c, 0x1c, 0x1c, 0xff,
  0x1c, 0x1c, 0x1c, 0xff, 0x1c, 0x1c, 0x1c, 0xff, 0x1c, 0x1c, 0x1c, 0xff, 0x19, 0x19, 0x19, 0xff, 0x03, 0x03, 0x03, 0xff, 0x00, 0x00, 0x00, 0xff, 0x52, 0x52, 0x52, 0xff, 0xa4, 0xa4, 0xa4, 0xff,
  0xa4, 0xa4, 0xa4, 0xff, 0xa4, 0xa4, 0xa4, 0xff, 0xa4, 0xa4, 0xa4, 0xff, 0xa4, 0xa4, 0xa4, 0xff, 0xa4, 0xa4, 0xa4, 0xff, 0xa4, 0xa4, 0xa4, 0xff, 0xa4, 0xa4, 0xa4, 0xff, 0xa4, 0xa4, 0xa4, 0xff,
  0xa4, 0xa4, 0xa4, 0xff, 0xa4, 0xa4, 0xa4, 0xff, 0xa4, 0xa4, 0xa4, 0xff, 0xa4, 0xa4, 0xa4, 0xff, 0xa4, 0xa4, 0xa4, 0xff, 0xa4, 0xa4, 0xa4, 0xff, 0xa4, 0xa4, 0xa4, 0xff, 0xa4, 0xa4, 0xa4, 0xff,
  0xa4, 0xa4, 0xa4, 0xff, 0xa4, 0xa4, 0xa4, 0xff, 0xa4, 0xa4, 0xa4, 0xff, 0xa4, 0xa4, 0xa4, 0xff, 0xa4, 0xa4, 0xa4, 0xff, 0xa4, 0xa4, 0xa4, 0xff, 0xa4, 0xa4, 0xa4, 0xff, 0xa4, 0xa4, 0xa4, 0xff,
  0xa4, 0xa4, 0xa4, 0xff, 0xa4, 0xa4, 0xa4, 0xff, 0xa4, 0xa4, 0xa4, 0xff, 0xa4, 0xa4, 0xa4, 0xff, 0xa4, 0xa4, 0xa4, 0xff, 0xa4, 0xa4, 0xa4, 0xff, 0xa4, 0xa4, 0xa4, 0xff, 0xa4, 0xa4, 0xa4, 0xff,
  0xa4, 0xa4, 0xa4, 0xff, 0xa4, 0xa4, 0xa4, 0xff, 0xa4, 0xa4, 0xa4, 0xff, 0xa4, 0xa4, 0xa4, 0xff, 0xa4, 0xa4, 0xa4, 0xff, 0xa4, 0xa4, 0xa4, 0xff, 0xa4, 0xa4, 0xa4, 0xff, 0xa4, 0xa4, 0xa4, 0xff,
  0xa4, 0xa4, 0xa4, 0xff, 0xa4, 0xa4, 0xa4, 0xff, 0xa4, 0xa4, 0xa4, 0xff, 0xa4, 0xa4, 0xa4, 0xff, 0xa4, 0xa4, 0xa4, 0xff, 0xa4, 0xa4, 0xa4, 0xff, 0xa4, 0xa4, 0xa4, 0xff, 0xa4, 0xa4, 0xa4, 0xff,
  0xa4, 0xa4, 0xa4, 0xff, 0xa4, 0xa4, 0xa4, 0xff, 0xa4, 0xa4, 0xa4, 0xff, 0xa4, 0xa4, 0xa4, 0xff, 0xa4, 0xa4, 0xa4, 0xff, 0xa4, 0xa4, 0xa4, 0xff, 0xa4, 0xa4, 0xa4, 0xff, 0xa4, 0xa4, 0xa4, 0xff,
  0xa4, 0xa4, 0xa4, 0xff, 0xa4, 0xa4, 0xa4, 0xff, 0xa4, 0xa4, 0xa4, 0xff, 0xa4, 0xa4, 0xa4, 0xff, 0xa4, 0xa4, 0xa4, 0xff, 0xa4, 0xa4, 0xa4, 0xff, 0xa4, 0xa4, 0xa4, 0xff, 0xa4, 0xa4, 0xa4, 0xff,
  0xa4, 0xa4, 0xa4, 0xff, 0xa4, 0xa4, 0xa4, 0xff, 0xa4, 0xa4, 0xa4, 0xff, 0xa4, 0xa4, 0xa4, 0xff, 0xa4, 0xa4, 0xa4, 0xff, 0xa4, 0xa4, 0xa4, 0xff, 0xa4, 0xa4, 0xa4, 0xff, 0xa4, 0xa4, 0xa4, 0xff,
  0xa4, 0xa4, 0xa4, 0xff, 0xa4, 0xa4, 0xa4, 0xff, 0xa4, 0xa4, 0xa4, 0xff, 0xa4, 0xa4, 0xa4, 0xff, 0xa4, 0xa4, 0xa4, 0xff, 0xa4, 0xa4, 0xa4, 0xff, 0xa4, 0xa4, 0xa4, 0xff, 0xa4, 0xa4, 0xa4, 0xff,
  0xa4, 0xa4, 0xa4, 0xff, 0xa4, 0xa4, 0xa4, 0xff, 0xa4, 0xa4, 0xa4, 0xff, 0xa4, 0xa4, 0xa4, 0xff, 0xa4, 0xa4, 0xa4, 0xff, 0xa4, 0xa4, 0xa4, 0xff, 0xa4, 0xa4, 0xa4, 0xff, 0xa4, 0xa4, 0xa4, 0xff,
  0xa4, 0xa4, 0xa4, 0xff, 0xa4, 0xa4, 0xa4, 0xff, 0xa4, 0xa4, 0xa4, 0xff, 0xa4, 0xa4, 0xa4, 0xff, 0xa4, 0xa4, 0xa4, 0xff, 0xa4, 0xa4, 0xa4, 0xff, 0xa4, 0xa4, 0xa4, 0xff, 0xa4, 0xa4, 0xa4, 0xff,
  0xa4, 0xa4, 0xa4, 0xff, 0xa4, 0xa4, 0xa4, 0xff, 0xa4, 0xa4, 0xa4, 0xff, 0xa4, 0xa4, 0xa4, 0xff, 0xa4, 0xa4, 0xa4, 0xff, 0xa4, 0xa4, 0xa4, 0xff, 0xa4, 0xa4, 0xa4, 0xff, 0xa4, 0xa4, 0xa4, 0xff,
  0xa4, 0xa4, 0xa4, 0xff, 0xa4, 0xa4, 0xa4, 0xff, 0xa4, 0xa4, 0xa4, 0xff, 0xa4, 0xa4, 0xa4, 0xff, 0xa4, 0xa4, 0xa4, 0xff, 0xa4, 0xa4, 0xa4, 0xff, 0xa4, 0xa4, 0xa4, 0xff, 0xa4, 0xa4, 0xa4, 0xff,
  0xa4, 0xa4, 0xa4, 0xff, 0xa4, 0xa4, 0xa4, 0xff, 0xa4, 0xa4, 0xa4, 0xff, 0xa4, 0xa4, 0xa4, 0xff, 0xa4, 0xa4, 0xa4, 0xff, 0xa4, 0xa4, 0xa4, 0xff, 0xa4, 0xa4, 0xa4, 0xff, 0xa4, 0xa4, 0xa4, 0xff,
  0xa4, 0xa4, 0xa4, 0xff, 0xa4, 0xa4, 0xa4, 0xff, 0xa4, 0xa4, 0xa4, 0xff, 0xa4, 0xa4, 0xa4, 0xff, 0xa4, 0xa4, 0xa4, 0xff, 0xa4, 0xa4, 0xa4, 0xff, 0xa4, 0xa4, 0xa4, 0xff, 0xa4, 0xa4, 0xa4, 0xff,
  0xa4, 0xa4, 0xa4, 0xff, 0xa4, 0xa4, 0xa4, 0xff, 0xa4, 0xa4, 0xa4, 0xff, 0xa4, 0xa4, 0xa4, 0xff, 0xa4, 0xa4, 0xa4, 0xff, 0xa4, 0xa4, 0xa4, 0xff, 0xa4, 0xa4, 0xa4, 0xff, 0xa4, 0xa4, 0xa4, 0xff,
  0xa4, 0xa4, 0xa4, 0xff, 0xa4, 0xa4, 0xa4, 0xff, 0xa4, 0xa4, 0xa4, 0xff, 0xa4, 0xa4, 0xa4, 0xff, 0xa4, 0xa4, 0xa4, 0xff, 0xa4, 0xa4, 0xa4, 0xff, 0xa4, 0xa4, 0xa4, 0xff, 0xa4, 0xa4, 0xa4, 0xff,
  0xa4, 0xa4, 0xa4, 0xff, 0xa4, 0xa4, 0xa4, 0xff, 0xa4, 0xa4, 0xa4, 0xff, 0xa4, 0xa4, 0xa4, 0xff, 0xa4, 0xa4, 0xa4, 0xff, 0xa4, 0xa4, 0xa4, 0xff, 0xa4, 0xa4, 0xa4, 0xff, 0xa4, 0xa4, 0xa4, 0xff,
  0x4a, 0x4a, 0x4a, 0xff, 0x0d, 0x0d, 0x10, 0xff, 0x11, 0x11, 0x14, 0xff, 0x11, 0x11, 0x12, 0xff, 0x11, 0x11, 0x12, 0xff, 0x11, 0x11, 0x12, 0xff, 0x11, 0x11, 0x12, 0xff, 0x11, 0x11, 0x12, 0xff,
  0x11, 0x11, 0x12, 0xff, 0x11, 0x11, 0x12, 0xff, 0x11, 0x11, 0x12, 0xff, 0x11, 0x11, 0x12, 0xff, 0x11, 0x11, 0x12, 0xff, 0x11, 0x11, 0x12, 0xff, 0x11, 0x11, 0x12, 0xff, 0x11, 0x11, 0x12, 0xff,
  0x11, 0x11, 0x12, 0xff, 0x11, 0x11, 0x12, 0xff, 0x11, 0x11, 0x12, 0xff, 0x11, 0x11, 0x12, 0xff, 0x12, 0x12, 0x14, 0xff, 0xaa, 0xaa, 0xac, 0x9f, 0x00, 0x00, 0x00, 0x00,
  0xcf, 0xcf, 0xcf, 0x60, 0x1a, 0x1a, 0x1a, 0xff, 0x18, 0x18, 0x18, 0xff, 0x1c, 0x1c, 0x1c, 0xff, 0x1c, 0x1c, 0x1c, 0xff, 0x1c, 0x1c, 0x1c, 0xff, 0x1c, 0x1c, 0x1c, 0xff, 0x1c, 0x1c, 0x1c, 0xff,
  0x1c, 0x1c, 0x1c, 0xff, 0x1c, 0x1c, 0x1c, 0xff, 0x1c, 0x1c, 0x1c, 0xff, 0x1c, 0x1c, 0x1c, 0xff, 0x1c, 0x1c, 0x1c, 0xff, 0x1c, 0x1c, 0x1c, 0xff, 0x1c, 0x1c, 0x1c, 0xff, 0x1c, 0x1c, 0x1c, 0xff,
  0x1c, 0x1c, 0x1c, 0xff, 0x1c, 0x1c, 0x1c, 0xff, 0x1c, 0x1c, 0x1c, 0xff, 0x1c, 0x1c, 0x1c, 0xff, 0x1c, 0x1c, 0x1c, 0xff, 0x0c, 0x0c, 0x0c, 0xff, 0x00, 0x00, 0x00, 0xff, 0x3d, 0x3d, 0x3d, 0xff,
  0x8f, 0x8f, 0x8f, 0xff, 0xa4, 0xa4, 0xa4, 0xff, 0xa4, 0xa4, 0xa4, 0xff, 0xa4, 0xa4, 0xa4, 0xff, 0xa4, 0xa4, 0xa4, 0xff, 0xa4, 0xa4, 0xa4, 0xff, 0xa4, 0xa4, 0xa4, 0xff, 0xa4, 0xa4, 0xa4, 0xff,
  0xa4, 0xa4, 0xa4, 0xff, 0xa4, 0xa4, 0xa4, 0xff, 0xa4, 0xa4, 0xa4, 0xff, 0xa4, 0xa4, 0xa4, 0xff, 0xa4, 0xa4, 0xa4, 0xff, 0xa4, 0xa4, 0xa4, 0xff, 0xa4, 0xa4, 0xa4, 0xff, 0xa4, 0xa4, 0xa4, 0xff,
  0xa4, 0xa4, 0xa4, 0xff, 0xa4, 0xa4, 0xa4, 0xff, 0xa4, 0xa4, 0xa4, 0xff, 0xa4, 0xa4, 0xa4, 0xff, 0xa4, 0xa4, 0xa4, 0xff, 0xa4, 0xa4, 0xa4, 0xff, 0xa4, 0xa4, 0xa4, 0xff, 0xa4, 0xa4, 0xa4, 0xff,
  0xa4, 0xa4, 0xa4, 0xff, 0xa4, 0xa4, 0xa4, 0xff, 0xa4, 0xa4, 0xa4, 0xff, 0xa4, 0xa4, 0xa4, 0xff, 0xa4, 0xa4, 0xa4, 0xff, 0xa4, 0xa4, 0xa4, 0xff, 0xa4, 0xa4, 0xa4, 0xff, 0xa4, 0xa4, 0xa4, 0xff,
  0xa4, 0xa4, 0xa4, 0xff, 0xa4, 0xa4, 0xa4, 0xff, 0xa4, 0xa4, 0xa4, 0xff, 0xa4, 0xa4, 0xa4, 0xff, 0xa4, 0xa4, 0xa4, 0xff, 0xa4, 0xa4, 0xa4, 0xff, 0xa4, 0xa4, 0xa4, 0xff, 0xa4, 0xa4, 0xa4, 0xff,
  0xa4, 0xa4, 0xa4, 0xff, 0xa4, 0xa4, 0xa4, 0xff, 0xa4, 0xa4, 0xa4, 0xff, 0xa4, 0xa4, 0xa4, 0xff, 0xa4, 0xa4, 0xa4, 0xff, 0xa4, 0xa4, 0xa4, 0xff, 0xa4, 0xa4, 0xa4, 0xff, 0xa4, 0xa4, 0xa4, 0xff,
  0xa4, 0xa4, 0xa4, 0xff, 0xa4, 0xa4, 0xa4, 0xff, 0xa4, 0xa4, 0xa4, 0xff, 0xa4, 0xa4, 0xa4, 0xff, 0xa4, 0xa4, 0xa4, 0xff, 0xa4, 0xa4, 0xa4, 0xff, 0xa4, 0xa4, 0xa4, 0xff, 0xa4, 0xa4, 0xa4, 0xff,
  0xa4, 0xa4, 0xa4, 0xff, 0xa4, 0xa4, 0xa4, 0xff, 0xa4, 0xa4, 0xa4, 0xff, 0xa4, 0xa4, 0xa4, 0xff, 0xa4, 0xa4, 0xa4, 0xff, 0xa4, 0xa4, 0xa4, 0xff, 0xa4, 0xa4, 0xa4, 0xff, 0xa4, 0xa4, 0xa4, 0xff,
  0xa4, 0xa4, 0xa4, 0xff, 0xa4, 0xa4, 0xa4, 0xff, 0xa4, 0xa4, 0xa4, 0xff, 0xa4, 0xa4, 0xa4, 0xff, 0xa4, 0xa4, 0xa4, 0xff, 0xa4, 0xa4, 0xa4, 0xff, 0xa4, 0xa4, 0xa4, 0xff, 0xa4, 0xa4, 0xa4, 0xff,
  0xa4, 0xa4, 0xa4, 0xff, 0xa4, 0xa4, 0xa4, 0xff, 0xa4, 0xa4, 0xa4, 0xff, 0xa4, 0xa4, 0xa4, 0xff, 0xa4, 0xa4, 0xa4, 0xff, 0xa4, 0xa4, 0xa4, 0xff, 0xa4, 0xa4, 0xa4, 0xff, 0xa4, 0xa4, 0xa4, 0xff,
  0xa4, 0xa4, 0xa4, 0xff, 0xa4, 0xa4, 0xa4, 0xff, 0xa4, 0xa4, 0xa4, 0xff, 0xa4, 0xa4, 0xa4, 0xff, 0xa4, 0xa4, 0xa4, 0xff, 0xa4, 0xa4, 0xa4, 0xff, 0xa4, 0xa4, 0xa4, 0xff, 0xa4, 0xa4, 0xa4, 0xff,
  0xa4, 0xa4, 0xa4, 0xff, 0xa4, 0xa4, 0xa4, 0xff, 0xa4, 0xa4, 0xa4, 0xff, 0xa4, 0xa4, 0xa4, 0xff, 0xa4, 0xa4, 0xa4, 0xff, 0xa4, 0xa4, 0xa4, 0xff, 0xa4, 0xa4, 0xa4, 0xff, 0xa4, 0xa4, 0xa4, 0xff,
  0xa4, 0xa4, 0xa4, 0xff, 0xa4, 0xa4, 0xa4, 0xff, 0xa4, 0xa4, 0xa4, 0xff, 0xa4, 0xa4, 0xa4, 0xff, 0xa4, 0xa4, 0xa4, 0xff, 0xa4, 0xa4, 0xa4, 0xff, 0xa4, 0xa4, 0xa4, 0xff, 0xa4, 0xa4, 0xa4, 0xff,
  0xa4, 0xa4, 0xa4, 0xff, 0xa4, 0xa4, 0xa4, 0xff, 0xa4, 0xa4, 0xa4, 0xff, 0xa4, 0xa4, 0xa4, 0xff, 0xa4, 0xa4, 0xa4, 0xff, 0xa4, 0xa4, 0xa4, 0xff, 0xa4, 0xa4, 0xa4, 0xff, 0xa4, 0xa4, 0xa4, 0xff,
  0xa4, 0xa4, 0xa4, 0xff, 0xa4, 0xa4, 0xa4, 0xff, 0xa4, 0xa4, 0xa4, 0xff, 0xa4, 0xa4, 0xa4, 0xff, 0xa4, 0xa4, 0xa4, 0xff, 0xa4, 0xa4, 0xa4, 0xff, 0xa4, 0xa4, 0xa4, 0xff, 0xa4, 0xa4, 0xa4, 0xff,
  0xa4, 0xa4, 0xa4, 0xff, 0xa4, 0xa4, 0xa4, 0xff, 0xa4, 0xa4, 0xa4, 0xff, 0xa4, 0xa4, 0xa4, 0xff, 0xa4, 0xa4, 0xa4, 0xff, 0xa4, 0xa4, 0xa4, 0xff, 0xa4, 0xa4, 0xa4, 0xff, 0xa4, 0xa4, 0xa4, 0xff,
  0xa4, 0xa4, 0xa4, 0xff, 0xa4, 0xa4, 0xa4, 0xff, 0xa4, 0xa4, 0xa4, 0xff, 0xa4, 0xa4, 0xa4, 0xff, 0xa4, 0xa4, 0xa4, 0xff, 0xa4, 0xa4, 0xa4, 0xff, 0xa4, 0xa4, 0xa4, 0xff, 0xa4, 0xa4, 0xa4, 0xff,
  0xa4, 0xa4, 0xa4, 0xff, 0xa4, 0xa4, 0xa4, 0xff, 0xa4, 0xa4, 0xa4, 0xff, 0xa4, 0xa4, 0xa4, 0xff, 0xa4, 0xa4, 0xa4, 0xff, 0xa4, 0xa4, 0xa4, 0xff, 0xa4, 0xa4, 0xa4, 0xff, 0xa4, 0xa4, 0xa4, 0xff,
  0xa4, 0xa4, 0xa4, 0xff, 0xa4, 0xa4, 0xa4, 0xff, 0xa4, 0xa4, 0xa4, 0xff, 0xa4, 0xa4, 0xa4, 0xff, 0xa4, 0xa4, 0xa4, 0xff, 0xa4, 0xa4, 0xa4, 0xff, 0x8f, 0x8f, 0x8f, 0xff, 0x2d, 0x2d, 0x2e, 0xff,
  0x11, 0x11, 0x13, 0xff, 0x11, 0x11, 0x14, 0xff, 0x11, 0x11, 0x12, 0xff, 0x11, 0x11, 0x12, 0xff, 0x11, 0x11, 0x12, 0xff, 0x11, 0x11, 0x12, 0xff, 0x11, 0x11, 0x12, 0xff, 0x11, 0x11, 0x12, 0xff,
  0x11, 0x11, 0x12, 0xff, 0x11, 0x11, 0x12, 0xff, 0x11, 0x11, 0x12, 0xff, 0x11, 0x11, 0x12, 0xff, 0x11, 0x11, 0x12, 0xff, 0x11, 0x11, 0x12, 0xff, 0x11, 0x11, 0x12, 0xff, 0x11, 0x11, 0x12, 0xff,
  0x11, 0x11, 0x12, 0xff, 0x11, 0x11, 0x12, 0xff, 0x11, 0x11, 0x12, 0xff, 0x11, 0x11, 0x12, 0xff, 0x12, 0x12, 0x14, 0xff, 0xaa, 0xaa, 0xac, 0x9f, 0x00, 0x00, 0x00, 0x00,
  0xcf, 0xcf, 0xcf, 0x60, 0x1a, 0x1a, 0x1a, 0xff, 0x18, 0x18, 0x18, 0xff, 0x1c, 0x1c, 0x1c, 0xff, 0x1c, 0x1c, 0x1c, 0xff, 0x1c, 0x1c, 0x1c, 0xff, 0x1c, 0x1c, 0x1c, 0xff, 0x1c, 0x1c, 0x1c, 0xff,
  0x1c, 0x1c, 0x1c, 0xff, 0x1c, 0x1c, 0x1c, 0xff, 0x1c, 0x1c, 0x1c, 0xff, 0x1c, 0x1c, 0x1c, 0xff, 0x1c, 0x1c, 0x1c, 0xff, 0x1c, 0x1c, 0x1c, 0xff, 0x1c, 0x1c, 0x1c, 0xff, 0x1c, 0x1c, 0x1c, 0xff,
  0x1c, 0x1c, 0x1c, 0xff, 0x1c, 0x1c, 0x1c, 0xff, 0x1c, 0x1c, 0x1c, 0xff, 0x1c, 0x1c, 0x1c, 0xff, 0x1c, 0x1c, 0x1c, 0xff, 0x1c, 0x1c, 0x1c, 0xff, 0x11, 0x11, 0x11, 0xff, 0x03, 0x03, 0x03, 0xff,
  0x14, 0x14, 0x14, 0xff, 0x7b, 0x7b, 0x7b, 0xff, 0xa4, 0xa4, 0xa4, 0xff, 0xa4, 0xa4, 0xa4, 0xff, 0xa4, 0xa4, 0xa4, 0xff, 0xa4, 0xa4, 0xa4, 0xff, 0xa4, 0xa4, 0xa4, 0xff, 0xa4, 0xa4, 0xa4, 0xff,
  0xa4, 0xa4, 0xa4, 0xff, 0xa4, 0xa4, 0xa4, 0xff, 0xa4, 0xa4, 0xa4, 0xff, 0xa4, 0xa4, 0xa4, 0xff, 0xa4, 0xa4, 0xa4, 0xff, 0xa4, 0xa4, 0xa4, 0xff, 0xa4, 0xa4, 0xa4, 0xff, 0xa4, 0xa4, 0xa4, 0xff,
  0xa4, 0xa4, 0xa4, 0xff, 0xa4, 0xa4, 0xa4, 0xff, 0xa4, 0xa4, 0xa4, 0xff, 0xa4, 0xa4, 0xa4, 0xff, 0xa4, 0xa4, 0xa4, 0xff, 0xa4, 0xa4, 0xa4, 0xff, 0xa4, 0xa4, 0xa4, 0xff, 0xa4, 0xa4, 0xa4, 0xff,
  0xa4, 0xa4, 0xa4, 0xff, 0xa4, 0xa4, 0xa4, 0xff, 0xa4, 0xa4, 0xa4, 0xff, 0xa4, 0xa4, 0xa4, 0xff, 0xa4, 0xa4, 0xa4, 0xff, 0xa4, 0xa4, 0xa4, 0xff, 0xa4, 0xa4, 0xa4, 0xff, 0xa4, 0xa4, 0xa4, 0xff,
  0xa4, 0xa4, 0xa4, 0xff, 0xa4, 0xa4, 0xa4, 0xff, 0xa4, 0xa4, 0xa4, 0xff, 0xa4, 0xa4, 0xa4, 0xff, 0xa4, 0xa4, 0xa4, 0xff, 0xa4, 0xa4, 0xa4, 0xff, 0xa4, 0xa4, 0xa4, 0xff, 0xa4, 0xa4, 0xa4, 0xff,
  0xa4, 0xa4, 0xa4, 0xff, 0xa4, 0xa4, 0xa4, 0xff, 0xa4, 0xa4, 0xa4, 0xff, 0xa4, 0xa4, 0xa4, 0xff, 0xa4, 0xa4, 0xa4, 0xff, 0xa4, 0xa4, 0xa4, 0xff, 0xa4, 0xa4, 0xa4, 0xff, 0xa4, 0xa4, 0xa4, 0xff,
  0xa4, 0xa4, 0xa4, 0xff, 0xa4, 0xa4, 0xa4, 0xff, 0xa4, 0xa4, 0xa4, 0xff, 0xa4, 0xa4, 0xa4, 0xff, 0xa4, 0xa4, 0xa4, 0xff, 0xa4, 0xa4, 0xa4, 0xff, 0xa4, 0xa4, 0xa4, 0xff, 0xa4, 0xa4, 0xa4, 0xff,
  0xa4, 0xa4, 0xa4, 0xff, 0xa4, 0xa4, 0xa4, 0xff, 0xa4, 0xa4, 0xa4, 0xff, 0xa4, 0xa4, 0xa4, 0xff, 0xa4, 0xa4, 0xa4, 0xff, 0xa4, 0xa4, 0xa4, 0xff, 0xa4, 0xa4, 0xa4, 0xff, 0xa4, 0xa4, 0xa4, 0xff,
  0xa4, 0xa4, 0xa4, 0xff, 0xa4, 0xa4, 0xa4, 0xff, 0xa4, 0xa4, 0xa4, 0xff, 0xa4, 0xa4, 0xa4, 0xff, 0xa4, 0xa4, 0xa4, 0xff, 0xa4, 0xa4, 0xa4, 0xff, 0xa4, 0xa4, 0xa4, 0xff, 0xa4, 0xa4, 0xa4, 0xff,
  0xa4, 0xa4, 0xa4, 0xff, 0xa4, 0xa4, 0xa4, 0xff, 0xa4, 0xa4, 0xa4, 0xff, 0xa4, 0xa4, 0xa4, 0xff, 0xa4, 0xa4, 0xa4, 0xff, 0xa4, 0xa4, 0xa4, 0xff, 0xa4, 0xa4, 0xa4, 0xff, 0xa4, 0xa4, 0xa4, 0xff,
  0xa4, 0xa4, 0xa4, 0xff, 0xa4, 0xa4, 0xa4, 0xff, 0xa4, 0xa4, 0xa4, 0xff, 0xa4, 0xa4, 0xa4, 0xff, 0xa4, 0xa4, 0xa4, 0xff, 0xa4, 0xa4, 0xa4, 0xff, 0xa4, 0xa4, 0xa4, 0xff, 0xa4, 0xa4, 0xa4, 0xff,
  0xa4, 0xa4, 0xa4, 0xff, 0xa4, 0xa4, 0xa4, 0xff, 0xa4, 0xa4, 0xa4, 0xff, 0xa4, 0xa4, 0xa4, 0xff, 0xa4, 0xa4, 0xa4, 0xff, 0xa4, 0xa4, 0xa4, 0xff, 0xa4, 0xa4, 0xa4, 0xff, 0xa4, 0xa4, 0xa4, 0xff,
  0xa4, 0xa4, 0xa4, 0xff, 0xa4, 0xa4, 0xa4, 0xff, 0xa4, 0xa4, 0xa4, 0xff, 0xa4, 0xa4, 0xa4, 0xff, 0xa4, 0xa4, 0xa4, 0xff, 0xa4, 0xa4, 0xa4, 0xff, 0xa4, 0xa4, 0xa4, 0xff, 0xa4, 0xa4, 0xa4, 0xff,
  0xa4, 0xa4, 0xa4, 0xff, 0xa4, 0xa4, 0xa4, 0xff, 0xa4, 0xa4, 0xa4, 0xff, 0xa4, 0xa4, 0xa4, 0xff, 0xa4, 0xa4, 0xa4, 0xff, 0xa4, 0xa4, 0xa4, 0xff, 0xa4, 0xa4, 0xa4, 0xff, 0xa4, 0xa4, 0xa4, 0xff,
  0xa4, 0xa4, 0xa4, 0xff, 0xa4, 0xa4, 0xa4, 0xff, 0xa4, 0xa4, 0xa4, 0xff, 0xa4, 0xa4, 0xa4, 0xff, 0xa4, 0xa4, 0xa4, 0xff, 0xa4, 0xa4, 0xa4, 0xff, 0xa4, 0xa4, 0xa4, 0xff, 0xa4, 0xa4, 0xa4, 0xff,
  0xa4, 0xa4, 0xa4, 0xff, 0xa4, 0xa4, 0xa4, 0xff, 0xa4, 0xa4, 0xa4, 0xff, 0xa4, 0xa4, 0xa4, 0xff, 0xa4, 0xa4, 0xa4, 0xff, 0xa4, 0xa4, 0xa4, 0xff, 0xa4, 0xa4, 0xa4, 0xff, 0xa4, 0xa4, 0xa4, 0xff,
  0xa4, 0xa4, 0xa4, 0xff, 0xa4, 0xa4, 0xa4, 0xff, 0xa4, 0xa4, 0xa4, 0xff, 0xa4, 0xa4, 0xa4, 0xff, 0xa4, 0xa4, 0xa4, 0xff, 0xa4, 0xa4, 0xa4, 0xff, 0xa4, 0xa4, 0xa4, 0xff, 0xa4, 0xa4, 0xa4, 0xff,
  0xa4, 0xa4, 0xa4, 0xff, 0xa4, 0xa4, 0xa4, 0xff, 0xa4, 0xa4, 0xa4, 0xff, 0xa4, 0xa4, 0xa4, 0xff, 0xa4, 0xa4, 0xa4, 0xff, 0xa4, 0xa4, 0xa4, 0xff, 0xa4, 0xa4, 0xa4, 0xff, 0xa4, 0xa4, 0xa4, 0xff,
  0xa4, 0xa4, 0xa4, 0xff, 0xa4, 0xa4, 0xa4, 0xff, 0xa4, 0xa4, 0xa4, 0xff, 0xa4, 0xa4, 0xa4, 0xff, 0xa4, 0xa4, 0xa4, 0xff, 0x7b, 0x7b, 0x7b, 0xff, 0x14, 0x14, 0x16, 0xff, 0x12, 0x12, 0x14, 0xff,
  0x11, 0x11, 0x13, 0xff, 0x11, 0x11, 0x12, 0xff, 0x11, 0x11, 0x12, 0xff, 0x11, 0x11, 0x12, 0xff, 0x11, 0x11, 0x12, 0xff, 0x11, 0x11, 0x12, 0xff, 0x11, 0x11, 0x12, 0xff, 0x11, 0x11, 0x12, 0xff,
  0x11, 0x11, 0x12, 0xff, 0x11, 0x11, 0x12, 0xff, 0x11, 0x11, 0x12, 0xff, 0x11, 0x11, 0x12, 0xff, 0x11, 0x11, 0x12, 0xff, 0x11, 0x11, 0x12, 0xff, 0x11, 0x11, 0x12, 0xff, 0x11, 0x11, 0x12, 0xff,
  0x11, 0x11, 0x12, 0xff, 0x11, 0x11, 0x12, 0xff, 0x11, 0x11, 0x12, 0xff, 0x11, 0x11, 0x12, 0xff, 0x12, 0x12, 0x14, 0xff, 0xaa, 0xaa, 0xac, 0x9f, 0x00, 0x00, 0x00, 0x00,
  0xcf, 0xcf, 0xcf, 0x60, 0x1a, 0x1a, 0x1a, 0xff, 0x18, 0x18, 0x18, 0xff, 0x1c, 0x1c, 0x1c, 0xff, 0x1c, 0x1c, 0x1c, 0xff, 0x1c, 0x1c, 0x1c, 0xff, 0x1c, 0x1c, 0x1c, 0xff, 0x1c, 0x1c, 0x1c, 0xff,
  0x1c, 0x1c, 0x1c, 0xff, 0x1c, 0x1c, 0x1c, 0xff, 0x1c, 0x1c, 0x1c, 0xff, 0x1c, 0x1c, 0x1c, 0xff, 0x1c, 0x1c, 0x1c, 0xff, 0x1c, 0x1c, 0x1c, 0xff, 0x1c, 0x1c, 0x1c, 0xff, 0x1c, 0x1c, 0x1c, 0xff,
  0x1c, 0x1c, 0x1c, 0xff, 0x1c, 0x1c, 0x1c, 0xff, 0x1c, 0x1c, 0x1c, 0xff, 0x1c, 0x1c, 0x1c, 0xff, 0x1c, 0x1c, 0x1c, 0xff, 0x1c, 0x1c, 0x1c, 0xff, 0x1c, 0x1c, 0x1c, 0xff, 0x19, 0x19, 0x19, 0xff,
  0x07, 0x07, 0x07, 0xff, 0x00, 0x00, 0x00, 0xff, 0x52, 0x52, 0x52, 0xff, 0xa4, 0xa4, 0xa4, 0xff, 0xa4, 0xa4, 0xa4, 0xff, 0xa4, 0xa4, 0xa4, 0xff, 0xa4, 0xa4, 0xa4, 0xff, 0xa4, 0xa4, 0xa4, 0xff,
  0xa4, 0xa4, 0xa4, 0xff, 0xa4, 0xa4, 0xa4, 0xff, 0xa4, 0xa4, 0xa4, 0xff, 0xa4, 0xa4, 0xa4, 0xff, 0xa4, 0xa4, 0xa4, 0xff, 0xa4, 0xa4, 0xa4, 0xff, 0xa4, 0xa4, 0xa4, 0xff, 0xa4, 0xa4, 0xa4, 0xff,
  0xa4, 0xa4, 0xa4, 0xff, 0xa4, 0xa4, 0xa4, 0xff, 0xa4, 0xa4, 0xa4, 0xff, 0xa4, 0xa4, 0xa4, 0xff, 0xa4, 0xa4, 0xa4, 0xff, 0xa4, 0xa4, 0xa4, 0xff, 0xa4, 0xa4, 0xa4, 0xff, 0xa4, 0xa4, 0xa4, 0xff,
  0xa4, 0xa4, 0xa4, 0xff, 0xa4, 0xa4, 0xa4, 0xff, 0xa4, 0xa4, 0xa4, 0xff, 0xa4, 0xa4, 0xa4, 0xff, 0xa4, 0xa4, 0xa4, 0xff, 0xa4, 0xa4, 0xa4, 0xff, 0xa4, 0xa4, 0xa4, 0xff, 0xa4, 0xa4, 0xa4, 0xff,
  0xa4, 0xa4, 0xa4, 0xff, 0xa4, 0xa4, 0xa4, 0xff, 0xa4, 0xa4, 0xa4, 0xff, 0xa4, 0xa4, 0xa4, 0xff, 0xa4, 0xa4, 0xa4, 0xff, 0xa4, 0xa4, 0xa4, 0xff, 0xa4, 0xa4, 0xa4, 0xff, 0xa4, 0xa4, 0xa4, 0xff,
  0xa4, 0xa4, 0xa4, 0xff, 0xa4, 0xa4, 0xa4, 0xff, 0xa4, 0xa4, 0xa4, 0xff, 0xa4, 0xa4, 0xa4, 0xff, 0xa4, 0xa4, 0xa4, 0xff, 0xa4, 0xa4, 0xa4, 0xff, 0xa4, 0xa4, 0xa4, 0xff, 0xa4, 0xa4, 0xa4, 0xff,
  0xa4, 0xa4, 0xa4, 0xff, 0xa4, 0xa4, 0xa4, 0xff, 0xa4, 0xa4, 0xa4, 0xff, 0xa4, 0xa4, 0xa4, 0xff, 0xa4, 0xa4, 0xa4, 0xff, 0xa4, 0xa4, 0xa4, 0xff, 0xa4, 0xa4, 0xa4, 0xff, 0xa4, 0xa4, 0xa4, 0xff,
  0xa4, 0xa4, 0xa4, 0xff, 0xa4, 0xa4, 0xa4, 0xff, 0xa4, 0xa4, 0xa4, 0xff, 0xa4, 0xa4, 0xa4, 0xff, 0xa4, 0xa4, 0xa4, 0xff, 0xa4, 0xa4, 0xa4, 0xff, 0xa4, 0xa4, 0xa4, 0xff, 0xa4, 0xa4, 0xa4, 0xff,
  0xa4, 0xa4, 0xa4, 0xff, 0xa4, 0xa4, 0xa4, 0xff, 0xa4, 0xa4, 0xa4, 0xff, 0xa4, 0xa4, 0xa4, 0xff, 0xa4, 0xa4, 0xa4, 0xff, 0xa4, 0xa4, 0xa4, 0xff, 0xa4, 0xa4, 0xa4, 0xff, 0xa4, 0xa4, 0xa4, 0xff,
  0xa4, 0xa4, 0xa4, 0xff, 0xa4, 0xa4, 0xa4, 0xff, 0xa4, 0xa4, 0xa4, 0xff, 0xa4, 0xa4, 0xa4, 0xff, 0xa4, 0xa4, 0xa4, 0xff, 0xa4, 0xa4, 0xa4, 0xff, 0xa4, 0xa4, 0xa4, 0xff, 0xa4, 0xa4, 0xa4, 0xff,
  0xa4, 0xa4, 0xa4, 0xff, 0xa4, 0xa4, 0xa4, 0xff, 0xa4, 0xa4, 0xa4, 0xff, 0xa4, 0xa4, 0xa4, 0xff, 0xa4, 0xa4, 0xa4, 0xff, 0xa4, 0xa4, 0xa4, 0xff, 0xa4, 0xa4, 0xa4, 0xff, 0xa4, 0xa4, 0xa4, 0xff,
  0xa4, 0xa4, 0xa4, 0xff, 0xa4, 0xa4, 0xa4, 0xff, 0xa4, 0xa4, 0xa4, 0xff, 0xa4, 0xa4, 0xa4, 0xff, 0xa4, 0xa4, 0xa4, 0xff, 0xa4, 0xa4, 0xa4, 0xff, 0xa4, 0xa4, 0xa4, 0xff, 0xa4, 0xa4, 0xa4, 0xff,
  0xa4, 0xa4, 0xa4, 0xff, 0xa4, 0xa4, 0xa4, 0xff, 0xa4, 0xa4, 0xa4, 0xff, 0xa4, 0xa4, 0xa4, 0xff, 0xa4, 0xa4, 0xa4, 0xff, 0xa4, 0xa4, 0xa4, 0xff, 0xa4, 0xa4, 0xa4, 0xff, 0xa4, 0xa4, 0xa4, 0xff,
  0xa4, 0xa4, 0xa4, 0xff, 0xa4, 0xa4, 0xa4, 0xff, 0xa4, 0xa4, 0xa4, 0xff, 0xa4, 0xa4, 0xa4, 0xff, 0xa4, 0xa4, 0xa4, 0xff, 0xa4, 0xa4, 0xa4, 0xff, 0xa4, 0xa4, 0xa4, 0xff, 0xa4, 0xa4, 0xa4, 0xff,
  0xa4, 0xa4, 0xa4, 0xff, 0xa4, 0xa4, 0xa4, 0xff, 0xa4, 0xa4, 0xa4, 0xff, 0xa4, 0xa4, 0xa4, 0xff, 0xa4, 0xa4, 0xa4, 0xff, 0xa4, 0xa4, 0xa4, 0xff, 0xa4, 0xa4, 0xa4, 0xff, 0xa4, 0xa4, 0xa4, 0xff,
  0xa4, 0xa4, 0xa4, 0xff, 0xa4, 0xa4, 0xa4, 0xff, 0xa4, 0xa4, 0xa4, 0xff, 0xa4, 0xa4, 0xa4, 0xff, 0xa4, 0xa4, 0xa4, 0xff, 0xa4, 0xa4, 0xa4, 0xff, 0xa4, 0xa4, 0xa4, 0xff, 0xa4, 0xa4, 0xa4, 0xff,
  0xa4, 0xa4, 0xa4, 0xff, 0xa4, 0xa4, 0xa4, 0xff, 0xa4, 0xa4, 0xa4, 0xff, 0xa4, 0xa4, 0xa4, 0xff, 0xa4, 0xa4, 0xa4, 0xff, 0xa4, 0xa4, 0xa4, 0xff, 0xa4, 0xa4, 0xa4, 0xff, 0xa4, 0xa4, 0xa4, 0xff,
  0xa4, 0xa4, 0xa4, 0xff, 0xa4, 0xa4, 0xa4, 0xff, 0xa4, 0xa4, 0xa4, 0xff, 0xa4, 0xa4, 0xa4, 0xff, 0xa4, 0xa4, 0xa4, 0xff, 0xa4, 0xa4, 0xa4, 0xff, 0xa4, 0xa4, 0xa4, 0xff, 0xa4, 0xa4, 0xa4, 0xff,
  0xa4, 0xa4, 0xa4, 0xff, 0xa4, 0xa4, 0xa4, 0xff, 0xa4, 0xa4, 0xa4, 0xff, 0xa4, 0xa4, 0xa4, 0xff, 0x4a, 0x4a, 0x4a, 0xff, 0x0d, 0x0d, 0x10, 0xff, 0x11, 0x11, 0x14, 0xff, 0x11, 0x11, 0x12, 0xff,
  0x11, 0x11, 0x12, 0xff, 0x11, 0x11, 0x12, 0xff, 0x11, 0x11, 0x12, 0xff, 0x11, 0x11, 0x12, 0xff, 0x11, 0x11, 0x12, 0xff, 0x11, 0x11, 0x12, 0xff, 0x11, 0x11, 0x12, 0xff, 0x11, 0x11, 0x12, 0xff,
  0x11, 0x11, 0x12, 0xff, 0x11, 0x11, 0x12, 0xff, 0x11, 0x11, 0x12, 0xff, 0x11, 0x11, 0x12, 0xff, 0x11, 0x11, 0x12, 0xff, 0x11, 0x11, 0x12, 0xff, 0x11, 0x11, 0x12, 0xff, 0x11, 0x11, 0x12, 0xff,
  0x11, 0x11, 0x12, 0xff, 0x11, 0x11, 0x12, 0xff, 0x11, 0x11, 0x12, 0xff, 0x11, 0x11, 0x12, 0xff, 0x12, 0x12, 0x14, 0xff, 0xaa, 0xaa, 0xac, 0x9f, 0x00, 0x00, 0x00, 0x00,
  0xcf, 0xcf, 0xcf, 0x60, 0x1a, 0x1a, 0x1a, 0xff, 0x18, 0x18, 0x18, 0xff, 0x1c, 0x1c, 0x1c, 0xff, 0x1c, 0x1c, 0x1c, 0xff, 0x1c, 0x1c, 0x1c, 0xff, 0x1c, 0x1c, 0x1c, 0xff, 0x1c, 0x1c, 0x1c, 0xff,
  0x1c, 0x1c, 0x1c, 0xff, 0x1c, 0x1c, 0x1c, 0xff, 0x1c, 0x1c, 0x1c, 0xff, 0x1c, 0x1c, 0x1c, 0xff, 0x1c, 0x1c, 0x1c, 0xff, 0x1c, 0x1c, 0x1c, 0xff, 0x1c, 0x1c, 0x1c, 0xff, 0x1c, 0x1c, 0x1c, 0xff,
  0x1c, 0x1c, 0x1c, 0xff, 0x1c, 0x1c, 0x1c, 0xff, 0x1c, 0x1c, 0x1c, 0xff, 0x1c, 0x1c, 0x1c, 0xff, 0x1c, 0x1c, 0x1c, 0xff, 0x1c, 0x1c, 0x1c, 0xff, 0x1c, 0x1c, 0x1c, 0xff, 0x1c, 0x1c, 0x1c, 0xff,
  0x1c, 0x1c, 0x1c, 0xff, 0x0e, 0x0e, 0x0e, 0xff, 0x00, 0x00, 0x00, 0xff, 0x14, 0x14, 0x14, 0xff, 0x8f, 0x8f, 0x8f, 0xff, 0xa4, 0xa4, 0xa4, 0xff, 0xa4, 0xa4, 0xa4, 0xff, 0xa4, 0xa4, 0xa4, 0xff,
  0xa4, 0xa4, 0xa4, 0xff, 0xa4, 0xa4, 0xa4, 0xff, 0xa4, 0xa4, 0xa4, 0xff, 0xa4, 0xa4, 0xa4, 0xff, 0xa4, 0xa4, 0xa4, 0xff, 0xa4, 0xa4, 0xa4, 0xff, 0xa4, 0xa4, 0xa4, 0xff, 0xa4, 0xa4, 0xa4, 0xff,
  0xa4, 0xa4, 0xa4, 0xff, 0xa4, 0xa4, 0xa4, 0xff, 0xa4, 0xa4, 0xa4, 0xff, 0xa4, 0xa4, 0xa4, 0xff, 0xa4, 0xa4, 0xa4, 0xff, 0xa4, 0xa4, 0xa4, 0xff, 0xa4, 0xa4, 0xa4, 0xff, 0xa4, 0xa4, 0xa4, 0xff,
  0xa4, 0xa4, 0xa4, 0xff, 0xa4, 0xa4, 0xa4, 0xff, 0xa4, 0xa4, 0xa4, 0xff, 0xa4, 0xa4, 0xa4, 0xff, 0xa4, 0xa4, 0xa4, 0xff, 0xa4, 0xa4, 0xa4, 0xff, 0xa4, 0xa4, 0xa4, 0xff, 0xa4, 0xa4, 0xa4, 0xff,
  0xa4, 0xa4, 0xa4, 0xff, 0xa4, 0xa4, 0xa4, 0xff, 0xa4, 0xa4, 0xa4, 0xff, 0xa4, 0xa4, 0xa4, 0xff, 0xa4, 0xa4, 0xa4, 0xff, 0xa4, 0xa4, 0xa4, 0xff, 0xa4, 0xa4, 0xa4, 0xff, 0xa4, 0xa4, 0xa4, 0xff,
  0xa4, 0xa4, 0xa4, 0xff, 0xa4, 0xa4, 0xa4, 0xff, 0xa4, 0xa4, 0xa4, 0xff, 0xa4, 0xa4, 0xa4, 0xff, 0xa4, 0xa4, 0xa4, 0xff, 0xa4, 0xa4, 0xa4, 0xff, 0xa4, 0xa4, 0xa4, 0xff, 0xa4, 0xa4, 0xa4, 0xff,
  0xa4, 0xa4, 0xa4, 0xff, 0xa4, 0xa4, 0xa4, 0xff, 0xa4, 0xa4, 0xa4, 0xff, 0xa4, 0xa4, 0xa4, 0xff, 0xa4, 0xa4, 0xa4, 0xff, 0xa4, 0xa4, 0xa4, 0xff, 0xa4, 0xa4, 0xa4, 0xff, 0xa4, 0xa4, 0xa4, 0xff,
  0xa4, 0xa4, 0xa4, 0xff, 0xa4, 0xa4, 0xa4, 0xff, 0xa4, 0xa4, 0xa4, 0xff, 0xa4, 0xa4, 0xa4, 0xff, 0xa4, 0xa4, 0xa4, 0xff, 0xa4, 0xa4, 0xa4, 0xff, 0xa4, 0xa4, 0xa4, 0xff, 0xa4, 0xa4, 0xa4, 0xff,
  0xa4, 0xa4, 0xa4, 0xff, 0xa4, 0xa4, 0xa4, 0xff, 0xa4, 0xa4, 0xa4, 0xff, 0xa4, 0xa4, 0xa4, 0xff, 0xa4, 0xa4, 0xa4, 0xff, 0xa4, 0xa4, 0xa4, 0xff, 0xa4, 0xa4, 0xa4, 0xff, 0xa4, 0xa4, 0xa4, 0xff,
  0xa4, 0xa4, 0xa4, 0xff, 0xa4, 0xa4, 0xa4, 0xff, 0xa4, 0xa4, 0xa4, 0xff, 0xa4, 0xa4, 0xa4, 0xff, 0xa4, 0xa4, 0xa4, 0xff, 0xa4, 0xa4, 0xa4, 0xff, 0xa4, 0xa4, 0xa4, 0xff, 0xa4, 0xa4, 0xa4, 0xff,
  0xa4, 0xa4, 0xa4, 0xff, 0xa4, 0xa4, 0xa4, 0xff, 0xa4, 0xa4, 0xa4, 0xff, 0xa4, 0xa4, 0xa4, 0xff, 0xa4, 0xa4, 0xa4, 0xff, 0xa4, 0xa4, 0xa4, 0xff, 0xa4, 0xa4, 0xa4, 0xff, 0xa4, 0xa4, 0xa4, 0xff,
  0xa4, 0xa4, 0xa4, 0xff, 0xa4, 0xa4, 0xa4, 0xff, 0xa4, 0xa4, 0xa4, 0xff, 0xa4, 0xa4, 0xa4, 0xff, 0xa4, 0xa4, 0xa4, 0xff, 0xa4, 0xa4, 0xa4, 0xff, 0xa4, 0xa4, 0xa4, 0xff, 0xa4, 0xa4, 0xa4, 0xff,
  0xa4, 0xa4, 0xa4, 0xff, 0xa4, 0xa4, 0xa4, 0xff, 0xa4, 0xa4, 0xa4, 0xff, 0xa4, 0xa4, 0xa4, 0xff, 0xa4, 0xa4, 0xa4, 0xff, 0xa4, 0xa4, 0xa4, 0xff, 0xa4, 0xa4, 0xa4, 0xff, 0xa4, 0xa4, 0xa4, 0xff,
  0xa4, 0xa4, 0xa4, 0xff, 0xa4, 0xa4, 0xa4, 0xff, 0xa4, 0xa4, 0xa4, 0xff, 0xa4, 0xa4, 0xa4, 0xff, 0xa4, 0xa4, 0xa4, 0xff, 0xa4, 0xa4, 0xa4, 0xff, 0xa4, 0xa4, 0xa4, 0xff, 0xa4, 0xa4, 0xa4, 0xff,
  0xa4, 0xa4, 0xa4, 0xff, 0xa4, 0xa4, 0xa4, 0xff, 0xa4, 0xa4, 0xa4, 0xff, 0xa4, 0xa4, 0xa4, 0xff, 0xa4, 0xa4, 0xa4, 0xff, 0xa4, 0xa4, 0xa4, 0xff, 0xa4, 0xa4, 0xa4, 0xff, 0xa4, 0xa4, 0xa4, 0xff,
  0xa4, 0xa4, 0xa4, 0xff, 0xa4, 0xa4, 0xa4, 0xff, 0xa4, 0xa4, 0xa4, 0xff, 0xa4, 0xa4, 0xa4, 0xff, 0xa4, 0xa4, 0xa4, 0xff, 0xa4, 0xa4, 0xa4, 0xff, 0xa4, 0xa4, 0xa4, 0xff, 0xa4, 0xa4, 0xa4, 0xff,
  0xa4, 0xa4, 0xa4, 0xff, 0xa4, 0xa4, 0xa4, 0xff, 0xa4, 0xa4, 0xa4, 0xff, 0xa4, 0xa4, 0xa4, 0xff, 0xa4, 0xa4, 0xa4, 0xff, 0xa4, 0xa4, 0xa4, 0xff, 0xa4, 0xa4, 0xa4, 0xff, 0xa4, 0xa4, 0xa4, 0xff,
  0xa4, 0xa4, 0xa4, 0xff, 0xa4, 0xa4, 0xa4, 0xff, 0xa4, 0xa4, 0xa4, 0xff, 0xa4, 0xa4, 0xa4, 0xff, 0xa4, 0xa4, 0xa4, 0xff, 0xa4, 0xa4, 0xa4, 0xff, 0xa4, 0xa4, 0xa4, 0xff, 0xa4, 0xa4, 0xa4, 0xff,
  0xa4, 0xa4, 0xa4, 0xff, 0xa4, 0xa4, 0xa4, 0xff, 0x8f, 0x8f, 0x8f, 0xff, 0x2d, 0x2d, 0x2e, 0xff, 0x11, 0x11, 0x13, 0xff, 0x11, 0x11, 0x14, 0xff, 0x11, 0x11, 0x12, 0xff, 0x11, 0x11, 0x12, 0xff,
  0x11, 0x11, 0x12, 0xff, 0x11, 0x11, 0x12, 0xff, 0x11, 0x11, 0x12, 0xff, 0x11, 0x11, 0x12, 0xff, 0x11, 0x11, 0x12, 0xff, 0x11, 0x11, 0x12, 0xff, 0x11, 0x11, 0x12, 0xff, 0x11, 0x11, 0x12, 0xff,
  0x11, 0x11, 0x12, 0xff, 0x11, 0x11, 0x12, 0xff, 0x11, 0x11, 0x12, 0xff, 0x11, 0x11, 0x12, 0xff, 0x11, 0x11, 0x12, 0xff, 0x11, 0x11, 0x12, 0xff, 0x11, 0x11, 0x12, 0xff, 0x11, 0x11, 0x12, 0xff,
  0x11, 0x11, 0x12, 0xff, 0x11, 0x11, 0x12, 0xff, 0x11, 0x11, 0x12, 0xff, 0x11, 0x11, 0x12, 0xff, 0x12, 0x12, 0x14, 0xff, 0xaa, 0xaa, 0xac, 0x9f, 0x00, 0x00, 0x00, 0x00,
  0xcf, 0xcf, 0xcf, 0x60, 0x1a, 0x1a, 0x1a, 0xff, 0x18, 0x18, 0x18, 0xff, 0x1c, 0x1c, 0x1c, 0xff, 0x1c, 0x1c, 0x1c, 0xff, 0x1c, 0x1c, 0x1c, 0xff, 0x1c, 0x1c, 0x1c, 0xff, 0x1c, 0x1c, 0x1c, 0xff,
  0x1c, 0x1c, 0x1c, 0xff, 0x1c, 0x1c, 0x1c, 0xff, 0x1c, 0x1c, 0x1c, 0xff, 0x1c, 0x1c, 0x1c, 0xff, 0x1c, 0x1c, 0x1c, 0xff, 0x1c, 0x1c, 0x1c, 0xff, 0x1c, 0x1c, 0x1c, 0xff, 0x1c, 0x1c, 0x1c, 0xff,
  0x1c, 0x1c, 0x1c, 0xff, 0x1c, 0x1c, 0x1c, 0xff, 0x1c, 0x1c, 0x1c, 0xff, 0x1c, 0x1c, 0x1c, 0xff, 0x1c, 0x1c, 0x1c, 0xff, 0x1c, 0x1c, 0x1c, 0xff, 0x1c, 0x1c, 0x1c, 0xff, 0x1c, 0x1c, 0x1c, 0xff,
  0x1c, 0x1c, 0x1c, 0xff, 0x1c, 0x1c, 0x1c, 0xff, 0x16, 0x16, 0x16, 0xff, 0x03, 0x03, 0x03, 0xff, 0x14, 0x14, 0x14, 0xff, 0x66, 0x66, 0x66, 0xff, 0xa4, 0xa4, 0xa4, 0xff, 0xa4, 0xa4, 0xa4, 0xff,
  0xa4, 0xa4, 0xa4, 0xff, 0xa4, 0xa4, 0xa4, 0xff, 0xa4, 0xa4, 0xa4, 0xff, 0xa4, 0xa4, 0xa4, 0xff, 0xa4, 0xa4, 0xa4, 0xff, 0xa4, 0xa4, 0xa4, 0xff, 0xa4, 0xa4, 0xa4, 0xff, 0xa4, 0xa4, 0xa4, 0xff,
  0xa4, 0xa4, 0xa4, 0xff, 0xa4, 0xa4, 0xa4, 0xff, 0xa4, 0xa4, 0xa4, 0xff, 0xa4, 0xa4, 0xa4, 0xff, 0xa4, 0xa4, 0xa4, 0xff, 0xa4, 0xa4, 0xa4, 0xff, 0xa4, 0xa4, 0xa4, 0xff, 0xa4, 0xa4, 0xa4, 0xff,
  0xa4, 0xa4, 0xa4, 0xff, 0xa4, 0xa4, 0xa4, 0xff, 0xa4, 0xa4, 0xa4, 0xff, 0xa4, 0xa4, 0xa4, 0xff, 0xa4, 0xa4, 0xa4, 0xff, 0xa4, 0xa4, 0xa4, 0xff, 0xa4, 0xa4, 0xa4, 0xff, 0xa4, 0xa4, 0xa4, 0xff,
  0xa4, 0xa4, 0xa4, 0xff, 0xa4, 0xa4, 0xa4, 0xff, 0xa4, 0xa4, 0xa4, 0xff, 0xa4, 0xa4, 0xa4, 0xff, 0xa4, 0xa4, 0xa4, 0xff, 0xa4, 0xa4, 0xa4, 0xff, 0xa4, 0xa4, 0xa4, 0xff, 0xa4, 0xa4, 0xa4, 0xff,
  0xa4, 0xa4, 0xa4, 0xff, 0xa4, 0xa4, 0xa4, 0xff, 0xa4, 0xa4, 0xa4, 0xff, 0xa4, 0xa4, 0xa4, 0xff, 0xa4, 0xa4, 0xa4, 0xff, 0xa4, 0xa4, 0xa4, 0xff, 0xa4, 0xa4, 0xa4, 0xff, 0xa4, 0xa4, 0xa4, 0xff,
  0xa4, 0xa4, 0xa4, 0xff, 0xa4, 0xa4, 0xa4, 0xff, 0xa4, 0xa4, 0xa4, 0xff, 0xa4, 0xa4, 0xa4, 0xff, 0xa4, 0xa4, 0xa4, 0xff, 0xa4, 0xa4, 0xa4, 0xff, 0xa4, 0xa4, 0xa4, 0xff, 0xa4, 0xa4, 0xa4, 0xff,
  0xa4, 0xa4, 0xa4, 0xff, 0xa4, 0xa4, 0xa4, 0xff, 0xa4, 0xa4, 0xa4, 0xff, 0xa4, 0xa4, 0xa4, 0xff, 0xa4, 0xa4, 0xa4, 0xff, 0xa4, 0xa4, 0xa4, 0xff, 0xa4, 0xa4, 0xa4, 0xff, 0xa4, 0xa4, 0xa4, 0xff,
  0xa4, 0xa4, 0xa4, 0xff, 0xa4, 0xa4, 0xa4, 0xff, 0xa4, 0xa4, 0xa4, 0xff, 0xa4, 0xa4, 0xa4, 0xff, 0xa4, 0xa4, 0xa4, 0xff, 0xa4, 0xa4, 0xa4, 0xff, 0xa4, 0xa4, 0xa4, 0xff, 0xa4, 0xa4, 0xa4, 0xff,
  0xa4, 0xa4, 0xa4, 0xff, 0xa4, 0xa4, 0xa4, 0xff, 0xa4, 0xa4, 0xa4, 0xff, 0xa4, 0xa4, 0xa4, 0xff, 0xa4, 0xa4, 0xa4, 0xff, 0xa4, 0xa4, 0xa4, 0xff, 0xa4, 0xa4, 0xa4, 0xff, 0xa4, 0xa4, 0xa4, 0xff,
  0xa4, 0xa4, 0xa4, 0xff, 0xa4, 0xa4, 0xa4, 0xff, 0xa4, 0xa4, 0xa4, 0xff, 0xa4, 0xa4, 0xa4, 0xff, 0xa4, 0xa4, 0xa4, 0xff, 0xa4, 0xa4, 0xa4, 0xff, 0xa4, 0xa4, 0xa4, 0xff, 0xa4, 0xa4, 0xa4, 0xff,
  0xa4, 0xa4, 0xa4, 0xff, 0xa4, 0xa4, 0xa4, 0xff, 0xa4, 0xa4, 0xa4, 0xff, 0xa4, 0xa4, 0xa4, 0xff, 0xa4, 0xa4, 0xa4, 0xff, 0xa4, 0xa4, 0xa4, 0xff, 0xa4, 0xa4, 0xa4, 0xff, 0xa4, 0xa4, 0xa4, 0xff,
  0xa4, 0xa4, 0xa4, 0xff, 0xa4, 0xa4, 0xa4, 0xff, 0xa4, 0xa4, 0xa4, 0xff, 0xa4, 0xa4, 0xa4, 0xff, 0xa4, 0xa4, 0xa4, 0xff, 0xa4, 0xa4, 0xa4, 0xff, 0xa4, 0xa4, 0xa4, 0xff, 0xa4, 0xa4, 0xa4, 0xff,
  0xa4, 0xa4, 0xa4, 0xff, 0xa4, 0xa4, 0xa4, 0xff, 0xa4, 0xa4, 0xa4, 0xff, 0xa4, 0xa4, 0xa4, 0xff, 0xa4, 0xa4, 0xa4, 0xff, 0xa4, 0xa4, 0xa4, 0xff, 0xa4, 0xa4, 0xa4, 0xff, 0xa4, 0xa4, 0xa4, 0xff,
  0xa4, 0xa4, 0xa4, 0xff, 0xa4, 0xa4, 0xa4, 0xff, 0xa4, 0xa4, 0xa4, 0xff, 0xa4, 0xa4, 0xa4, 0xff, 0xa4, 0xa4, 0xa4, 0xff, 0xa4, 0xa4, 0xa4, 0xff, 0xa4, 0xa4, 0xa4, 0xff, 0xa4, 0xa4, 0xa4, 0xff,
  0xa4, 0xa4, 0xa4, 0xff, 0xa4, 0xa4, 0xa4, 0xff, 0xa4, 0xa4, 0xa4, 0xff, 0xa4, 0xa4, 0xa4, 0xff, 0xa4, 0xa4, 0xa4, 0xff, 0xa4, 0xa4, 0xa4, 0xff, 0xa4, 0xa4, 0xa4, 0xff, 0xa4, 0xa4, 0xa4, 0xff,
  0xa4, 0xa4, 0xa4, 0xff, 0xa4, 0xa4, 0xa4, 0xff, 0xa4, 0xa4, 0xa4, 0xff, 0xa4, 0xa4, 0xa4, 0xff, 0xa4, 0xa4, 0xa4, 0xff, 0xa4, 0xa4, 0xa4, 0xff, 0xa4, 0xa4, 0xa4, 0xff, 0xa4, 0xa4, 0xa4, 0xff,
  0xa4, 0xa4, 0xa4, 0xff, 0xa4, 0xa4, 0xa4, 0xff, 0xa4, 0xa4, 0xa4, 0xff, 0xa4, 0xa4, 0xa4, 0xff, 0xa4, 0xa4, 0xa4, 0xff, 0xa4, 0xa4, 0xa4, 0xff, 0xa4, 0xa4, 0xa4, 0xff, 0xa4, 0xa4, 0xa4, 0xff,
  0xa4, 0xa4, 0xa4, 0xff, 0x7b, 0x7b, 0x7b, 0xff, 0x14, 0x14, 0x16, 0xff, 0x12, 0x12, 0x14, 0xff, 0x11, 0x11, 0x13, 0xff, 0x11, 0x11, 0x12, 0xff, 0x11, 0x11, 0x12, 0xff, 0x11, 0x11, 0x12, 0xff,
  0x11, 0x11, 0x12, 0xff, 0x11, 0x11, 0x12, 0xff, 0x11, 0x11, 0x12, 0xff, 0x11, 0x11, 0x12, 0xff, 0x11, 0x11, 0x12, 0xff, 0x11, 0x11, 0x12, 0xff, 0x11, 0x11, 0x12, 0xff, 0x11, 0x11, 0x12, 0xff,
  0x11, 0x11, 0x12, 0xff, 0x11, 0x11, 0x12, 0xff, 0x11, 0x11, 0x12, 0xff, 0x11, 0x11, 0x12, 0xff, 0x11, 0x11, 0x12, 0xff, 0x11, 0x11, 0x12, 0xff, 0x11, 0x11, 0x12, 0xff, 0x11, 0x11, 0x12, 0xff,
  0x11, 0x11, 0x12, 0xff, 0x11, 0x11, 0x12, 0xff, 0x11, 0x11, 0x12, 0xff, 0x11, 0x11, 0x12, 0xff, 0x12, 0x12, 0x14, 0xff, 0xaa, 0xaa, 0xac, 0x9f, 0x00, 0x00, 0x00, 0x00,
  0xcf, 0xcf, 0xcf, 0x60, 0x1a, 0x1a, 0x1a, 0xff, 0x18, 0x18, 0x18, 0xff, 0x1c, 0x1c, 0x1c, 0xff, 0x1c, 0x1c, 0x1c, 0xff, 0x1c, 0x1c, 0x1c, 0xff, 0x1c, 0x1c, 0x1c, 0xff, 0x1c, 0x1c, 0x1c, 0xff,
  0x1c, 0x1c, 0x1c, 0xff, 0x1c, 0x1c, 0x1c, 0xff, 0x1c, 0x1c, 0x1c, 0xff, 0x1c, 0x1c, 0x1c, 0xff, 0x1c, 0x1c, 0x1c, 0xff, 0x1c, 0x1c, 0x1c, 0xff, 0x1c, 0x1c, 0x1c, 0xff, 0x1c, 0x1c, 0x1c, 0xff,
  0x1c, 0x1c, 0x1c, 0xff, 0x1c, 0x1c, 0x1c, 0xff, 0x1c, 0x1c, 0x1c, 0xff, 0x1c, 0x1c, 0x1c, 0xff, 0x1c, 0x1c, 0x1c, 0xff, 0x1c, 0x1c, 0x1c, 0xff, 0x1c, 0x1c, 0x1c, 0xff, 0x1c, 0x1c, 0x1c, 0xff,
  0x1c, 0x1c, 0x1c, 0xff, 0x1c, 0x1c, 0x1c, 0xff, 0x1c, 0x1c, 0x1c, 0xff, 0x19, 0x19, 0x19, 0xff, 0x0a, 0x0a, 0x0a, 0xff, 0x00, 0x00, 0x00, 0xff, 0x47, 0x47, 0x47, 0xff, 0x99, 0x99, 0x99, 0xff,
  0xa4, 0xa4, 0xa4, 0xff, 0xa4, 0xa4, 0xa4, 0xff, 0xa4, 0xa4, 0xa4, 0xff, 0xa4, 0xa4, 0xa4, 0xff, 0xa4, 0xa4, 0xa4, 0xff, 0xa4, 0xa4, 0xa4, 0xff, 0xa4, 0xa4, 0xa4, 0xff, 0xa4, 0xa4, 0xa4, 0xff,
  0xa4, 0xa4, 0xa4, 0xff, 0xa4, 0xa4, 0xa4, 0xff, 0xa4, 0xa4, 0xa4, 0xff, 0xa4, 0xa4, 0xa4, 0xff, 0xa4, 0xa4, 0xa4, 0xff, 0xa4, 0xa4, 0xa4, 0xff, 0xa4, 0xa4, 0xa4, 0xff, 0xa4, 0xa4, 0xa4, 0xff,
  0xa4, 0xa4, 0xa4, 0xff, 0xa4, 0xa4, 0xa4, 0xff, 0xa4, 0xa4, 0xa4, 0xff, 0xa4, 0xa4, 0xa4, 0xff, 0xa4, 0xa4, 0xa4, 0xff, 0xa4, 0xa4, 0xa4, 0xff, 0xa4, 0xa4, 0xa4, 0xff, 0xa4, 0xa4, 0xa4, 0xff,
  0xa4, 0xa4, 0xa4, 0xff, 0xa4, 0xa4, 0xa4, 0xff, 0xa4, 0xa4, 0xa4, 0xff, 0xa4, 0xa4, 0xa4, 0xff, 0xa4, 0xa4, 0xa4, 0xff, 0xa4, 0xa4, 0xa4, 0xff, 0xa4, 0xa4, 0xa4, 0xff, 0xa4, 0xa4, 0xa4, 0xff,
  0xa4, 0xa4, 0xa4, 0xff, 0xa4, 0xa4, 0xa4, 0xff, 0xa4, 0xa4, 0xa4, 0xff, 0xa4, 0xa4, 0xa4, 0xff, 0xa4, 0xa4, 0xa4, 0xff, 0xa4, 0xa4, 0xa4, 0xff, 0xa4, 0xa4, 0xa4, 0xff, 0xa4, 0xa4, 0xa4, 0xff,
  0xa4, 0xa4, 0xa4, 0xff, 0xa4, 0xa4, 0xa4, 0xff, 0xa4, 0xa4, 0xa4, 0xff, 0xa4, 0xa4, 0xa4, 0xff, 0xa4, 0xa4, 0xa4, 0xff, 0xa4, 0xa4, 0xa4, 0xff, 0xa4, 0xa4, 0xa4, 0xff, 0xa4, 0xa4, 0xa4, 0xff,
  0xa4, 0xa4, 0xa4, 0xff, 0xa4, 0xa4, 0xa4, 0xff, 0xa4, 0xa4, 0xa4, 0xff, 0xa4, 0xa4, 0xa4, 0xff, 0xa4, 0xa4, 0xa4, 0xff, 0xa4, 0xa4, 0xa4, 0xff, 0xa4, 0xa4, 0xa4, 0xff, 0xa4, 0xa4, 0xa4, 0xff,
  0xa4, 0xa4, 0xa4, 0xff, 0xa4, 0xa4, 0xa4, 0xff, 0xa4, 0xa4, 0xa4, 0xff, 0xa4, 0xa4, 0xa4, 0xff, 0xa4, 0xa4, 0xa4, 0xff, 0xa4, 0xa4, 0xa4, 0xff, 0xa4, 0xa4, 0xa4, 0xff, 0xa4, 0xa4, 0xa4, 0xff,
  0xa4, 0xa4, 0xa4, 0xff, 0xa4, 0xa4, 0xa4, 0xff, 0xa4, 0xa4, 0xa4, 0xff, 0xa4, 0xa4, 0xa4, 0xff, 0xa4, 0xa4, 0xa4, 0xff, 0xa4, 0xa4, 0xa4, 0xff, 0xa4, 0xa4, 0xa4, 0xff, 0xa4, 0xa4, 0xa4, 0xff,
  0xa4, 0xa4, 0xa4, 0xff, 0xa4, 0xa4, 0xa4, 0xff, 0xa4, 0xa4, 0xa4, 0xff, 0xa4, 0xa4, 0xa4, 0xff, 0xa4, 0xa4, 0xa4, 0xff, 0xa4, 0xa4, 0xa4, 0xff, 0xa4, 0xa4, 0xa4, 0xff, 0xa4, 0xa4, 0xa4, 0xff,
  0xa4, 0xa4, 0xa4, 0xff, 0xa4, 0xa4, 0xa4, 0xff, 0xa4, 0xa4, 0xa4, 0xff, 0xa4, 0xa4, 0xa4, 0xff, 0xa4, 0xa4, 0xa4, 0xff, 0xa4, 0xa4, 0xa4, 0xff, 0xa4, 0xa4, 0xa4, 0xff, 0xa4, 0xa4, 0xa4, 0xff,
  0xa4, 0xa4, 0xa4, 0xff, 0xa4, 0xa4, 0xa4, 0xff, 0xa4, 0xa4, 0xa4, 0xff, 0xa4, 0xa4, 0xa4, 0xff, 0xa4, 0xa4, 0xa4, 0xff, 0xa4, 0xa4, 0xa4, 0xff, 0xa4, 0xa4, 0xa4, 0xff, 0xa4, 0xa4, 0xa4, 0xff,
  0xa4, 0xa4, 0xa4, 0xff, 0xa4, 0xa4, 0xa4, 0xff, 0xa4, 0xa4, 0xa4, 0xff, 0xa4, 0xa4, 0xa4, 0xff, 0xa4, 0xa4, 0xa4, 0xff, 0xa4, 0xa4, 0xa4, 0xff, 0xa4, 0xa4, 0xa4, 0xff, 0xa4, 0xa4, 0xa4, 0xff,
  0xa4, 0xa4, 0xa4, 0xff, 0xa4, 0xa4, 0xa4, 0xff, 0xa4, 0xa4, 0xa4, 0xff, 0xa4, 0xa4, 0xa4, 0xff, 0xa4, 0xa4, 0xa4, 0xff, 0xa4, 0xa4, 0xa4, 0xff, 0xa4, 0xa4, 0xa4, 0xff, 0xa4, 0xa4, 0xa4, 0xff,
  0xa4, 0xa4, 0xa4, 0xff, 0xa4, 0xa4, 0xa4, 0xff, 0xa4, 0xa4, 0xa4, 0xff, 0xa4, 0xa4, 0xa4, 0xff, 0xa4, 0xa4, 0xa4, 0xff, 0xa4, 0xa4, 0xa4, 0xff, 0xa4, 0xa4, 0xa4, 0xff, 0xa4, 0xa4, 0xa4, 0xff,
  0xa4, 0xa4, 0xa4, 0xff, 0xa4, 0xa4, 0xa4, 0xff, 0xa4, 0xa4, 0xa4, 0xff, 0xa4, 0xa4, 0xa4, 0xff, 0xa4, 0xa4, 0xa4, 0xff, 0xa4, 0xa4, 0xa4, 0xff, 0xa4, 0xa4, 0xa4, 0xff, 0xa4, 0xa4, 0xa4, 0xff,
  0xa4, 0xa4, 0xa4, 0xff, 0xa4, 0xa4, 0xa4, 0xff, 0xa4, 0xa4, 0xa4, 0xff, 0xa4, 0xa4, 0xa4, 0xff, 0xa4, 0xa4, 0xa4, 0xff, 0xa4, 0xa4, 0xa4, 0xff, 0xa4, 0xa4, 0xa4, 0xff, 0xa4, 0xa4, 0xa4, 0xff,
  0x4a, 0x4a, 0x4a, 0xff, 0x0d, 0x0d, 0x10, 0xff, 0x11, 0x11, 0x14, 0xff, 0x11, 0x11, 0x12, 0xff, 0x11, 0x11, 0x12, 0xff, 0x11, 0x11, 0x12, 0xff, 0x11, 0x11, 0x12, 0xff, 0x11, 0x11, 0x12, 0xff,
  0x11, 0x11, 0x12, 0xff, 0x11, 0x11, 0x12, 0xff, 0x11, 0x11, 0x12, 0xff, 0x11, 0x11, 0x12, 0xff, 0x11, 0x11, 0x12, 0xff, 0x11, 0x11, 0x12, 0xff, 0x11, 0x11, 0x12, 0xff, 0x11, 0x11, 0x12, 0xff,
  0x11, 0x11, 0x12, 0xff, 0x11, 0x11, 0x12, 0xff, 0x11, 0x11, 0x12, 0xff, 0x11, 0x11, 0x12, 0xff, 0x11, 0x11, 0x12, 0xff, 0x11, 0x11, 0x12, 0xff, 0x11, 0x11, 0x12, 0xff, 0x11, 0x11, 0x12, 0xff,
  0x11, 0x11, 0x12, 0xff, 0x11, 0x11, 0x12, 0xff, 0x11, 0x11, 0x12, 0xff, 0x11, 0x11, 0x12, 0xff, 0x12, 0x12, 0x14, 0xff, 0xaa, 0xaa, 0xac, 0x9f, 0x00, 0x00, 0x00, 0x00,
  0xcf, 0xcf, 0xcf, 0x60, 0x1a, 0x1a, 0x1a, 0xff, 0x18, 0x18, 0x18, 0xff, 0x1c, 0x1c, 0x1c, 0xff, 0x1c, 0x1c, 0x1c, 0xff, 0x1c, 0x1c, 0x1c, 0xff, 0x1c, 0x1c, 0x1c, 0xff, 0x1c, 0x1c, 0x1c, 0xff,
  0x1c, 0x1c, 0x1c, 0xff, 0x1c, 0x1c, 0x1c, 0xff, 0x1c, 0x1c, 0x1c, 0xff, 0x1c, 0x1c, 0x1c, 0xff, 0x1c, 0x1c, 0x1c, 0xff, 0x1c, 0x1c, 0x1c, 0xff, 0x1c, 0x1c, 0x1c, 0xff, 0x1c, 0x1c, 0x1c, 0xff,
  0x1c, 0x1c, 0x1c, 0xff, 0x1c, 0x1c, 0x1c, 0xff, 0x1c, 0x1c, 0x1c, 0xff, 0x1c, 0x1c, 0x1c, 0xff, 0x1c, 0x1c, 0x1c, 0xff, 0x1c, 0x1c, 0x1c, 0xff, 0x1c, 0x1c, 0x1c, 0xff, 0x1c, 0x1c, 0x1c, 0xff,
  0x1c, 0x1c, 0x1c, 0xff, 0x1c, 0x1c, 0x1c, 0xff, 0x1c, 0x1c, 0x1c, 0xff, 0x1c, 0x1c, 0x1c, 0xff, 0x1c, 0x1c, 0x1c, 0xff, 0x0f, 0x0f, 0x0f, 0xff, 0x01, 0x01, 0x01, 0xff, 0x14, 0x14, 0x14, 0xff,
  0x8f, 0x8f, 0x8f, 0xff, 0xa4, 0xa4, 0xa4, 0xff, 0xa4, 0xa4, 0xa4, 0xff, 0xa4, 0xa4, 0xa4, 0xff, 0xa4, 0xa4, 0xa4, 0xff, 0xa4, 0xa4, 0xa4, 0xff, 0xa4, 0xa4, 0xa4, 0xff, 0xa4, 0xa4, 0xa4, 0xff,
  0xa4, 0xa4, 0xa4, 0xff, 0xa4, 0xa4, 0xa4, 0xff, 0xa4, 0xa4, 0xa4, 0xff, 0xa4, 0xa4, 0xa4, 0xff, 0xa4, 0xa4, 0xa4, 0xff, 0xa4, 0xa4, 0xa4, 0xff, 0xa4, 0xa4, 0xa4, 0xff, 0xa4, 0xa4, 0xa4, 0xff,
  0xa4, 0xa4, 0xa4, 0xff, 0xa4, 0xa4, 0xa4, 0xff, 0xa4, 0xa4, 0xa4, 0xff, 0xa4, 0xa4, 0xa4, 0xff, 0xa4, 0xa4, 0xa4, 0xff, 0xa4, 0xa4, 0xa4, 0xff, 0xa4, 0xa4, 0xa4, 0xff, 0xa4, 0xa4, 0xa4, 0xff,
  0xa4, 0xa4, 0xa4, 0xff, 0xa4, 0xa4, 0xa4, 0xff, 0xa4, 0xa4, 0xa4, 0xff, 0xa4, 0xa4, 0xa4, 0xff, 0xa4, 0xa4, 0xa4, 0xff, 0xa4, 0xa4, 0xa4, 0xff, 0xa4, 0xa4, 0xa4, 0xff, 0xa4, 0xa4, 0xa4, 0xff,
  0xa4, 0xa4, 0xa4, 0xff, 0xa4, 0xa4, 0xa4, 0xff, 0xa4, 0xa4, 0xa4, 0xff, 0xa4, 0xa4, 0xa4, 0xff, 0xa4, 0xa4, 0xa4, 0xff, 0xa4, 0xa4, 0xa4, 0xff, 0xa4, 0xa4, 0xa4, 0xff, 0xa4, 0xa4, 0xa4, 0xff,
  0xa4, 0xa4, 0xa4, 0xff, 0xa4, 0xa4, 0xa4, 0xff, 0xa4, 0xa4, 0xa4, 0xff, 0xa4, 0xa4, 0xa4, 0xff, 0xa4, 0xa4, 0xa4, 0xff, 0xa4, 0xa4, 0xa4, 0xff, 0xa4, 0xa4, 0xa4, 0xff, 0xa4, 0xa4, 0xa4, 0xff,
  0xa4, 0xa4, 0xa4, 0xff, 0xa4, 0xa4, 0xa4, 0xff, 0xa4, 0xa4, 0xa4, 0xff, 0xa4, 0xa4, 0xa4, 0xff, 0xa4, 0xa4, 0xa4, 0xff, 0xa4, 0xa4, 0xa4, 0xff, 0xa4, 0xa4, 0xa4, 0xff, 0xa4, 0xa4, 0xa4, 0xff,
  0xa4, 0xa4, 0xa4, 0xff, 0xa4, 0xa4, 0xa4, 0xff, 0xa4, 0xa4, 0xa4, 0xff, 0xa4, 0xa4, 0xa4, 0xff, 0xa4, 0xa4, 0xa4, 0xff, 0xa4, 0xa4, 0xa4, 0xff, 0xa4, 0xa4, 0xa4, 0xff, 0xa4, 0xa4, 0xa4, 0xff,
  0xa4, 0xa4, 0xa4, 0xff, 0xa4, 0xa4, 0xa4, 0xff, 0xa4, 0xa4, 0xa4, 0xff, 0xa4, 0xa4, 0xa4, 0xff, 0xa4, 0xa4, 0xa4, 0xff, 0xa4, 0xa4, 0xa4, 0xff, 0xa4, 0xa4, 0xa4, 0xff, 0xa4, 0xa4, 0xa4, 0xff,
  0xa4, 0xa4, 0xa4, 0xff, 0xa4, 0xa4, 0xa4, 0xff, 0xa4, 0xa4, 0xa4, 0xff, 0xa4, 0xa4, 0xa4, 0xff, 0xa4, 0xa4, 0xa4, 0xff, 0xa4, 0xa4, 0xa4, 0xff, 0xa4, 0xa4, 0xa4, 0xff, 0xa4, 0xa4, 0xa4, 0xff,
  0xa4, 0xa4, 0xa4, 0xff, 0xa4, 0xa4, 0xa4, 0xff, 0xa4, 0xa4, 0xa4, 0xff, 0xa4, 0xa4, 0xa4, 0xff, 0xa4, 0xa4, 0xa4, 0xff, 0xa4, 0xa4, 0xa4, 0xff, 0xa4, 0xa4, 0xa4, 0xff, 0xa4, 0xa4, 0xa4, 0xff,
  0xa4, 0xa4, 0xa4, 0xff, 0xa4, 0xa4, 0xa4, 0xff, 0xa4, 0xa4, 0xa4, 0xff, 0xa4, 0xa4, 0xa4, 0xff, 0xa4, 0xa4, 0xa4, 0xff, 0xa4, 0xa4, 0xa4, 0xff, 0xa4, 0xa4, 0xa4, 0xff, 0xa4, 0xa4, 0xa4, 0xff,
  0xa4, 0xa4, 0xa4, 0xff, 0xa4, 0xa4, 0xa4, 0xff, 0xa4, 0xa4, 0xa4, 0xff, 0xa4, 0xa4, 0xa4, 0xff, 0xa4, 0xa4, 0xa4, 0xff, 0xa4, 0xa4, 0xa4, 0xff, 0xa4, 0xa4, 0xa4, 0xff, 0xa4, 0xa4, 0xa4, 0xff,
  0xa4, 0xa4, 0xa4, 0xff, 0xa4, 0xa4, 0xa4, 0xff, 0xa4, 0xa4, 0xa4, 0xff, 0xa4, 0xa4, 0xa4, 0xff, 0xa4, 0xa4, 0xa4, 0xff, 0xa4, 0xa4, 0xa4, 0xff, 0xa4, 0xa4, 0xa4, 0xff, 0xa4, 0xa4, 0xa4, 0xff,
  0xa4, 0xa4, 0xa4, 0xff, 0xa4, 0xa4, 0xa4, 0xff, 0xa4, 0xa4, 0xa4, 0xff, 0xa4, 0xa4, 0xa4, 0xff, 0xa4, 0xa4, 0xa4, 0xff, 0xa4, 0xa4, 0xa4, 0xff, 0xa4, 0xa4, 0xa4, 0xff, 0xa4, 0xa4, 0xa4, 0xff,
  0xa4, 0xa4, 0xa4, 0xff, 0xa4, 0xa4, 0xa4, 0xff, 0xa4, 0xa4, 0xa4, 0xff, 0xa4, 0xa4, 0xa4, 0xff, 0xa4, 0xa4, 0xa4, 0xff, 0xa4, 0xa4, 0xa4, 0xff, 0xa4, 0xa4, 0xa4, 0xff, 0xa4, 0xa4, 0xa4, 0xff,
  0xa4, 0xa4, 0xa4, 0xff, 0xa4, 0xa4, 0xa4, 0xff, 0xa4, 0xa4, 0xa4, 0xff, 0xa4, 0xa4, 0xa4, 0xff, 0xa4, 0xa4, 0xa4, 0xff, 0xa4, 0xa4, 0xa4, 0xff, 0x8f, 0x8f, 0x8f, 0xff, 0x2d, 0x2d, 0x2e, 0xff,
  0x11, 0x11, 0x13, 0xff, 0x11, 0x11, 0x14, 0xff, 0x11, 0x11, 0x12, 0xff, 0x11, 0x11, 0x12, 0xff, 0x11, 0x11, 0x12, 0xff, 0x11, 0x11, 0x12, 0xff, 0x11, 0x11, 0x12, 0xff, 0x11, 0x11, 0x12, 0xff,
  0x11, 0x11, 0x12, 0xff, 0x11, 0x11, 0x12, 0xff, 0x11, 0x11, 0x12, 0xff, 0x11, 0x11, 0x12, 0xff, 0x11, 0x11, 0x12, 0xff, 0x11, 0x11, 0x12, 0xff, 0x11, 0x11, 0x12, 0xff, 0x11, 0x11, 0x12, 0xff,
  0x11, 0x11, 0x12, 0xff, 0x11, 0x11, 0x12, 0xff, 0x11, 0x11, 0x12, 0xff, 0x11, 0x11, 0x12, 0xff, 0x11, 0x11, 0x12, 0xff, 0x11, 0x11, 0x12, 0xff, 0x11, 0x11, 0x12, 0xff, 0x11, 0x11, 0x12, 0xff,
  0x11, 0x11, 0x12, 0xff, 0x11, 0x11, 0x12, 0xff, 0x11, 0x11, 0x12, 0xff, 0x11, 0x11, 0x12, 0xff, 0x12, 0x12, 0x14, 0xff, 0xaa, 0xaa, 0xac, 0x9f, 0x00, 0x00, 0x00, 0x00,
  0xcf, 0xcf, 0xcf, 0x60, 0x1a, 0x1a, 0x1a, 0xff, 0x18, 0x18, 0x18, 0xff, 0x1c, 0x1c, 0x1c, 0xff, 0x1c, 0x1c, 0x1c, 0xff, 0x1c, 0x1c, 0x1c, 0xff, 0x1c, 0x1c, 0x1c, 0xff, 0x1c, 0x1c, 0x1c, 0xff,
  0x1c, 0x1c, 0x1c, 0xff, 0x1c, 0x1c, 0x1c, 0xff, 0x1c, 0x1c, 0x1c, 0xff, 0x1c, 0x1c, 0x1c, 0xff, 0x1c, 0x1c, 0x1c, 0xff, 0x1c, 0x1c, 0x1c, 0xff, 0x1c, 0x1c, 0x1c, 0xff, 0x1c, 0x1c, 0x1c, 0xff,
  0x1c, 0x1c, 0x1c, 0xff, 0x1c, 0x1c, 0x1c, 0xff, 0x1c, 0x1c, 0x1c, 0xff, 0x1c, 0x1c, 0x1c, 0xff, 0x1c, 0x1c, 0x1c, 0xff, 0x1c, 0x1c, 0x1c, 0xff, 0x1c, 0x1c, 0x1c, 0xff, 0x1c, 0x1c, 0x1c, 0xff,
  0x1c, 0x1c, 0x1c, 0xff, 0x1c, 0x1c, 0x1c, 0xff, 0x1c, 0x1c, 0x1c, 0xff, 0x1c, 0x1c, 0x1c, 0xff, 0x1c, 0x1c, 0x1c, 0xff, 0x1c, 0x1c, 0x1c, 0xff, 0x19, 0x19, 0x19, 0xff, 0x03, 0x03, 0x03, 0xff,
  0x00, 0x00, 0x00, 0xff, 0x52, 0x52, 0x52, 0xff, 0xa4, 0xa4, 0xa4, 0xff, 0xa4, 0xa4, 0xa4, 0xff, 0xa4, 0xa4, 0xa4, 0xff, 0xa4, 0xa4, 0xa4, 0xff, 0xa4, 0xa4, 0xa4, 0xff, 0xa4, 0xa4, 0xa4, 0xff,
  0xa4, 0xa4, 0xa4, 0xff, 0xa4, 0xa4, 0xa4, 0xff, 0xa4, 0xa4, 0xa4, 0xff, 0xa4, 0xa4, 0xa4, 0xff, 0xa4, 0xa4, 0xa4, 0xff, 0xa4, 0xa4, 0xa4, 0xff, 0xa4, 0xa4, 0xa4, 0xff, 0xa4, 0xa4, 0xa4, 0xff,
  0xa4, 0xa4, 0xa4, 0xff, 0xa4, 0xa4, 0xa4, 0xff, 0xa4, 0xa4, 0xa4, 0xff, 0xa4, 0xa4, 0xa4, 0xff, 0xa4, 0xa4, 0xa4, 0xff, 0xa4, 0xa4, 0xa4, 0xff, 0xa4, 0xa4, 0xa4, 0xff, 0xa4, 0xa4, 0xa4, 0xff,
  0xa4, 0xa4, 0xa4, 0xff, 0xa4, 0xa4, 0xa4, 0xff, 0xa4, 0xa4, 0xa4, 0xff, 0xa4, 0xa4, 0xa4, 0xff, 0xa4, 0xa4, 0xa4, 0xff, 0xa4, 0xa4, 0xa4, 0xff, 0xa4, 0xa4, 0xa4, 0xff, 0xa4, 0xa4, 0xa4, 0xff,
  0xa4, 0xa4, 0xa4, 0xff, 0xa4, 0xa4, 0xa4, 0xff, 0xa4, 0xa4, 0xa4, 0xff, 0xa4, 0xa4, 0xa4, 0xff, 0xa4, 0xa4, 0xa4, 0xff, 0xa4, 0xa4, 0xa4, 0xff, 0xa4, 0xa4, 0xa4, 0xff, 0xa4, 0xa4, 0xa4, 0xff,
  0xa4, 0xa4, 0xa4, 0xff, 0xa4, 0xa4, 0xa4, 0xff, 0xa4, 0xa4, 0xa4, 0xff, 0xa4, 0xa4, 0xa4, 0xff, 0xa4, 0xa4, 0xa4, 0xff, 0xa4, 0xa4, 0xa4, 0xff, 0xa4, 0xa4, 0xa4, 0xff, 0xa4, 0xa4, 0xa4, 0xff,
  0xa4, 0xa4, 0xa4, 0xff, 0xa4, 0xa4, 0xa4, 0xff, 0xa4, 0xa4, 0xa4, 0xff, 0xa4, 0xa4, 0xa4, 0xff, 0xa4, 0xa4, 0xa4, 0xff, 0xa4, 0xa4, 0xa4, 0xff, 0xa4, 0xa4, 0xa4, 0xff, 0xa4, 0xa4, 0xa4, 0xff,
  0xa4, 0xa4, 0xa4, 0xff, 0xa4, 0xa4, 0xa4, 0xff, 0xa4, 0xa4, 0xa4, 0xff, 0xa4, 0xa4, 0xa4, 0xff, 0xa4, 0xa4, 0xa4, 0xff, 0xa4, 0xa4, 0xa4, 0xff, 0xa4, 0xa4, 0xa4, 0xff, 0xa4, 0xa4, 0xa4, 0xff,
  0xa4, 0xa4, 0xa4, 0xff, 0xa4, 0xa4, 0xa4, 0xff, 0xa4, 0xa4, 0xa4, 0xff, 0xa4, 0xa4, 0xa4, 0xff, 0xa4, 0xa4, 0xa4, 0xff, 0xa4, 0xa4, 0xa4, 0xff, 0xa4, 0xa4, 0xa4, 0xff, 0xa4, 0xa4, 0xa4, 0xff,
  0xa4, 0xa4, 0xa4, 0xff, 0xa4, 0xa4, 0xa4, 0xff, 0xa4, 0xa4, 0xa4, 0xff, 0xa4, 0xa4, 0xa4, 0xff, 0xa4, 0xa4, 0xa4, 0xff, 0xa4, 0xa4, 0xa4, 0xff, 0xa4, 0xa4, 0xa4, 0xff, 0xa4, 0xa4, 0xa4, 0xff,
  0xa4, 0xa4, 0xa4, 0xff, 0xa4, 0xa4, 0xa4, 0xff, 0xa4, 0xa4, 0xa4, 0xff, 0xa4, 0xa4, 0xa4, 0xff, 0xa4, 0xa4, 0xa4, 0xff, 0xa4, 0xa4, 0xa4, 0xff, 0xa4, 0xa4, 0xa4, 0xff, 0xa4, 0xa4, 0xa4, 0xff,
  0xa4, 0xa4, 0xa4, 0xff, 0xa4, 0xa4, 0xa4, 0xff, 0xa4, 0xa4, 0xa4, 0xff, 0xa4, 0xa4, 0xa4, 0xff, 0xa4, 0xa4, 0xa4, 0xff, 0xa4, 0xa4, 0xa4, 0xff, 0xa4, 0xa4, 0xa4, 0xff, 0xa4, 0xa4, 0xa4, 0xff,
  0xa4, 0xa4, 0xa4, 0xff, 0xa4, 0xa4, 0xa4, 0xff, 0xa4, 0xa4, 0xa4, 0xff, 0xa4, 0xa4, 0xa4, 0xff, 0xa4, 0xa4, 0xa4, 0xff, 0xa4, 0xa4, 0xa4, 0xff, 0xa4, 0xa4, 0xa4, 0xff, 0xa4, 0xa4, 0xa4, 0xff,
  0xa4, 0xa4, 0xa4, 0xff, 0xa4, 0xa4, 0xa4, 0xff, 0xa4, 0xa4, 0xa4, 0xff, 0xa4, 0xa4, 0xa4, 0xff, 0xa4, 0xa4, 0xa4, 0xff, 0xa4, 0xa4, 0xa4, 0xff, 0xa4, 0xa4, 0xa4, 0xff, 0xa4, 0xa4, 0xa4, 0xff,
  0xa4, 0xa4, 0xa4, 0xff, 0xa4, 0xa4, 0xa4, 0xff, 0xa4, 0xa4, 0xa4, 0xff, 0xa4, 0xa4, 0xa4, 0xff, 0xa4, 0xa4, 0xa4, 0xff, 0xa4, 0xa4, 0xa4, 0xff, 0xa4, 0xa4, 0xa4, 0xff, 0xa4, 0xa4, 0xa4, 0xff,
  0xa4, 0xa4, 0xa4, 0xff, 0xa4, 0xa4, 0xa4, 0xff, 0xa4, 0xa4, 0xa4, 0xff, 0xa4, 0xa4, 0xa4, 0xff, 0xa4, 0xa4, 0xa4, 0xff, 0xa4, 0xa4, 0xa4, 0xff, 0xa4, 0xa4, 0xa4, 0xff, 0xa4, 0xa4, 0xa4, 0xff,
  0xa4, 0xa4, 0xa4, 0xff, 0xa4, 0xa4, 0xa4, 0xff, 0xa4, 0xa4, 0xa4, 0xff, 0xa4, 0xa4, 0xa4, 0xff, 0xa4, 0xa4, 0xa4, 0xff, 0x7b, 0x7b, 0x7b, 0xff, 0x14, 0x14, 0x16, 0xff, 0x12, 0x12, 0x14, 0xff,
  0x11, 0x11, 0x13, 0xff, 0x11, 0x11, 0x12, 0xff, 0x11, 0x11, 0x12, 0xff, 0x11, 0x11, 0x12, 0xff, 0x11, 0x11, 0x12, 0xff, 0x11, 0x11, 0x12, 0xff, 0x11, 0x11, 0x12, 0xff, 0x11, 0x11, 0x12, 0xff,
  0x11, 0x11, 0x12, 0xff, 0x11, 0x11, 0x12, 0xff, 0x11, 0x11, 0x12, 0xff, 0x11, 0x11, 0x12, 0xff, 0x11, 0x11, 0x12, 0xff, 0x11, 0x11, 0x12, 0xff, 0x11, 0x11, 0x12, 0xff, 0x11, 0x11, 0x12, 0xff,
  0x11, 0x11, 0x12, 0xff, 0x11, 0x11, 0x12, 0xff, 0x11, 0x11, 0x12, 0xff, 0x11, 0x11, 0x12, 0xff, 0x11, 0x11, 0x12, 0xff, 0x11, 0x11, 0x12, 0xff, 0x11, 0x11, 0x12, 0xff, 0x11, 0x11, 0x12, 0xff,
  0x11, 0x11, 0x12, 0xff, 0x11, 0x11, 0x12, 0xff, 0x11, 0x11, 0x12, 0xff, 0x11, 0x11, 0x12, 0xff, 0x12, 0x12, 0x14, 0xff, 0xaa, 0xaa, 0xac, 0x9f, 0x00, 0x00, 0x00, 0x00,
  0xcf, 0xcf, 0xcf, 0x60, 0x1a, 0x1a, 0x1a, 0xff, 0x18, 0x18, 0x18, 0xff, 0x1c, 0x1c, 0x1c, 0xff, 0x1c, 0x1c, 0x1c, 0xff, 0x1c, 0x1c, 0x1c, 0xff, 0x1c, 0x1c, 0x1c, 0xff, 0x1c, 0x1c, 0x1c, 0xff,
  0x1c, 0x1c, 0x1c, 0xff, 0x1c, 0x1c, 0x1c, 0xff, 0x1c, 0x1c, 0x1c, 0xff, 0x1c, 0x1c, 0x1c, 0xff, 0x1c, 0x1c, 0x1c, 0xff, 0x1c, 0x1c, 0x1c, 0xff, 0x1c, 0x1c, 0x1c, 0xff, 0x1c, 0x1c, 0x1c, 0xff,
  0x1c, 0x1c, 0x1c, 0xff, 0x1c, 0x1c, 0x1c, 0xff, 0x1c, 0x1c, 0x1c, 0xff, 0x1c, 0x1c, 0x1c, 0xff, 0x1c, 0x1c, 0x1c, 0xff, 0x1c, 0x1c, 0x1c, 0xff, 0x1c, 0x1c, 0x1c, 0xff, 0x1c, 0x1c, 0x1c, 0xff,
  0x1c, 0x1c, 0x1c, 0xff, 0x1c, 0x1c, 0x1c, 0xff, 0x1c, 0x1c, 0x1c, 0xff, 0x1c, 0x1c, 0x1c, 0xff, 0x1c, 0x1c, 0x1c, 0xff, 0x1c, 0x1c, 0x1c, 0xff, 0x1c, 0x1c, 0x1c, 0xff, 0x1c, 0x1c, 0x1c, 0xff,
  0x0c, 0x0c, 0x0c, 0xff, 0x00, 0x00, 0x00, 0xff, 0x7e, 0x7e, 0x7e, 0xff, 0xff, 0xff, 0xff, 0xff, 0xff, 0xff, 0xff, 0xff, 0xff, 0xff, 0xff, 0xff, 0xff, 0xff, 0xff, 0xff, 0xff, 0xff, 0xff, 0xff,
  0xff, 0xff, 0xff, 0xff, 0xff, 0xff, 0xff, 0xff, 0xff, 0xff, 0xff, 0xff, 0xff, 0xff, 0xff, 0xff, 0xff, 0xff, 0xff, 0xff, 0xff, 0xff, 0xff, 0xff, 0xff, 0xff, 0xff, 0xff, 0xff, 0xff, 0xff, 0xff,
  0xff, 0xff, 0xff, 0xff, 0xff, 0xff, 0xff, 0xff, 0xff, 0xff, 0xff, 0xff, 0xff, 0xff, 0xff, 0xff, 0xff, 0xff, 0xff, 0xff, 0xff, 0xff, 0xff, 0xff, 0xff, 0xff, 0xff, 0xff, 0xff, 0xff, 0xff, 0xff,
  0xff, 0xff, 0xff, 0xff, 0xff, 0xff, 0xff, 0xff, 0xff, 0xff, 0xff, 0xff, 0xff, 0xff, 0xff, 0xff, 0xff, 0xff, 0xff, 0xff, 0xff, 0xff, 0xff, 0xff, 0xff, 0xff, 0xff, 0xff, 0xff, 0xff, 0xff, 0xff,
  0xff, 0xff, 0xff, 0xff, 0xff, 0xff, 0xff, 0xff, 0xff, 0xff, 0xff, 0xff, 0xff, 0xff, 0xff, 0xff, 0xff, 0xff, 0xff, 0xff, 0xff, 0xff, 0xff, 0xff, 0xff, 0xff, 0xff, 0xff, 0xff, 0xff, 0xff, 0xff,
  0xff, 0xff, 0xff, 0xff, 0xff, 0xff, 0xff, 0xff, 0xff, 0xff, 0xff, 0xff, 0xff, 0xff, 0xff, 0xff, 0xff, 0xff, 0xff, 0xff, 0xff, 0xff, 0xff, 0xff, 0xff, 0xff, 0xff, 0xff, 0xff, 0xff, 0xff, 0xff,
  0xff, 0xff, 0xff, 0xff, 0xff, 0xff, 0xff, 0xff, 0xff, 0xff, 0xff, 0xff, 0xff, 0xff, 0xff, 0xff, 0xff, 0xff, 0xff, 0xff, 0xff, 0xff, 0xff, 0xff, 0xff, 0xff, 0xff, 0xff, 0xff, 0xff, 0xff, 0xff,
  0xff, 0xff, 0xff, 0xff, 0xff, 0xff, 0xff, 0xff, 0xff, 0xff, 0xff, 0xff, 0xff, 0xff, 0xff, 0xff, 0xff, 0xff, 0xff, 0xff, 0xff, 0xff, 0xff, 0xff, 0xff, 0xff, 0xff, 0xff, 0xff, 0xff, 0xff, 0xff,
  0xff, 0xff, 0xff, 0xff, 0xff, 0xff, 0xff, 0xff, 0xff, 0xff, 0xff, 0xff, 0xff, 0xff, 0xff, 0xff, 0xff, 0xff, 0xff, 0xff, 0xff, 0xff, 0xff, 0xff, 0xff, 0xff, 0xff, 0xff, 0xff, 0xff, 0xff, 0xff,
  0xff, 0xff, 0xff, 0xff, 0xff, 0xff, 0xff, 0xff, 0xff, 0xff, 0xff, 0xff, 0xff, 0xff, 0xff, 0xff, 0xff, 0xff, 0xff, 0xff, 0xff, 0xff, 0xff, 0xff, 0xff, 0xff, 0xff, 0xff, 0xff, 0xff, 0xff, 0xff,
  0xff, 0xff, 0xff, 0xff, 0xff, 0xff, 0xff, 0xff, 0xff, 0xff, 0xff, 0xff, 0xff, 0xff, 0xff, 0xff, 0xff, 0xff, 0xff, 0xff, 0xff, 0xff, 0xff, 0xff, 0xff, 0xff, 0xff, 0xff, 0xff, 0xff, 0xff, 0xff,
  0xff, 0xff, 0xff, 0xff, 0xff, 0xff, 0xff, 0xff, 0xff, 0xff, 0xff, 0xff, 0xff, 0xff, 0xff, 0xff, 0xff, 0xff, 0xff, 0xff, 0xff, 0xff, 0xff, 0xff, 0xff, 0xff, 0xff, 0xff, 0xff, 0xff, 0xff, 0xff,
  0xff, 0xff, 0xff, 0xff, 0xff, 0xff, 0xff, 0xff, 0xff, 0xff, 0xff, 0xff, 0xff, 0xff, 0xff, 0xff, 0xff, 0xff, 0xff, 0xff, 0xff, 0xff, 0xff, 0xff, 0xff, 0xff, 0xff, 0xff, 0xff, 0xff, 0xff, 0xff,
  0xff, 0xff, 0xff, 0xff, 0xff, 0xff, 0xff, 0xff, 0xff, 0xff, 0xff, 0xff, 0xff, 0xff, 0xff, 0xff, 0xff, 0xff, 0xff, 0xff, 0xff, 0xff, 0xff, 0xff, 0xff, 0xff, 0xff, 0xff, 0xff, 0xff, 0xff, 0xff,
  0xff, 0xff, 0xff, 0xff, 0xff, 0xff, 0xff, 0xff, 0xff, 0xff, 0xff, 0xff, 0xff, 0xff, 0xff, 0xff, 0xff, 0xff, 0xff, 0xff, 0xff, 0xff, 0xff, 0xff, 0xff, 0xff, 0xff, 0xff, 0xff, 0xff, 0xff, 0xff,
  0xff, 0xff, 0xff, 0xff, 0xff, 0xff, 0xff, 0xff, 0xff, 0xff, 0xff, 0xff, 0xff, 0xff, 0xff, 0xff, 0xff, 0xff, 0xff, 0xff, 0xff, 0xff, 0xff, 0xff, 0xff, 0xff, 0xff, 0xff, 0xff, 0xff, 0xff, 0xff,
  0xff, 0xff, 0xff, 0xff, 0xff, 0xff, 0xff, 0xff, 0xff, 0xff, 0xff, 0xff, 0xff, 0xff, 0xff, 0xff, 0xac, 0xac, 0xad, 0xff, 0x0d, 0x0d, 0x10, 0xff, 0x11, 0x11, 0x14, 0xff, 0x11, 0x11, 0x12, 0xff,
  0x11, 0x11, 0x12, 0xff, 0x11, 0x11, 0x12, 0xff, 0x11, 0x11, 0x12, 0xff, 0x11, 0x11, 0x12, 0xff, 0x11, 0x11, 0x12, 0xff, 0x11, 0x11, 0x12, 0xff, 0x11, 0x11, 0x12, 0xff, 0x11, 0x11, 0x12, 0xff,
  0x11, 0x11, 0x12, 0xff, 0x11, 0x11, 0x12, 0xff, 0x11, 0x11, 0x12, 0xff, 0x11, 0x11, 0x12, 0xff, 0x11, 0x11, 0x12, 0xff, 0x11, 0x11, 0x12, 0xff, 0x11, 0x11, 0x12, 0xff, 0x11, 0x11, 0x12, 0xff,
  0x11, 0x11, 0x12, 0xff, 0x11, 0x11, 0x12, 0xff, 0x11, 0x11, 0x12, 0xff, 0x11, 0x11, 0x12, 0xff, 0x11, 0x11, 0x12, 0xff, 0x11, 0x11, 0x12, 0xff, 0x11, 0x11, 0x12, 0xff, 0x11, 0x11, 0x12, 0xff,
  0x11, 0x11, 0x12, 0xff, 0x11, 0x11, 0x12, 0xff, 0x11, 0x11, 0x12, 0xff, 0x11, 0x11, 0x12, 0xff, 0x12, 0x12, 0x14, 0xff, 0xaa, 0xaa, 0xac, 0x9f, 0x00, 0x00, 0x00, 0x00,
  0xcf, 0xcf, 0xcf, 0x60, 0x1a, 0x1a, 0x1a, 0xff, 0x18, 0x18, 0x18, 0xff, 0x1c, 0x1c, 0x1c, 0xff, 0x1c, 0x1c, 0x1c, 0xff, 0x1c, 0x1c, 0x1c, 0xff, 0x1c, 0x1c, 0x1c, 0xff, 0x1c, 0x1c, 0x1c, 0xff,
  0x1c, 0x1c, 0x1c, 0xff, 0x1c, 0x1c, 0x1c, 0xff, 0x1c, 0x1c, 0x1c, 0xff, 0x1c, 0x1c, 0x1c, 0xff, 0x1c, 0x1c, 0x1c, 0xff, 0x1c, 0x1c, 0x1c, 0xff, 0x1c, 0x1c, 0x1c, 0xff, 0x1c, 0x1c, 0x1c, 0xff,
  0x1c, 0x1c, 0x1c, 0xff, 0x1c, 0x1c, 0x1c, 0xff, 0x1c, 0x1c, 0x1c, 0xff, 0x1c, 0x1c, 0x1c, 0xff, 0x1c, 0x1c, 0x1c, 0xff, 0x1c, 0x1c, 0x1c, 0xff, 0x1c, 0x1c, 0x1c, 0xff, 0x1c, 0x1c, 0x1c, 0xff,
  0x1c, 0x1c, 0x1c, 0xff, 0x1c, 0x1c, 0x1c, 0xff, 0x1c, 0x1c, 0x1c, 0xff, 0x1c, 0x1c, 0x1c, 0xff, 0x1c, 0x1c, 0x1c, 0xff, 0x1c, 0x1c, 0x1c, 0xff, 0x1c, 0x1c, 0x1c, 0xff, 0x1c, 0x1c, 0x1c, 0xff,
  0x1c, 0x1c, 0x1c, 0xff, 0x11, 0x11, 0x11, 0xff, 0x62, 0x62, 0x62, 0xff, 0xff, 0xff, 0xff, 0xff, 0xff, 0xff, 0xff, 0xff, 0xff, 0xff, 0xff, 0xff, 0xff, 0xff, 0xff, 0xff, 0xff, 0xff, 0xff, 0xff,
  0xff, 0xff, 0xff, 0xff, 0xff, 0xff, 0xff, 0xff, 0xff, 0xff, 0xff, 0xff, 0xff, 0xff, 0xff, 0xff, 0xff, 0xff, 0xff, 0xff, 0xff, 0xff, 0xff, 0xff, 0xff, 0xff, 0xff, 0xff, 0xff, 0xff, 0xff, 0xff,
  0xff, 0xff, 0xff, 0xff, 0xff, 0xff, 0xff, 0xff, 0xff, 0xff, 0xff, 0xff, 0xff, 0xff, 0xff, 0xff, 0xff, 0xff, 0xff, 0xff, 0xff, 0xff, 0xff, 0xff, 0xff, 0xff, 0xff, 0xff, 0xff, 0xff, 0xff, 0xff,
  0xff, 0xff, 0xff, 0xff, 0xff, 0xff, 0xff, 0xff, 0xff, 0xff, 0xff, 0xff, 0xff, 0xff, 0xff, 0xff, 0xff, 0xff, 0xff, 0xff, 0xff, 0xff, 0xff, 0xff, 0xff, 0xff, 0xff, 0xff, 0xff, 0xff, 0xff, 0xff,
  0xff, 0xff, 0xff, 0xff, 0xff, 0xff, 0xff, 0xff, 0xff, 0xff, 0xff, 0xff, 0xff, 0xff, 0xff, 0xff, 0xff, 0xff, 0xff, 0xff, 0xff, 0xff, 0xff, 0xff, 0xff, 0xff, 0xff, 0xff, 0xff, 0xff, 0xff, 0xff,
  0xff, 0xff, 0xff, 0xff, 0xff, 0xff, 0xff, 0xff, 0xff, 0xff, 0xff, 0xff, 0xff, 0xff, 0xff, 0xff, 0xff, 0xff, 0xff, 0xff, 0xff, 0xff, 0xff, 0xff, 0xff, 0xff, 0xff, 0xff, 0xff, 0xff, 0xff, 0xff,
  0xff, 0xff, 0xff, 0xff, 0xff, 0xff, 0xff, 0xff, 0xff, 0xff, 0xff, 0xff, 0xff, 0xff, 0xff, 0xff, 0xff, 0xff, 0xff, 0xff, 0xff, 0xff, 0xff, 0xff, 0xff, 0xff, 0xff, 0xff, 0xff, 0xff, 0xff, 0xff,
  0xff, 0xff, 0xff, 0xff, 0xff, 0xff, 0xff, 0xff, 0xff, 0xff, 0xff, 0xff, 0xff, 0xff, 0xff, 0xff, 0xff, 0xff, 0xff, 0xff, 0xff, 0xff, 0xff, 0xff, 0xff, 0xff, 0xff, 0xff, 0xff, 0xff, 0xff, 0xff,
  0xff, 0xff, 0xff, 0xff, 0xff, 0xff, 0xff, 0xff, 0xff, 0xff, 0xff, 0xff, 0xff, 0xff, 0xff, 0xff, 0xff, 0xff, 0xff, 0xff, 0xff, 0xff, 0xff, 0xff, 0xff, 0xff, 0xff, 0xff, 0xff, 0xff, 0xff, 0xff,
  0xff, 0xff, 0xff, 0xff, 0xff, 0xff, 0xff, 0xff, 0xff, 0xff, 0xff, 0xff, 0xff, 0xff, 0xff, 0xff, 0xff, 0xff, 0xff, 0xff, 0xff, 0xff, 0xff, 0xff, 0xff, 0xff, 0xff, 0xff, 0xff, 0xff, 0xff, 0xff,
  0xff, 0xff, 0xff, 0xff, 0xff, 0xff, 0xff, 0xff, 0xff, 0xff, 0xff, 0xff, 0xff, 0xff, 0xff, 0xff, 0xff, 0xff, 0xff, 0xff, 0xff, 0xff, 0xff, 0xff, 0xff, 0xff, 0xff, 0xff, 0xff, 0xff, 0xff, 0xff,
  0xff, 0xff, 0xff, 0xff, 0xff, 0xff, 0xff, 0xff, 0xff, 0xff, 0xff, 0xff, 0xff, 0xff, 0xff, 0xff, 0xff, 0xff, 0xff, 0xff, 0xff, 0xff, 0xff, 0xff, 0xff, 0xff, 0xff, 0xff, 0xff, 0xff, 0xff, 0xff,
  0xff, 0xff, 0xff, 0xff, 0xff, 0xff, 0xff, 0xff, 0xff, 0xff, 0xff, 0xff, 0xff, 0xff, 0xff, 0xff, 0xff, 0xff, 0xff, 0xff, 0xff, 0xff, 0xff, 0xff, 0xff, 0xff, 0xff, 0xff, 0xff, 0xff, 0xff, 0xff,
  0xff, 0xff, 0xff, 0xff, 0xff, 0xff, 0xff, 0xff, 0xff, 0xff, 0xff, 0xff, 0xff, 0xff, 0xff, 0xff, 0xff, 0xff, 0xff, 0xff, 0xff, 0xff, 0xff, 0xff, 0xff, 0xff, 0xff, 0xff, 0xff, 0xff, 0xff, 0xff,
  0xff, 0xff, 0xff, 0xff, 0xff, 0xff, 0xff, 0xff, 0xff, 0xff, 0xff, 0xff, 0xff, 0xff, 0xff, 0xff, 0xff, 0xff, 0xff, 0xff, 0xff, 0xff, 0xff, 0xff, 0xff, 0xff, 0xff, 0xff, 0xff, 0xff, 0xff, 0xff,
  0xff, 0xff, 0xff, 0xff, 0xff, 0xff, 0xff, 0xff, 0xff, 0xff, 0xff, 0xff, 0xff, 0xff, 0xff, 0xff, 0xff, 0xff, 0xff, 0xff, 0xff, 0xff, 0xff, 0xff, 0xff, 0xff, 0xff, 0xff, 0xff, 0xff, 0xff, 0xff,
  0xff, 0xff, 0xff, 0xff, 0xff, 0xff, 0xff, 0xff, 0xff, 0xff, 0xff, 0xff, 0xff, 0xff, 0xff, 0xff, 0xa6, 0xa6, 0xa7, 0xff, 0x11, 0x11, 0x14, 0xff, 0x11, 0x11, 0x12, 0xff, 0x11, 0x11, 0x12, 0xff,
  0x11, 0x11, 0x12, 0xff, 0x11, 0x11, 0x12, 0xff, 0x11, 0x11, 0x12, 0xff, 0x11, 0x11, 0x12, 0xff, 0x11, 0x11, 0x12, 0xff, 0x11, 0x11, 0x12, 0xff, 0x11, 0x11, 0x12, 0xff, 0x11, 0x11, 0x12, 0xff,
  0x11, 0x11, 0x12, 0xff, 0x11, 0x11, 0x12, 0xff, 0x11, 0x11, 0x12, 0xff, 0x11, 0x11, 0x12, 0xff, 0x11, 0x11, 0x12, 0xff, 0x11, 0x11, 0x12, 0xff, 0x11, 0x11, 0x12, 0xff, 0x11, 0x11, 0x12, 0xff,
  0x11, 0x11, 0x12, 0xff, 0x11, 0x11, 0x12, 0xff, 0x11, 0x11, 0x12, 0xff, 0x11, 0x11, 0x12, 0xff, 0x11, 0x11, 0x12, 0xff, 0x11, 0x11, 0x12, 0xff, 0x11, 0x11, 0x12, 0xff, 0x11, 0x11, 0x12, 0xff,
  0x11, 0x11, 0x12, 0xff, 0x11, 0x11, 0x12, 0xff, 0x11, 0x11, 0x12, 0xff, 0x11, 0x11, 0x12, 0xff, 0x12, 0x12, 0x14, 0xff, 0xaa, 0xaa, 0xac, 0x9f, 0x00, 0x00, 0x00, 0x00,
  0xcf, 0xcf, 0xcf, 0x60, 0x1a, 0x1a, 0x1a, 0xff, 0x18, 0x18, 0x18, 0xff, 0x1c, 0x1c, 0x1c, 0xff, 0x1c, 0x1c, 0x1c, 0xff, 0x1c, 0x1c, 0x1c, 0xff, 0x1c, 0x1c, 0x1c, 0xff, 0x1c, 0x1c, 0x1c, 0xff,
  0x1c, 0x1c, 0x1c, 0xff, 0x1c, 0x1c, 0x1c, 0xff, 0x1c, 0x1c, 0x1c, 0xff, 0x1c, 0x1c, 0x1c, 0xff, 0x1c, 0x1c, 0x1c, 0xff, 0x1c, 0x1c, 0x1c, 0xff, 0x1c, 0x1c, 0x1c, 0xff, 0x1c, 0x1c, 0x1c, 0xff,
  0x1c, 0x1c, 0x1c, 0xff, 0x1c, 0x1c, 0x1c, 0xff, 0x1c, 0x1c, 0x1c, 0xff, 0x1c, 0x1c, 0x1c, 0xff, 0x1c, 0x1c, 0x1c, 0xff, 0x1c, 0x1c, 0x1c, 0xff, 0x1c, 0x1c, 0x1c, 0xff, 0x1c, 0x1c, 0x1c, 0xff,
  0x1c, 0x1c, 0x1c, 0xff, 0x1c, 0x1c, 0x1c, 0xff, 0x1c, 0x1c, 0x1c, 0xff, 0x1c, 0x1c, 0x1c, 0xff, 0x1c, 0x1c, 0x1c, 0xff, 0x1c, 0x1c, 0x1c, 0xff, 0x1c, 0x1c, 0x1c, 0xff, 0x1c, 0x1c, 0x1c, 0xff,
  0x1c, 0x1c, 0x1c, 0xff, 0x1c, 0x1c, 0x1c, 0xff, 0x63, 0x63, 0x63, 0xff, 0xff, 0xff, 0xff, 0xff, 0xff, 0xff, 0xff, 0xff, 0xff, 0xff, 0xff, 0xff, 0xff, 0xff, 0xff, 0xff, 0xff, 0xff, 0xff, 0xff,
  0xff, 0xff, 0xff, 0xff, 0xff, 0xff, 0xff, 0xff, 0xff, 0xff, 0xff, 0xff, 0xff, 0xff, 0xff, 0xff, 0xff, 0xff, 0xff, 0xff, 0xff, 0xff, 0xff, 0xff, 0xff, 0xff, 0xff, 0xff, 0xff, 0xff, 0xff, 0xff,
  0xff, 0xff, 0xff, 0xff, 0xff, 0xff, 0xff, 0xff, 0xff, 0xff, 0xff, 0xff, 0xff, 0xff, 0xff, 0xff, 0xff, 0xff, 0xff, 0xff, 0xff, 0xff, 0xff, 0xff, 0xff, 0xff, 0xff, 0xff, 0xff, 0xff, 0xff, 0xff,
  0xff, 0xff, 0xff, 0xff, 0xff, 0xff, 0xff, 0xff, 0xff, 0xff, 0xff, 0xff, 0xff, 0xff, 0xff, 0xff, 0xff, 0xff, 0xff, 0xff, 0xff, 0xff, 0xff, 0xff, 0xff, 0xff, 0xff, 0xff, 0xff, 0xff, 0xff, 0xff,
  0xff, 0xff, 0xff, 0xff, 0xff, 0xff, 0xff, 0xff, 0xff, 0xff, 0xff, 0xff, 0xff, 0xff, 0xff, 0xff, 0xff, 0xff, 0xff, 0xff, 0xff, 0xff, 0xff, 0xff, 0xff, 0xff, 0xff, 0xff, 0xff, 0xff, 0xff, 0xff,
  0xff, 0xff, 0xff, 0xff, 0xff, 0xff, 0xff, 0xff, 0xff, 0xff, 0xff, 0xff, 0xff, 0xff, 0xff, 0xff, 0xff, 0xff, 0xff, 0xff, 0xff, 0xff, 0xff, 0xff, 0xff, 0xff, 0xff, 0xff, 0xff, 0xff, 0xff, 0xff,
  0xff, 0xff, 0xff, 0xff, 0xff, 0xff, 0xff, 0xff, 0xff, 0xff, 0xff, 0xff, 0xff, 0xff, 0xff, 0xff, 0xff, 0xff, 0xff, 0xff, 0xff, 0xff, 0xff, 0xff, 0xff, 0xff, 0xff, 0xff, 0xff, 0xff, 0xff, 0xff,
  0xff, 0xff, 0xff, 0xff, 0xff, 0xff, 0xff, 0xff, 0xff, 0xff, 0xff, 0xff, 0xff, 0xff, 0xff, 0xff, 0xff, 0xff, 0xff, 0xff, 0xff, 0xff, 0xff, 0xff, 0xff, 0xff, 0xff, 0xff, 0xff, 0xff, 0xff, 0xff,
  0xff, 0xff, 0xff, 0xff, 0xff, 0xff, 0xff, 0xff, 0xff, 0xff, 0xff, 0xff, 0xff, 0xff, 0xff, 0xff, 0xff, 0xff, 0xff, 0xff, 0xff, 0xff, 0xff, 0xff, 0xff, 0xff, 0xff, 0xff, 0xff, 0xff, 0xff, 0xff,
  0xff, 0xff, 0xff, 0xff, 0xff, 0xff, 0xff, 0xff, 0xff, 0xff, 0xff, 0xff, 0xff, 0xff, 0xff, 0xff, 0xff, 0xff, 0xff, 0xff, 0xff, 0xff, 0xff, 0xff, 0xff, 0xff, 0xff, 0xff, 0xff, 0xff, 0xff, 0xff,
  0xff, 0xff, 0xff, 0xff, 0xff, 0xff, 0xff, 0xff, 0xff, 0xff, 0xff, 0xff, 0xff, 0xff, 0xff, 0xff, 0xff, 0xff, 0xff, 0xff, 0xff, 0xff, 0xff, 0xff, 0xff, 0xff, 0xff, 0xff, 0xff, 0xff, 0xff, 0xff,
  0xff, 0xff, 0xff, 0xff, 0xff, 0xff, 0xff, 0xff, 0xff, 0xff, 0xff, 0xff, 0xff, 0xff, 0xff, 0xff, 0xff, 0xff, 0xff, 0xff, 0xff, 0xff, 0xff, 0xff, 0xff, 0xff, 0xff, 0xff, 0xff, 0xff, 0xff, 0xff,
  0xff, 0xff, 0xff, 0xff, 0xff, 0xff, 0xff, 0xff, 0xff, 0xff, 0xff, 0xff, 0xff, 0xff, 0xff, 0xff, 0xff, 0xff, 0xff, 0xff, 0xff, 0xff, 0xff, 0xff, 0xff, 0xff, 0xff, 0xff, 0xff, 0xff, 0xff, 0xff,
  0xff, 0xff, 0xff, 0xff, 0xff, 0xff, 0xff, 0xff, 0xff, 0xff, 0xff, 0xff, 0xff, 0xff, 0xff, 0xff, 0xff, 0xff, 0xff, 0xff, 0xff, 0xff, 0xff, 0xff, 0xff, 0xff, 0xff, 0xff, 0xff, 0xff, 0xff, 0xff,
  0xff, 0xff, 0xff, 0xff, 0xff, 0xff, 0xff, 0xff, 0xff, 0xff, 0xff, 0xff, 0xff, 0xff, 0xff, 0xff, 0xff, 0xff, 0xff, 0xff, 0xff, 0xff, 0xff, 0xff, 0xff, 0xff, 0xff, 0xff, 0xff, 0xff, 0xff, 0xff,
  0xff, 0xff, 0xff, 0xff, 0xff, 0xff, 0xff, 0xff, 0xff, 0xff, 0xff, 0xff, 0xff, 0xff, 0xff, 0xff, 0xff, 0xff, 0xff, 0xff, 0xff, 0xff, 0xff, 0xff, 0xff, 0xff, 0xff, 0xff, 0xff, 0xff, 0xff, 0xff,
  0xff, 0xff, 0xff, 0xff, 0xff, 0xff, 0xff, 0xff, 0xff, 0xff, 0xff, 0xff, 0xff, 0xff, 0xff, 0xff, 0xa6, 0xa6, 0xa7, 0xff, 0x11, 0x11, 0x12, 0xff, 0x11, 0x11, 0x12, 0xff, 0x11, 0x11, 0x12, 0xff,
  0x11, 0x11, 0x12, 0xff, 0x11, 0x11, 0x12, 0xff, 0x11, 0x11, 0x12, 0xff, 0x11, 0x11, 0x12, 0xff, 0x11, 0x11, 0x12, 0xff, 0x11, 0x11, 0x12, 0xff, 0x11, 0x11, 0x12, 0xff, 0x11, 0x11, 0x12, 0xff,
  0x11, 0x11, 0x12, 0xff, 0x11, 0x11, 0x12, 0xff, 0x11, 0x11, 0x12, 0xff, 0x11, 0x11, 0x12, 0xff, 0x11, 0x11, 0x12, 0xff, 0x11, 0x11, 0x12, 0xff, 0x11, 0x11, 0x12, 0xff, 0x11, 0x11, 0x12, 0xff,
  0x11, 0x11, 0x12, 0xff, 0x11, 0x11, 0x12, 0xff, 0x11, 0x11, 0x12, 0xff, 0x11, 0x11, 0x12, 0xff, 0x11, 0x11, 0x12, 0xff, 0x11, 0x11, 0x12, 0xff, 0x11, 0x11, 0x12, 0xff, 0x11, 0x11, 0x12, 0xff,
  0x11, 0x11, 0x12, 0xff, 0x11, 0x11, 0x12, 0xff, 0x11, 0x11, 0x12, 0xff, 0x11, 0x11, 0x12, 0xff, 0x12, 0x12, 0x14, 0xff, 0xaa, 0xaa, 0xac, 0x9f, 0x00, 0x00, 0x00, 0x00,
  0xcf, 0xcf, 0xcf, 0x60, 0x1a, 0x1a, 0x1a, 0xff, 0x18, 0x18, 0x18, 0xff, 0x1c, 0x1c, 0x1c, 0xff, 0x1c, 0x1c, 0x1c, 0xff, 0x1c, 0x1c, 0x1c, 0xff, 0x1c, 0x1c, 0x1c, 0xff, 0x1c, 0x1c, 0x1c, 0xff,
  0x1c, 0x1c, 0x1c, 0xff, 0x1c, 0x1c, 0x1c, 0xff, 0x1c, 0x1c, 0x1c, 0xff, 0x1c, 0x1c, 0x1c, 0xff, 0x1c, 0x1c, 0x1c, 0xff, 0x1c, 0x1c, 0x1c, 0xff, 0x1c, 0x1c, 0x1c, 0xff, 0x1c, 0x1c, 0x1c, 0xff,
  0x1c, 0x1c, 0x1c, 0xff, 0x1c, 0x1c, 0x1c, 0xff, 0x1c, 0x1c, 0x1c, 0xff, 0x1c, 0x1c, 0x1c, 0xff, 0x1c, 0x1c, 0x1c, 0xff, 0x1c, 0x1c, 0x1c, 0xff, 0x1c, 0x1c, 0x1c, 0xff, 0x1c, 0x1c, 0x1c, 0xff,
  0x1c, 0x1c, 0x1c, 0xff, 0x1c, 0x1c, 0x1c, 0xff, 0x1c, 0x1c, 0x1c, 0xff, 0x1c, 0x1c, 0x1c, 0xff, 0x1c, 0x1c, 0x1c, 0xff, 0x1c, 0x1c, 0x1c, 0xff, 0x1c, 0x1c, 0x1c, 0xff, 0x1c, 0x1c, 0x1c, 0xff,
  0x1c, 0x1c, 0x1c, 0xff, 0x1c, 0x1c, 0x1c, 0xff, 0x62, 0x62, 0x62, 0xff, 0xff, 0xff, 0xff, 0xff, 0xff, 0xff, 0xff, 0xff, 0xff, 0xff, 0xff, 0xff, 0xff, 0xff, 0xff, 0xff, 0xff, 0xff, 0xff, 0xff,
  0xff, 0xff, 0xff, 0xff, 0xff, 0xff, 0xff, 0xff, 0xff, 0xff, 0xff, 0xff, 0xff, 0xff, 0xff, 0xff, 0xff, 0xff, 0xff, 0xff, 0xff, 0xff, 0xff, 0xff, 0xff, 0xff, 0xff, 0xff, 0xff, 0xff, 0xff, 0xff,
  0xff, 0xff, 0xff, 0xff, 0xff, 0xff, 0xff, 0xff, 0xff, 0xff, 0xff, 0xff, 0xff, 0xff, 0xff, 0xff, 0xff, 0xff, 0xff, 0xff, 0xff, 0xff, 0xff, 0xff, 0xff, 0xff, 0xff, 0xff, 0xff, 0xff, 0xff, 0xff,
  0xff, 0xff, 0xff, 0xff, 0xff, 0xff, 0xff, 0xff, 0xff, 0xff, 0xff, 0xff, 0xff, 0xff, 0xff, 0xff, 0xff, 0xff, 0xff, 0xff, 0xff, 0xff, 0xff, 0xff, 0xff, 0xff, 0xff, 0xff, 0xff, 0xff, 0xff, 0xff,
  0xff, 0xff, 0xff, 0xff, 0xff, 0xff, 0xff, 0xff, 0xff, 0xff, 0xff, 0xff, 0xff, 0xff, 0xff, 0xff, 0xff, 0xff, 0xff, 0xff, 0xff, 0xff, 0xff, 0xff, 0xff, 0xff, 0xff, 0xff, 0xff, 0xff, 0xff, 0xff,
  0xff, 0xff, 0xff, 0xff, 0xff, 0xff, 0xff, 0xff, 0xff, 0xff, 0xff, 0xff, 0xff, 0xff, 0xff, 0xff, 0xff, 0xff, 0xff, 0xff, 0xff, 0xff, 0xff, 0xff, 0xff, 0xff, 0xff, 0xff, 0xff, 0xff, 0xff, 0xff,
  0xff, 0xff, 0xff, 0xff, 0xff, 0xff, 0xff, 0xff, 0xff, 0xff, 0xff, 0xff, 0xff, 0xff, 0xff, 0xff, 0xff, 0xff, 0xff, 0xff, 0xff, 0xff, 0xff, 0xff, 0xff, 0xff, 0xff, 0xff, 0xff, 0xff, 0xff, 0xff,
  0xff, 0xff, 0xff, 0xff, 0xff, 0xff, 0xff, 0xff, 0xff, 0xff, 0xff, 0xff, 0xff, 0xff, 0xff, 0xff, 0xff, 0xff, 0xff, 0xff, 0xff, 0xff, 0xff, 0xff, 0xff, 0xff, 0xff, 0xff, 0xff, 0xff, 0xff, 0xff,
  0xff, 0xff, 0xff, 0xff, 0xff, 0xff, 0xff, 0xff, 0xff, 0xff, 0xff, 0xff, 0xff, 0xff, 0xff, 0xff, 0xff, 0xff, 0xff, 0xff, 0xff, 0xff, 0xff, 0xff, 0xff, 0xff, 0xff, 0xff, 0xff, 0xff, 0xff, 0xff,
  0xff, 0xff, 0xff, 0xff, 0xff, 0xff, 0xff, 0xff, 0xff, 0xff, 0xff, 0xff, 0xff, 0xff, 0xff, 0xff, 0xff, 0xff, 0xff, 0xff, 0xff, 0xff, 0xff, 0xff, 0xff, 0xff, 0xff, 0xff, 0xff, 0xff, 0xff, 0xff,
  0xff, 0xff, 0xff, 0xff, 0xff, 0xff, 0xff, 0xff, 0xff, 0xff, 0xff, 0xff, 0xff, 0xff, 0xff, 0xff, 0xff, 0xff, 0xff, 0xff, 0xff, 0xff, 0xff, 0xff, 0xff, 0xff, 0xff, 0xff, 0xff, 0xff, 0xff, 0xff,
  0xff, 0xff, 0xff, 0xff, 0xff, 0xff, 0xff, 0xff, 0xff, 0xff, 0xff, 0xff, 0xff, 0xff, 0xff, 0xff, 0xff, 0xff, 0xff, 0xff, 0xff, 0xff, 0xff, 0xff, 0xff, 0xff, 0xff, 0xff, 0xff, 0xff, 0xff, 0xff,
  0xff, 0xff, 0xff, 0xff, 0xff, 0xff, 0xff, 0xff, 0xff, 0xff, 0xff, 0xff, 0xff, 0xff, 0xff, 0xff, 0xff, 0xff, 0xff, 0xff, 0xff, 0xff, 0xff, 0xff, 0xff, 0xff, 0xff, 0xff, 0xff, 0xff, 0xff, 0xff,
  0xff, 0xff, 0xff, 0xff, 0xff, 0xff, 0xff, 0xff, 0xff, 0xff, 0xff, 0xff, 0xff, 0xff, 0xff, 0xff, 0xff, 0xff, 0xff, 0xff, 0xff, 0xff, 0xff, 0xff, 0xff, 0xff, 0xff, 0xff, 0xff, 0xff, 0xff, 0xff,
  0xff, 0xff, 0xff, 0xff, 0xff, 0xff, 0xff, 0xff, 0xff, 0xff, 0xff, 0xff, 0xff, 0xff, 0xff, 0xff, 0xff, 0xff, 0xff, 0xff, 0xff, 0xff, 0xff, 0xff, 0xff, 0xff, 0xff, 0xff, 0xff, 0xff, 0xff, 0xff,
  0xff, 0xff, 0xff, 0xff, 0xff, 0xff, 0xff, 0xff, 0xff, 0xff, 0xff, 0xff, 0xff, 0xff, 0xff, 0xff, 0xff, 0xff, 0xff, 0xff, 0xff, 0xff, 0xff, 0xff, 0xff, 0xff, 0xff, 0xff, 0xff, 0xff, 0xff, 0xff,
  0xff, 0xff, 0xff, 0xff, 0xff, 0xff, 0xff, 0xff, 0xff, 0xff, 0xff, 0xff, 0xff, 0xff, 0xff, 0xff, 0xa6, 0xa6, 0xa7, 0xff, 0x12, 0x12, 0x13, 0xff, 0x11, 0x11, 0x12, 0xff, 0x11, 0x11, 0x12, 0xff,
  0x11, 0x11, 0x12, 0xff, 0x11, 0x11, 0x12, 0xff, 0x11, 0x11, 0x12, 0xff, 0x11, 0x11, 0x12, 0xff, 0x11, 0x11, 0x12, 0xff, 0x11, 0x11, 0x12, 0xff, 0x11, 0x11, 0x12, 0xff, 0x11, 0x11, 0x12, 0xff,
  0x11, 0x11, 0x12, 0xff, 0x11, 0x11, 0x12, 0xff, 0x11, 0x11, 0x12, 0xff, 0x11, 0x11, 0x12, 0xff, 0x11, 0x11, 0x12, 0xff, 0x11, 0x11, 0x12, 0xff, 0x11, 0x11, 0x12, 0xff, 0x11, 0x11, 0x12, 0xff,
  0x11, 0x11, 0x12, 0xff, 0x11, 0x11, 0x12, 0xff, 0x11, 0x11, 0x12, 0xff, 0x11, 0x11, 0x12, 0xff, 0x11, 0x11, 0x12, 0xff, 0x11, 0x11, 0x12, 0xff, 0x11, 0x11, 0x12, 0xff, 0x11, 0x11, 0x12, 0xff,
  0x11, 0x11, 0x12, 0xff, 0x11, 0x11, 0x12, 0xff, 0x11, 0x11, 0x12, 0xff, 0x11, 0x11, 0x12, 0xff, 0x12, 0x12, 0x14, 0xff, 0xaa, 0xaa, 0xac, 0x9f, 0x00, 0x00, 0x00, 0x00,
  0xcf, 0xcf, 0xcf, 0x60, 0x1a, 0x1a, 0x1a, 0xff, 0x18, 0x18, 0x18, 0xff, 0x1c, 0x1c, 0x1c, 0xff, 0x1c, 0x1c, 0x1c, 0xff, 0x1c, 0x1c, 0x1c, 0xff, 0x1c, 0x1c, 0x1c, 0xff, 0x1c, 0x1c, 0x1c, 0xff,
  0x1c, 0x1c, 0x1c, 0xff, 0x1c, 0x1c, 0x1c, 0xff, 0x1c, 0x1c, 0x1c, 0xff, 0x1c, 0x1c, 0x1c, 0xff, 0x1c, 0x1c, 0x1c, 0xff, 0x1c, 0x1c, 0x1c, 0xff, 0x1c, 0x1c, 0x1c, 0xff, 0x1c, 0x1c, 0x1c, 0xff,
  0x1c, 0x1c, 0x1c, 0xff, 0x1c, 0x1c, 0x1c, 0xff, 0x1c, 0x1c, 0x1c, 0xff, 0x1c, 0x1c, 0x1c, 0xff, 0x1c, 0x1c, 0x1c, 0xff, 0x1c, 0x1c, 0x1c, 0xff, 0x1c, 0x1c, 0x1c, 0xff, 0x1c, 0x1c, 0x1c, 0xff,
  0x1c, 0x1c, 0x1c, 0xff, 0x1c, 0x1c, 0x1c, 0xff, 0x1c, 0x1c, 0x1c, 0xff, 0x1c, 0x1c, 0x1c, 0xff, 0x1c, 0x1c, 0x1c, 0xff, 0x1c, 0x1c, 0x1c, 0xff, 0x1c, 0x1c, 0x1c, 0xff, 0x1c, 0x1c, 0x1c, 0xff,
  0x18, 0x18, 0x18, 0xff, 0x05, 0x05, 0x05, 0xff, 0x00, 0x00, 0x00, 0xff, 0x00, 0x00, 0x00, 0xff, 0x00, 0x00, 0x00, 0xff, 0x00, 0x00, 0x00, 0xff, 0x00, 0x00, 0x00, 0xff, 0x00, 0x00, 0x00, 0xff,
  0x00, 0x00, 0x00, 0xff, 0x00, 0x00, 0x00, 0xff, 0x00, 0x00, 0x00, 0xff, 0x00, 0x00, 0x00, 0xff, 0x00, 0x00, 0x00, 0xff, 0x00, 0x00, 0x00, 0xff, 0x00, 0x00, 0x00, 0xff, 0x00, 0x00, 0x00, 0xff,
  0x00, 0x00, 0x00, 0xff, 0x00, 0x00, 0x00, 0xff, 0x00, 0x00, 0x00, 0xff, 0x00, 0x00, 0x00, 0xff, 0x00, 0x00, 0x00, 0xff, 0x00, 0x00, 0x00, 0xff, 0x00, 0x00, 0x00, 0xff, 0x00, 0x00, 0x00, 0xff,
  0x00, 0x00, 0x00, 0xff, 0x00, 0x00, 0x00, 0xff, 0x00, 0x00, 0x00, 0xff, 0x00, 0x00, 0x00, 0xff, 0x00, 0x00, 0x00, 0xff, 0x00, 0x00, 0x00, 0xff, 0x00, 0x00, 0x00, 0xff, 0x00, 0x00, 0x00, 0xff,
  0x00, 0x00, 0x00, 0xff, 0x00, 0x00, 0x00, 0xff, 0x00, 0x00, 0x00, 0xff, 0x00, 0x00, 0x00, 0xff, 0x00, 0x00, 0x00, 0xff, 0x00, 0x00, 0x00, 0xff, 0x00, 0x00, 0x00, 0xff, 0x00, 0x00, 0x00, 0xff,
  0x00, 0x00, 0x00, 0xff, 0x00, 0x00, 0x00, 0xff, 0x00, 0x00, 0x00, 0xff, 0x00, 0x00, 0x00, 0xff, 0x00, 0x00, 0x00, 0xff, 0x00, 0x00, 0x00, 0xff, 0x00, 0x00, 0x00, 0xff, 0x00, 0x00, 0x00, 0xff,
  0x00, 0x00, 0x00, 0xff, 0x00, 0x00, 0x00, 0xff, 0x00, 0x00, 0x00, 0xff, 0x00, 0x00, 0x00, 0xff, 0x00, 0x00, 0x00, 0xff, 0x00, 0x00, 0x00, 0xff, 0x00, 0x00, 0x00, 0xff, 0x00, 0x00, 0x00, 0xff,
  0x00, 0x00, 0x00, 0xff, 0x00, 0x00, 0x00, 0xff, 0x00, 0x00, 0x00, 0xff, 0x00, 0x00, 0x00, 0xff, 0x00, 0x00, 0x00, 0xff, 0x00, 0x00, 0x00, 0xff, 0x00, 0x00, 0x00, 0xff, 0x00, 0x00, 0x00, 0xff,
  0x00, 0x00, 0x00, 0xff, 0x00, 0x00, 0x00, 0xff, 0x00, 0x00, 0x00, 0xff, 0x00, 0x00, 0x00, 0xff, 0x00, 0x00, 0x00, 0xff, 0x00, 0x00, 0x00, 0xff, 0x00, 0x00, 0x00, 0xff, 0x00, 0x00, 0x00, 0xff,
  0x00, 0x00, 0x00, 0xff, 0x00, 0x00, 0x00, 0xff, 0x00, 0x00, 0x00, 0xff, 0x00, 0x00, 0x00, 0xff, 0x00, 0x00, 0x00, 0xff, 0x00, 0x00, 0x00, 0xff, 0x00, 0x00, 0x00, 0xff, 0x00, 0x00, 0x00, 0xff,
  0x00, 0x00, 0x00, 0xff, 0x00, 0x00, 0x00, 0xff, 0x00, 0x00, 0x00, 0xff, 0x00, 0x00, 0x00, 0xff, 0x00, 0x00, 0x00, 0xff, 0x00, 0x00, 0x00, 0xff, 0x00, 0x00, 0x00, 0xff, 0x00, 0x00, 0x00, 0xff,
  0x00, 0x00, 0x00, 0xff, 0x00, 0x00, 0x00, 0xff, 0x00, 0x00, 0x00, 0xff, 0x00, 0x00, 0x00, 0xff, 0x00, 0x00, 0x00, 0xff, 0x00, 0x00, 0x00, 0xff, 0x00, 0x00, 0x00, 0xff, 0x00, 0x00, 0x00, 0xff,
  0x00, 0x00, 0x00, 0xff, 0x00, 0x00, 0x00, 0xff, 0x00, 0x00, 0x00, 0xff, 0x00, 0x00, 0x00, 0xff, 0x00, 0x00, 0x00, 0xff, 0x00, 0x00, 0x00, 0xff, 0x00, 0x00, 0x00, 0xff, 0x00, 0x00, 0x00, 0xff,
  0x00, 0x00, 0x00, 0xff, 0x00, 0x00, 0x00, 0xff, 0x00, 0x00, 0x00, 0xff, 0x00, 0x00, 0x00, 0xff, 0x00, 0x00, 0x00, 0xff, 0x00, 0x00, 0x00, 0xff, 0x00, 0x00, 0x00, 0xff, 0x00, 0x00, 0x00, 0xff,
  0x00, 0x00, 0x00, 0xff, 0x00, 0x00, 0x00, 0xff, 0x00, 0x00, 0x00, 0xff, 0x00, 0x00, 0x00, 0xff, 0x00, 0x00, 0x00, 0xff, 0x00, 0x00, 0x00, 0xff, 0x00, 0x00, 0x00, 0xff, 0x00, 0x00, 0x00, 0xff,
  0x00, 0x00, 0x00, 0xff, 0x00, 0x00, 0x00, 0xff, 0x00, 0x00, 0x00, 0xff, 0x00, 0x00, 0x00, 0xff, 0x00, 0x00, 0x00, 0xff, 0x00, 0x00, 0x00, 0xff, 0x00, 0x00, 0x00, 0xff, 0x00, 0x00, 0x00, 0xff,
  0x00, 0x00, 0x00, 0xff, 0x00, 0x00, 0x00, 0xff, 0x00, 0x00, 0x00, 0xff, 0x00, 0x00, 0x00, 0xff, 0x02, 0x02, 0x03, 0xff, 0x0e, 0x0e, 0x11, 0xff, 0x12, 0x12, 0x14, 0xff, 0x11, 0x11, 0x12, 0xff,
  0x11, 0x11, 0x12, 0xff, 0x11, 0x11, 0x12, 0xff, 0x11, 0x11, 0x12, 0xff, 0x11, 0x11, 0x12, 0xff, 0x11, 0x11, 0x12, 0xff, 0x11, 0x11, 0x12, 0xff, 0x11, 0x11, 0x12, 0xff, 0x11, 0x11, 0x12, 0xff,
  0x11, 0x11, 0x12, 0xff, 0x11, 0x11, 0x12, 0xff, 0x11, 0x11, 0x12, 0xff, 0x11, 0x11, 0x12, 0xff, 0x11, 0x11, 0x12, 0xff, 0x11, 0x11, 0x12, 0xff, 0x11, 0x11, 0x12, 0xff, 0x11, 0x11, 0x12, 0xff,
  0x11, 0x11, 0x12, 0xff, 0x11, 0x11, 0x12, 0xff, 0x11, 0x11, 0x12, 0xff, 0x11, 0x11, 0x12, 0xff, 0x11, 0x11, 0x12, 0xff, 0x11, 0x11, 0x12, 0xff, 0x11, 0x11, 0x12, 0xff, 0x11, 0x11, 0x12, 0xff,
  0x11, 0x11, 0x12, 0xff, 0x11, 0x11, 0x12, 0xff, 0x11, 0x11, 0x12, 0xff, 0x11, 0x11, 0x12, 0xff, 0x12, 0x12, 0x14, 0xff, 0xaa, 0xaa, 0xac, 0x9f, 0x00, 0x00, 0x00, 0x00,
  0xcf, 0xcf, 0xcf, 0x60, 0x1a, 0x1a, 0x1a, 0xff, 0x18, 0x18, 0x18, 0xff, 0x1c, 0x1c, 0x1c, 0xff, 0x1c, 0x1c, 0x1c, 0xff, 0x1c, 0x1c, 0x1c, 0xff, 0x1c, 0x1c, 0x1c, 0xff, 0x1c, 0x1c, 0x1c, 0xff,
  0x1c, 0x1c, 0x1c, 0xff, 0x1c, 0x1c, 0x1c, 0xff, 0x1c, 0x1c, 0x1c, 0xff, 0x1c, 0x1c, 0x1c, 0xff, 0x1c, 0x1c, 0x1c, 0xff, 0x1c, 0x1c, 0x1c, 0xff, 0x1c, 0x1c, 0x1c, 0xff, 0x1c, 0x1c, 0x1c, 0xff,
  0x1c, 0x1c, 0x1c, 0xff, 0x1c, 0x1c, 0x1c, 0xff, 0x1c, 0x1c, 0x1c, 0xff, 0x1c, 0x1c, 0x1c, 0xff, 0x1c, 0x1c, 0x1c, 0xff, 0x1c, 0x1c, 0x1c, 0xff, 0x1c, 0x1c, 0x1c, 0xff, 0x1c, 0x1c, 0x1c, 0xff,
  0x1c, 0x1c, 0x1c, 0xff, 0x1c, 0x1c, 0x1c, 0xff, 0x1c, 0x1c, 0x1c, 0xff, 0x1c, 0x1c, 0x1c, 0xff, 0x1c, 0x1c, 0x1c, 0xff, 0x1c, 0x1c, 0x1c, 0xff, 0x1c, 0x1c, 0x1c, 0xff, 0x10, 0x10, 0x10, 0xff,
  0x01, 0x01, 0x01, 0xff, 0x00, 0x00, 0x00, 0xff, 0x00, 0x00, 0x00, 0xff, 0x00, 0x00, 0x00, 0xff, 0x00, 0x00, 0x00, 0xff, 0x00, 0x00, 0x00, 0xff, 0x00, 0x00, 0x00, 0xff, 0x00, 0x00, 0x00, 0xff,
  0x00, 0x00, 0x00, 0xff, 0x00, 0x00, 0x00, 0xff, 0x00, 0x00, 0x00, 0xff, 0x00, 0x00, 0x00, 0xff, 0x00, 0x00, 0x00, 0xff, 0x00, 0x00, 0x00, 0xff, 0x00, 0x00, 0x00, 0xff, 0x00, 0x00, 0x00, 0xff,
  0x00, 0x00, 0x00, 0xff, 0x00, 0x00, 0x00, 0xff, 0x00, 0x00, 0x00, 0xff, 0x00, 0x00, 0x00, 0xff, 0x00, 0x00, 0x00, 0xff, 0x00, 0x00, 0x00, 0xff, 0x00, 0x00, 0x00, 0xff, 0x00, 0x00, 0x00, 0xff,
  0x00, 0x00, 0x00, 0xff, 0x00, 0x00, 0x00, 0xff, 0x00, 0x00, 0x00, 0xff, 0x00, 0x00, 0x00, 0xff, 0x00, 0x00, 0x00, 0xff, 0x00, 0x00, 0x00, 0xff, 0x00, 0x00, 0x00, 0xff, 0x00, 0x00, 0x00, 0xff,
  0x00, 0x00, 0x00, 0xff, 0x00, 0x00, 0x00, 0xff, 0x00, 0x00, 0x00, 0xff, 0x00, 0x00, 0x00, 0xff, 0x00, 0x00, 0x00, 0xff, 0x00, 0x00, 0x00, 0xff, 0x00, 0x00, 0x00, 0xff, 0x00, 0x00, 0x00, 0xff,
  0x00, 0x00, 0x00, 0xff, 0x00, 0x00, 0x00, 0xff, 0x00, 0x00, 0x00, 0xff, 0x00, 0x00, 0x00, 0xff, 0x00, 0x00, 0x00, 0xff, 0x00, 0x00, 0x00, 0xff, 0x00, 0x00, 0x00, 0xff, 0x00, 0x00, 0x00, 0xff,
  0x00, 0x00, 0x00, 0xff, 0x00, 0x00, 0x00, 0xff, 0x00, 0x00, 0x00, 0xff, 0x00, 0x00, 0x00, 0xff, 0x00, 0x00, 0x00, 0xff, 0x00, 0x00, 0x00, 0xff, 0x00, 0x00, 0x00, 0xff, 0x00, 0x00, 0x00, 0xff,
  0x00, 0x00, 0x00, 0xff, 0x00, 0x00, 0x00, 0xff, 0x00, 0x00, 0x00, 0xff, 0x00, 0x00, 0x00, 0xff, 0x00, 0x00, 0x00, 0xff, 0x00, 0x00, 0x00, 0xff, 0x00, 0x00, 0x00, 0xff, 0x00, 0x00, 0x00, 0xff,
  0x00, 0x00, 0x00, 0xff, 0x00, 0x00, 0x00, 0xff, 0x00, 0x00, 0x00, 0xff, 0x00, 0x00, 0x00, 0xff, 0x00, 0x00, 0x00, 0xff, 0x00, 0x00, 0x00, 0xff, 0x00, 0x00, 0x00, 0xff, 0x00, 0x00, 0x00, 0xff,
  0x00, 0x00, 0x00, 0xff, 0x00, 0x00, 0x00, 0xff, 0x00, 0x00, 0x00, 0xff, 0x00, 0x00, 0x00, 0xff, 0x00, 0x00, 0x00, 0xff, 0x00, 0x00, 0x00, 0xff, 0x00, 0x00, 0x00, 0xff, 0x00, 0x00, 0x00, 0xff,
  0x00, 0x00, 0x00, 0xff, 0x00, 0x00, 0x00, 0xff, 0x00, 0x00, 0x00, 0xff, 0x00, 0x00, 0x00, 0xff, 0x00, 0x00, 0x00, 0xff, 0x00, 0x00, 0x00, 0xff, 0x00, 0x00, 0x00, 0xff, 0x00, 0x00, 0x00, 0xff,
  0x00, 0x00, 0x00, 0xff, 0x00, 0x00, 0x00, 0xff, 0x00, 0x00, 0x00, 0xff, 0x00, 0x00, 0x00, 0xff, 0x00, 0x00, 0x00, 0xff, 0x00, 0x00, 0x00, 0xff, 0x00, 0x00, 0x00, 0xff, 0x00, 0x00, 0x00, 0xff,
  0x00, 0x00, 0x00, 0xff, 0x00, 0x00, 0x00, 0xff, 0x00, 0x00, 0x00, 0xff, 0x00, 0x00, 0x00, 0xff, 0x00, 0x00, 0x00, 0xff, 0x00, 0x00, 0x00, 0xff, 0x00, 0x00, 0x00, 0xff, 0x00, 0x00, 0x00, 0xff,
  0x00, 0x00, 0x00, 0xff, 0x00, 0x00, 0x00, 0xff, 0x00, 0x00, 0x00, 0xff, 0x00, 0x00, 0x00, 0xff, 0x00, 0x00, 0x00, 0xff, 0x00, 0x00, 0x00, 0xff, 0x00, 0x00, 0x00, 0xff, 0x00, 0x00, 0x00, 0xff,
  0x00, 0x00, 0x00, 0xff, 0x00, 0x00, 0x00, 0xff, 0x00, 0x00, 0x00, 0xff, 0x00, 0x00, 0x00, 0xff, 0x00, 0x00, 0x00, 0xff, 0x00, 0x00, 0x00, 0xff, 0x00, 0x00, 0x00, 0xff, 0x00, 0x00, 0x00, 0xff,
  0x00, 0x00, 0x00, 0xff, 0x00, 0x00, 0x00, 0xff, 0x00, 0x00, 0x00, 0xff, 0x00, 0x00, 0x00, 0xff, 0x00, 0x00, 0x00, 0xff, 0x00, 0x00, 0x00, 0xff, 0x00, 0x00, 0x00, 0xff, 0x00, 0x00, 0x00, 0xff,
  0x00, 0x00, 0x00, 0xff, 0x00, 0x00, 0x00, 0xff, 0x00, 0x00, 0x00, 0xff, 0x00, 0x00, 0x00, 0xff, 0x00, 0x00, 0x00, 0xff, 0x00, 0x00, 0x00, 0xff, 0x09, 0x09, 0x0a, 0xff, 0x12, 0x12, 0x15, 0xff,
  0x11, 0x11, 0x13, 0xff, 0x11, 0x11, 0x12, 0xff, 0x11, 0x11, 0x12, 0xff, 0x11, 0x11, 0x12, 0xff, 0x11, 0x11, 0x12, 0xff, 0x11, 0x11, 0x12, 0xff, 0x11, 0x11, 0x12, 0xff, 0x11, 0x11, 0x12, 0xff,
  0x11, 0x11, 0x12, 0xff, 0x11, 0x11, 0x12, 0xff, 0x11, 0x11, 0x12, 0xff, 0x11, 0x11, 0x12, 0xff, 0x11, 0x11, 0x12, 0xff, 0x11, 0x11, 0x12, 0xff, 0x11, 0x11, 0x12, 0xff, 0x11, 0x11, 0x12, 0xff,
  0x11, 0x11, 0x12, 0xff, 0x11, 0x11, 0x12, 0xff, 0x11, 0x11, 0x12, 0xff, 0x11, 0x11, 0x12, 0xff, 0x11, 0x11, 0x12, 0xff, 0x11, 0x11, 0x12, 0xff, 0x11, 0x11, 0x12, 0xff, 0x11, 0x11, 0x12, 0xff,
  0x11, 0x11, 0x12, 0xff, 0x11, 0x11, 0x12, 0xff, 0x11, 0x11, 0x12, 0xff, 0x11, 0x11, 0x12, 0xff, 0x12, 0x12, 0x14, 0xff, 0xaa, 0xaa, 0xac, 0x9f, 0x00, 0x00, 0x00, 0x00,
  0xcf, 0xcf, 0xcf, 0x60, 0x1a, 0x1a, 0x1a, 0xff, 0x18, 0x18, 0x18, 0xff, 0x1c, 0x1c, 0x1c, 0xff, 0x1c, 0x1c, 0x1c, 0xff, 0x1c, 0x1c, 0x1c, 0xff, 0x1c, 0x1c, 0x1c, 0xff, 0x1c, 0x1c, 0x1c, 0xff,
  0x1c, 0x1c, 0x1c, 0xff, 0x1c, 0x1c, 0x1c, 0xff, 0x1c, 0x1c, 0x1c, 0xff, 0x1c, 0x1c, 0x1c, 0xff, 0x1c, 0x1c, 0x1c, 0xff, 0x1c, 0x1c, 0x1c, 0xff, 0x1c, 0x1c, 0x1c, 0xff, 0x1c, 0x1c, 0x1c, 0xff,
  0x1c, 0x1c, 0x1c, 0xff, 0x1c, 0x1c, 0x1c, 0xff, 0x1c, 0x1c, 0x1c, 0xff, 0x1c, 0x1c, 0x1c, 0xff, 0x1c, 0x1c, 0x1c, 0xff, 0x1c, 0x1c, 0x1c, 0xff, 0x1c, 0x1c, 0x1c, 0xff, 0x1c, 0x1c, 0x1c, 0xff,
  0x1c, 0x1c, 0x1c, 0xff, 0x1c, 0x1c, 0x1c, 0xff, 0x1c, 0x1c, 0x1c, 0xff, 0x1c, 0x1c, 0x1c, 0xff, 0x1c, 0x1c, 0x1c, 0xff, 0x18, 0x18, 0x18, 0xff, 0x07, 0x07, 0x07, 0xff, 0x00, 0x00, 0x00, 0xff,
  0x00, 0x00, 0x00, 0xff, 0x00, 0x00, 0x00, 0xff, 0x00, 0x00, 0x00, 0xff, 0x00, 0x00, 0x00, 0xff, 0x00, 0x00, 0x00, 0xff, 0x00, 0x00, 0x00, 0xff, 0x00, 0x00, 0x00, 0xff, 0x00, 0x00, 0x00, 0xff,
  0x00, 0x00, 0x00, 0xff, 0x00, 0x00, 0x00, 0xff, 0x00, 0x00, 0x00, 0xff, 0x00, 0x00, 0x00, 0xff, 0x00, 0x00, 0x00, 0xff, 0x00, 0x00, 0x00, 0xff, 0x00, 0x00, 0x00, 0xff, 0x00, 0x00, 0x00, 0xff,
  0x00, 0x00, 0x00, 0xff, 0x00, 0x00, 0x00, 0xff, 0x00, 0x00, 0x00, 0xff, 0x00, 0x00, 0x00, 0xff, 0x00, 0x00, 0x00, 0xff, 0x00, 0x00, 0x00, 0xff, 0x00, 0x00, 0x00, 0xff, 0x00, 0x00, 0x00, 0xff,
  0x00, 0x00, 0x00, 0xff, 0x00, 0x00, 0x00, 0xff, 0x00, 0x00, 0x00, 0xff, 0x00, 0x00, 0x00, 0xff, 0x00, 0x00, 0x00, 0xff, 0x00, 0x00, 0x00, 0xff, 0x00, 0x00, 0x00, 0xff, 0x00, 0x00, 0x00, 0xff,
  0x00, 0x00, 0x00, 0xff, 0x00, 0x00, 0x00, 0xff, 0x00, 0x00, 0x00, 0xff, 0x00, 0x00, 0x00, 0xff, 0x00, 0x00, 0x00, 0xff, 0x00, 0x00, 0x00, 0xff, 0x00, 0x00, 0x00, 0xff, 0x00, 0x00, 0x00, 0xff,
  0x00, 0x00, 0x00, 0xff, 0x00, 0x00, 0x00, 0xff, 0x00, 0x00, 0x00, 0xff, 0x00, 0x00, 0x00, 0xff, 0x00, 0x00, 0x00, 0xff, 0x00, 0x00, 0x00, 0xff, 0x00, 0x00, 0x00, 0xff, 0x00, 0x00, 0x00, 0xff,
  0x00, 0x00, 0x00, 0xff, 0x00, 0x00, 0x00, 0xff, 0x00, 0x00, 0x00, 0xff, 0x00, 0x00, 0x00, 0xff, 0x00, 0x00, 0x00, 0xff, 0x00, 0x00, 0x00, 0xff, 0x00, 0x00, 0x00, 0xff, 0x00, 0x00, 0x00, 0xff,
  0x00, 0x00, 0x00, 0xff, 0x00, 0x00, 0x00, 0xff, 0x00, 0x00, 0x00, 0xff, 0x00, 0x00, 0x00, 0xff, 0x00, 0x00, 0x00, 0xff, 0x00, 0x00, 0x00, 0xff, 0x00, 0x00, 0x00, 0xff, 0x00, 0x00, 0x00, 0xff,
  0x00, 0x00, 0x00, 0xff, 0x00, 0x00, 0x00, 0xff, 0x00, 0x00, 0x00, 0xff, 0x00, 0x00, 0x00, 0xff, 0x00, 0x00, 0x00, 0xff, 0x00, 0x00, 0x00, 0xff, 0x00, 0x00, 0x00, 0xff, 0x00, 0x00, 0x00, 0xff,
  0x00, 0x00, 0x00, 0xff, 0x00, 0x00, 0x00, 0xff, 0x00, 0x00, 0x00, 0xff, 0x00, 0x00, 0x00, 0xff, 0x00, 0x00, 0x00, 0xff, 0x00, 0x00, 0x00, 0xff, 0x00, 0x00, 0x00, 0xff, 0x00, 0x00, 0x00, 0xff,
  0x00, 0x00, 0x00, 0xff, 0x00, 0x00, 0x00, 0xff, 0x00, 0x00, 0x00, 0xff, 0x00, 0x00, 0x00, 0xff, 0x00, 0x00, 0x00, 0xff, 0x00, 0x00, 0x00, 0xff, 0x00, 0x00, 0x00, 0xff, 0x00, 0x00, 0x00, 0xff,
  0x00, 0x00, 0x00, 0xff, 0x00, 0x00, 0x00, 0xff, 0x00, 0x00, 0x00, 0xff, 0x00, 0x00, 0x00, 0xff, 0x00, 0x00, 0x00, 0xff, 0x00, 0x00, 0x00, 0xff, 0x00, 0x00, 0x00, 0xff, 0x00, 0x00, 0x00, 0xff,
  0x00, 0x00, 0x00, 0xff, 0x00, 0x00, 0x00, 0xff, 0x00, 0x00, 0x00, 0xff, 0x00, 0x00, 0x00, 0xff, 0x00, 0x00, 0x00, 0xff, 0x00, 0x00, 0x00, 0xff, 0x00, 0x00, 0x00, 0xff, 0x00, 0x00, 0x00, 0xff,
  0x00, 0x00, 0x00, 0xff, 0x00, 0x00, 0x00, 0xff, 0x00, 0x00, 0x00, 0xff, 0x00, 0x00, 0x00, 0xff, 0x00, 0x00, 0x00, 0xff, 0x00, 0x00, 0x00, 0xff, 0x00, 0x00, 0x00, 0xff, 0x00, 0x00, 0x00, 0xff,
  0x00, 0x00, 0x00, 0xff, 0x00, 0x00, 0x00, 0xff, 0x00, 0x00, 0x00, 0xff, 0x00, 0x00, 0x00, 0xff, 0x00, 0x00, 0x00, 0xff, 0x00, 0x00, 0x00, 0xff, 0x00, 0x00, 0x00, 0xff, 0x00, 0x00, 0x00, 0xff,
  0x00, 0x00, 0x00, 0xff, 0x00, 0x00, 0x00, 0xff, 0x00, 0x00, 0x00, 0xff, 0x00, 0x00, 0x00, 0xff, 0x00, 0x00, 0x00, 0xff, 0x00, 0x00, 0x00, 0xff, 0x00, 0x00, 0x00, 0xff, 0x00, 0x00, 0x00, 0xff,
  0x00, 0x00, 0x00, 0xff, 0x00, 0x00, 0x00, 0xff, 0x00, 0x00, 0x00, 0xff, 0x00, 0x00, 0x00, 0xff, 0x00, 0x00, 0x00, 0xff, 0x00, 0x00, 0x00, 0xff, 0x00, 0x00, 0x00, 0xff, 0x04, 0x04, 0x05, 0xff,
  0x0f, 0x0f, 0x12, 0xff, 0x12, 0x12, 0x13, 0xff, 0x11, 0x11, 0x12, 0xff, 0x11, 0x11, 0x12, 0xff, 0x11, 0x11, 0x12, 0xff, 0x11, 0x11, 0x12, 0xff, 0x11, 0x11, 0x12, 0xff, 0x11, 0x11, 0x12, 0xff,
  0x11, 0x11, 0x12, 0xff, 0x11, 0x11, 0x12, 0xff, 0x11, 0x11, 0x12, 0xff, 0x11, 0x11, 0x12, 0xff, 0x11, 0x11, 0x12, 0xff, 0x11, 0x11, 0x12, 0xff, 0x11, 0x11, 0x12, 0xff, 0x11, 0x11, 0x12, 0xff,
  0x11, 0x11, 0x12, 0xff, 0x11, 0x11, 0x12, 0xff, 0x11, 0x11, 0x12, 0xff, 0x11, 0x11, 0x12, 0xff, 0x11, 0x11, 0x12, 0xff, 0x11, 0x11, 0x12, 0xff, 0x11, 0x11, 0x12, 0xff, 0x11, 0x11, 0x12, 0xff,
  0x11, 0x11, 0x12, 0xff, 0x11, 0x11, 0x12, 0xff, 0x11, 0x11, 0x12, 0xff, 0x11, 0x11, 0x12, 0xff, 0x12, 0x12, 0x14, 0xff, 0xaa, 0xaa, 0xac, 0x9f, 0x00, 0x00, 0x00, 0x00,
  0xcf, 0xcf, 0xcf, 0x60, 0x1a, 0x1a, 0x1a, 0xff, 0x18, 0x18, 0x18, 0xff, 0x1c, 0x1c, 0x1c, 0xff, 0x1c, 0x1c, 0x1c, 0xff, 0x1c, 0x1c, 0x1c, 0xff, 0x1c, 0x1c, 0x1c, 0xff, 0x1c, 0x1c, 0x1c, 0xff,
  0x1c, 0x1c, 0x1c, 0xff, 0x1c, 0x1c, 0x1c, 0xff, 0x1c, 0x1c, 0x1c, 0xff, 0x1c, 0x1c, 0x1c, 0xff, 0x1c, 0x1c, 0x1c, 0xff, 0x1c, 0x1c, 0x1c, 0xff, 0x1c, 0x1c, 0x1c, 0xff, 0x1c, 0x1c, 0x1c, 0xff,
  0x1c, 0x1c, 0x1c, 0xff, 0x1c, 0x1c, 0x1c, 0xff, 0x1c, 0x1c, 0x1c, 0xff, 0x1c, 0x1c, 0x1c, 0xff, 0x1c, 0x1c, 0x1c, 0xff, 0x1c, 0x1c, 0x1c, 0xff, 0x1c, 0x1c, 0x1c, 0xff, 0x1c, 0x1c, 0x1c, 0xff,
  0x1c, 0x1c, 0x1c, 0xff, 0x1c, 0x1c, 0x1c, 0xff, 0x1c, 0x1c, 0x1c, 0xff, 0x1c, 0x1c, 0x1c, 0xff, 0x11, 0x11, 0x11, 0xff, 0x01, 0x01, 0x01, 0xff, 0x00, 0x00, 0x00, 0xff, 0x00, 0x00, 0x00, 0xff,
  0x00, 0x00, 0x00, 0xff, 0x00, 0x00, 0x00, 0xff, 0x00, 0x00, 0x00, 0xff, 0x00, 0x00, 0x00, 0xff, 0x00, 0x00, 0x00, 0xff, 0x00, 0x00, 0x00, 0xff, 0x00, 0x00, 0x00, 0xff, 0x00, 0x00, 0x00, 0xff,
  0x00, 0x00, 0x00, 0xff, 0x00, 0x00, 0x00, 0xff, 0x00, 0x00, 0x00, 0xff, 0x00, 0x00, 0x00, 0xff, 0x00, 0x00, 0x00, 0xff, 0x00, 0x00, 0x00, 0xff, 0x00, 0x00, 0x00, 0xff, 0x00, 0x00, 0x00, 0xff,
  0x00, 0x00, 0x00, 0xff, 0x00, 0x00, 0x00, 0xff, 0x00, 0x00, 0x00, 0xff, 0x00, 0x00, 0x00, 0xff, 0x00, 0x00, 0x00, 0xff, 0x00, 0x00, 0x00, 0xff, 0x00, 0x00, 0x00, 0xff, 0x00, 0x00, 0x00, 0xff,
  0x00, 0x00, 0x00, 0xff, 0x00, 0x00, 0x00, 0xff, 0x00, 0x00, 0x00, 0xff, 0x00, 0x00, 0x00, 0xff, 0x00, 0x00, 0x00, 0xff, 0x00, 0x00, 0x00, 0xff, 0x00, 0x00, 0x00, 0xff, 0x00, 0x00, 0x00, 0xff,
  0x00, 0x00, 0x00, 0xff, 0x00, 0x00, 0x00, 0xff, 0x00, 0x00, 0x00, 0xff, 0x00, 0x00, 0x00, 0xff, 0x00, 0x00, 0x00, 0xff, 0x00, 0x00, 0x00, 0xff, 0x00, 0x00, 0x00, 0xff, 0x00, 0x00, 0x00, 0xff,
  0x00, 0x00, 0x00, 0xff, 0x00, 0x00, 0x00, 0xff, 0x00, 0x00, 0x00, 0xff, 0x00, 0x00, 0x00, 0xff, 0x00, 0x00, 0x00, 0xff, 0x00, 0x00, 0x00, 0xff, 0x00, 0x00, 0x00, 0xff, 0x00, 0x00, 0x00, 0xff,
  0x00, 0x00, 0x00, 0xff, 0x00, 0x00, 0x00, 0xff, 0x00, 0x00, 0x00, 0xff, 0x00, 0x00, 0x00, 0xff, 0x00, 0x00, 0x00, 0xff, 0x00, 0x00, 0x00, 0xff, 0x00, 0x00, 0x00, 0xff, 0x00, 0x00, 0x00, 0xff,
  0x00, 0x00, 0x00, 0xff, 0x00, 0x00, 0x00, 0xff, 0x00, 0x00, 0x00, 0xff, 0x00, 0x00, 0x00, 0xff, 0x00, 0x00, 0x00, 0xff, 0x00, 0x00, 0x00, 0xff, 0x00, 0x00, 0x00, 0xff, 0x00, 0x00, 0x00, 0xff,
  0x00, 0x00, 0x00, 0xff, 0x00, 0x00, 0x00, 0xff, 0x00, 0x00, 0x00, 0xff, 0x00, 0x00, 0x00, 0xff, 0x00, 0x00, 0x00, 0xff, 0x00, 0x00, 0x00, 0xff, 0x00, 0x00, 0x00, 0xff, 0x00, 0x00, 0x00, 0xff,
  0x00, 0x00, 0x00, 0xff, 0x00, 0x00, 0x00, 0xff, 0x00, 0x00, 0x00, 0xff, 0x00, 0x00, 0x00, 0xff, 0x00, 0x00, 0x00, 0xff, 0x00, 0x00, 0x00, 0xff, 0x00, 0x00, 0x00, 0xff, 0x00, 0x00, 0x00, 0xff,
  0x00, 0x00, 0x00, 0xff, 0x00, 0x00, 0x00, 0xff, 0x00, 0x00, 0x00, 0xff, 0x00, 0x00, 0x00, 0xff, 0x00, 0x00, 0x00, 0xff, 0x00, 0x00, 0x00, 0xff, 0x00, 0x00, 0x00, 0xff, 0x00, 0x00, 0x00, 0xff,
  0x00, 0x00, 0x00, 0xff, 0x00, 0x00, 0x00, 0xff, 0x00, 0x00, 0x00, 0xff, 0x00, 0x00, 0x00, 0xff, 0x00, 0x00, 0x00, 0xff, 0x00, 0x00, 0x00, 0xff, 0x00, 0x00, 0x00, 0xff, 0x00, 0x00, 0x00, 0xff,
  0x00, 0x00, 0x00, 0xff, 0x00, 0x00, 0x00, 0xff, 0x00, 0x00, 0x00, 0xff, 0x00, 0x00, 0x00, 0xff, 0x00, 0x00, 0x00, 0xff, 0x00, 0x00, 0x00, 0xff, 0x00, 0x00, 0x00, 0xff, 0x00, 0x00, 0x00, 0xff,
  0x00, 0x00, 0x00, 0xff, 0x00, 0x00, 0x00, 0xff, 0x00, 0x00, 0x00, 0xff, 0x00, 0x00, 0x00, 0xff, 0x00, 0x00, 0x00, 0xff, 0x00, 0x00, 0x00, 0xff, 0x00, 0x00, 0x00, 0xff, 0x00, 0x00, 0x00, 0xff,
  0x00, 0x00, 0x00, 0xff, 0x00, 0x00, 0x00, 0xff, 0x00, 0x00, 0x00, 0xff, 0x00, 0x00, 0x00, 0xff, 0x00, 0x00, 0x00, 0xff, 0x00, 0x00, 0x00, 0xff, 0x00, 0x00, 0x00, 0xff, 0x00, 0x00, 0x00, 0xff,
  0x00, 0x00, 0x00, 0xff, 0x00, 0x00, 0x00, 0xff, 0x00, 0x00, 0x00, 0xff, 0x00, 0x00, 0x00, 0xff, 0x00, 0x00, 0x00, 0xff, 0x00, 0x00, 0x00, 0xff, 0x00, 0x00, 0x00, 0xff, 0x00, 0x00, 0x00, 0xff,
  0x00, 0x00, 0x00, 0xff, 0x00, 0x00, 0x00, 0xff, 0x00, 0x00, 0x00, 0xff, 0x00, 0x00, 0x00, 0xff, 0x00, 0x00, 0x00, 0xff, 0x00, 0x00, 0x00, 0xff, 0x00, 0x00, 0x00, 0xff, 0x00, 0x00, 0x00, 0xff,
  0x02, 0x02, 0x03, 0xff, 0x0c, 0x0c, 0x0e, 0xff, 0x12, 0x12, 0x15, 0xff, 0x11, 0x11, 0x12, 0xff, 0x11, 0x11, 0x12, 0xff, 0x11, 0x11, 0x12, 0xff, 0x11, 0x11, 0x12, 0xff, 0x11, 0x11, 0x12, 0xff,
  0x11, 0x11, 0x12, 0xff, 0x11, 0x11, 0x12, 0xff, 0x11, 0x11, 0x12, 0xff, 0x11, 0x11, 0x12, 0xff, 0x11, 0x11, 0x12, 0xff, 0x11, 0x11, 0x12, 0xff, 0x11, 0x11, 0x12, 0xff, 0x11, 0x11, 0x12, 0xff,
  0x11, 0x11, 0x12, 0xff, 0x11, 0x11, 0x12, 0xff, 0x11, 0x11, 0x12, 0xff, 0x11, 0x11, 0x12, 0xff, 0x11, 0x11, 0x12, 0xff, 0x11, 0x11, 0x12, 0xff, 0x11, 0x11, 0x12, 0xff, 0x11, 0x11, 0x12, 0xff,
  0x11, 0x11, 0x12, 0xff, 0x11, 0x11, 0x12, 0xff, 0x11, 0x11, 0x12, 0xff, 0x11, 0x11, 0x12, 0xff, 0x12, 0x12, 0x14, 0xff, 0xaa, 0xaa, 0xac, 0x9f, 0x00, 0x00, 0x00, 0x00,
  0xcf, 0xcf, 0xcf, 0x60, 0x1a, 0x1a, 0x1a, 0xff, 0x18, 0x18, 0x18, 0xff, 0x1c, 0x1c, 0x1c, 0xff, 0x1c, 0x1c, 0x1c, 0xff, 0x1c, 0x1c, 0x1c, 0xff, 0x1c, 0x1c, 0x1c, 0xff, 0x1c, 0x1c, 0x1c, 0xff,
  0x1c, 0x1c, 0x1c, 0xff, 0x1c, 0x1c, 0x1c, 0xff, 0x1c, 0x1c, 0x1c, 0xff, 0x1c, 0x1c, 0x1c, 0xff, 0x1c, 0x1c, 0x1c, 0xff, 0x1c, 0x1c, 0x1c, 0xff, 0x1c, 0x1c, 0x1c, 0xff, 0x1c, 0x1c, 0x1c, 0xff,
  0x1c, 0x1c, 0x1c, 0xff, 0x1c, 0x1c, 0x1c, 0xff, 0x1c, 0x1c, 0x1c, 0xff, 0x1c, 0x1c, 0x1c, 0xff, 0x1c, 0x1c, 0x1c, 0xff, 0x1c, 0x1c, 0x1c, 0xff, 0x1c, 0x1c, 0x1c, 0xff, 0x1c, 0x1c, 0x1c, 0xff,
  0x1c, 0x1c, 0x1c, 0xff, 0x1c, 0x1c, 0x1c, 0xff, 0x1a, 0x1a, 0x1a, 0xff, 0x0b, 0x0b, 0x0b, 0xff, 0x00, 0x00, 0x00, 0xff, 0x00, 0x00, 0x00, 0xff, 0x00, 0x00, 0x00, 0xff, 0x00, 0x00, 0x00, 0xff,
  0x00, 0x00, 0x00, 0xff, 0x00, 0x00, 0x00, 0xff, 0x00, 0x00, 0x00, 0xff, 0x00, 0x00, 0x00, 0xff, 0x00, 0x00, 0x00, 0xff, 0x00, 0x00, 0x00, 0xff, 0x00, 0x00, 0x00, 0xff, 0x00, 0x00, 0x00, 0xff,
  0x00, 0x00, 0x00, 0xff, 0x00, 0x00, 0x00, 0xff, 0x00, 0x00, 0x00, 0xff, 0x00, 0x00, 0x00, 0xff, 0x00, 0x00, 0x00, 0xff, 0x00, 0x00, 0x00, 0xff, 0x00, 0x00, 0x00, 0xff, 0x00, 0x00, 0x00, 0xff,
  0x00, 0x00, 0x00, 0xff, 0x00, 0x00, 0x00, 0xff, 0x00, 0x00, 0x00, 0xff, 0x00, 0x00, 0x00, 0xff, 0x00, 0x00, 0x00, 0xff, 0x00, 0x00, 0x00, 0xff, 0x00, 0x00, 0x00, 0xff, 0x00, 0x00, 0x00, 0xff,
  0x00, 0x00, 0x00, 0xff, 0x00, 0x00, 0x00, 0xff, 0x00, 0x00, 0x00, 0xff, 0x00, 0x00, 0x00, 0xff, 0x00, 0x00, 0x00, 0xff, 0x00, 0x00, 0x00, 0xff, 0x00, 0x00, 0x00, 0xff, 0x00, 0x00, 0x00, 0xff,
  0x00, 0x00, 0x00, 0xff, 0x00, 0x00, 0x00, 0xff, 0x00, 0x00, 0x00, 0xff, 0x00, 0x00, 0x00, 0xff, 0x00, 0x00, 0x00, 0xff, 0x00, 0x00, 0x00, 0xff, 0x00, 0x00, 0x00, 0xff, 0x00, 0x00, 0x00, 0xff,
  0x00, 0x00, 0x00, 0xff, 0x00, 0x00, 0x00, 0xff, 0x00, 0x00, 0x00, 0xff, 0x00, 0x00, 0x00, 0xff, 0x00, 0x00, 0x00, 0xff, 0x00, 0x00, 0x00, 0xff, 0x00, 0x00, 0x00, 0xff, 0x00, 0x00, 0x00, 0xff,
  0x00, 0x00, 0x00, 0xff, 0x00, 0x00, 0x00, 0xff, 0x00, 0x00, 0x00, 0xff, 0x00, 0x00, 0x00, 0xff, 0x00, 0x00, 0x00, 0xff, 0x00, 0x00, 0x00, 0xff, 0x00, 0x00, 0x00, 0xff, 0x00, 0x00, 0x00, 0xff,
  0x00, 0x00, 0x00, 0xff, 0x00, 0x00, 0x00, 0xff, 0x00, 0x00, 0x00, 0xff, 0x00, 0x00, 0x00, 0xff, 0x00, 0x00, 0x00, 0xff, 0x00, 0x00, 0x00, 0xff, 0x00, 0x00, 0x00, 0xff, 0x00, 0x00, 0x00, 0xff,
  0x00, 0x00, 0x00, 0xff, 0x00, 0x00, 0x00, 0xff, 0x00, 0x00, 0x00, 0xff, 0x00, 0x00, 0x00, 0xff, 0x00, 0x00, 0x00, 0xff, 0x00, 0x00, 0x00, 0xff, 0x00, 0x00, 0x00, 0xff, 0x00, 0x00, 0x00, 0xff,
  0x00, 0x00, 0x00, 0xff, 0x00, 0x00, 0x00, 0xff, 0x00, 0x00, 0x00, 0xff, 0x00, 0x00, 0x00, 0xff, 0x00, 0x00, 0x00, 0xff, 0x00, 0x00, 0x00, 0xff, 0x00, 0x00, 0x00, 0xff, 0x00, 0x00, 0x00, 0xff,
  0x00, 0x00, 0x00, 0xff, 0x00, 0x00, 0x00, 0xff, 0x00, 0x00, 0x00, 0xff, 0x00, 0x00, 0x00, 0xff, 0x00, 0x00, 0x00, 0xff, 0x00, 0x00, 0x00, 0xff, 0x00, 0x00, 0x00, 0xff, 0x00, 0x00, 0x00, 0xff,
  0x00, 0x00, 0x00, 0xff, 0x00, 0x00, 0x00, 0xff, 0x00, 0x00, 0x00, 0xff, 0x00, 0x00, 0x00, 0xff, 0x00, 0x00, 0x00, 0xff, 0x00, 0x00, 0x00, 0xff, 0x00, 0x00, 0x00, 0xff, 0x00, 0x00, 0x00, 0xff,
  0x00, 0x00, 0x00, 0xff, 0x00, 0x00, 0x00, 0xff, 0x00, 0x00, 0x00, 0xff, 0x00, 0x00, 0x00, 0xff, 0x00, 0x00, 0x00, 0xff, 0x00, 0x00, 0x00, 0xff, 0x00, 0x00, 0x00, 0xff, 0x00, 0x00, 0x00, 0xff,
  0x00, 0x00, 0x00, 0xff, 0x00, 0x00, 0x00, 0xff, 0x00, 0x00, 0x00, 0xff, 0x00, 0x00, 0x00, 0xff, 0x00, 0x00, 0x00, 0xff, 0x00, 0x00, 0x00, 0xff, 0x00, 0x00, 0x00, 0xff, 0x00, 0x00, 0x00, 0xff,
  0x00, 0x00, 0x00, 0xff, 0x00, 0x00, 0x00, 0xff, 0x00, 0x00, 0x00, 0xff, 0x00, 0x00, 0x00, 0xff, 0x00, 0x00, 0x00, 0xff, 0x00, 0x00, 0x00, 0xff, 0x00, 0x00, 0x00, 0xff, 0x00, 0x00, 0x00, 0xff,
  0x00, 0x00, 0x00, 0xff, 0x00, 0x00, 0x00, 0xff, 0x00, 0x00, 0x00, 0xff, 0x00, 0x00, 0x00, 0xff, 0x00, 0x00, 0x00, 0xff, 0x00, 0x00, 0x00, 0xff, 0x00, 0x00, 0x00, 0xff, 0x00, 0x00, 0x00, 0xff,
  0x00, 0x00, 0x00, 0xff, 0x00, 0x00, 0x00, 0xff, 0x00, 0x00, 0x00, 0xff, 0x00, 0x00, 0x00, 0xff, 0x00, 0x00, 0x00, 0xff, 0x00, 0x00, 0x00, 0xff, 0x00, 0x00, 0x00, 0xff, 0x00, 0x00, 0x00, 0xff,
  0x00, 0x00, 0x00, 0xff, 0x00, 0x00, 0x00, 0xff, 0x09, 0x09, 0x0a, 0xff, 0x12, 0x12, 0x15, 0xff, 0x11, 0x11, 0x13, 0xff, 0x11, 0x11, 0x12, 0xff, 0x11, 0x11, 0x12, 0xff, 0x11, 0x11, 0x12, 0xff,
  0x11, 0x11, 0x12, 0xff, 0x11, 0x11, 0x12, 0xff, 0x11, 0x11, 0x12, 0xff, 0x11, 0x11, 0x12, 0xff, 0x11, 0x11, 0x12, 0xff, 0x11, 0x11, 0x12, 0xff, 0x11, 0x11, 0x12, 0xff, 0x11, 0x11, 0x12, 0xff,
  0x11, 0x11, 0x12, 0xff, 0x11, 0x11, 0x12, 0xff, 0x11, 0x11, 0x12, 0xff, 0x11, 0x11, 0x12, 0xff, 0x11, 0x11, 0x12, 0xff, 0x11, 0x11, 0x12, 0xff, 0x11, 0x11, 0x12, 0xff, 0x11, 0x11, 0x12, 0xff,
  0x11, 0x11, 0x12, 0xff, 0x11, 0x11, 0x12, 0xff, 0x11, 0x11, 0x12, 0xff, 0x11, 0x11, 0x12, 0xff, 0x12, 0x12, 0x14, 0xff, 0xaa, 0xaa, 0xac, 0x9f, 0x00, 0x00, 0x00, 0x00,
  0xcf, 0xcf, 0xcf, 0x60, 0x1a, 0x1a, 0x1a, 0xff, 0x18, 0x18, 0x18, 0xff, 0x1c, 0x1c, 0x1c, 0xff, 0x1c, 0x1c, 0x1c, 0xff, 0x1c, 0x1c, 0x1c, 0xff, 0x1c, 0x1c, 0x1c, 0xff, 0x1c, 0x1c, 0x1c, 0xff,
  0x1c, 0x1c, 0x1c, 0xff, 0x1c, 0x1c, 0x1c, 0xff, 0x1c, 0x1c, 0x1c, 0xff, 0x1c, 0x1c, 0x1c, 0xff, 0x1c, 0x1c, 0x1c, 0xff, 0x1c, 0x1c, 0x1c, 0xff, 0x1c, 0x1c, 0x1c, 0xff, 0x1c, 0x1c, 0x1c, 0xff,
  0x1c, 0x1c, 0x1c, 0xff, 0x1c, 0x1c, 0x1c, 0xff, 0x1c, 0x1c, 0x1c, 0xff, 0x1c, 0x1c, 0x1c, 0xff, 0x1c, 0x1c, 0x1c, 0xff, 0x1c, 0x1c, 0x1c, 0xff, 0x1c, 0x1c, 0x1c, 0xff, 0x1c, 0x1c, 0x1c, 0xff,
  0x1c, 0x1c, 0x1c, 0xff, 0x15, 0x15, 0x15, 0xff, 0x03, 0x03, 0x03, 0xff, 0x00, 0x00, 0x00, 0xff, 0x00, 0x00, 0x00, 0xff, 0x00, 0x00, 0x00, 0xff, 0x00, 0x00, 0x00, 0xff, 0x00, 0x00, 0x00, 0xff,
  0x00, 0x00, 0x00, 0xff, 0x00, 0x00, 0x00, 0xff, 0x00, 0x00, 0x00, 0xff, 0x00, 0x00, 0x00, 0xff, 0x00, 0x00, 0x00, 0xff, 0x00, 0x00, 0x00, 0xff, 0x00, 0x00, 0x00, 0xff, 0x00, 0x00, 0x00, 0xff,
  0x00, 0x00, 0x00, 0xff, 0x00, 0x00, 0x00, 0xff, 0x00, 0x00, 0x00, 0xff, 0x00, 0x00, 0x00, 0xff, 0x00, 0x00, 0x00, 0xff, 0x00, 0x00, 0x00, 0xff, 0x00, 0x00, 0x00, 0xff, 0x00, 0x00, 0x00, 0xff,
  0x00, 0x00, 0x00, 0xff, 0x00, 0x00, 0x00, 0xff, 0x00, 0x00, 0x00, 0xff, 0x00, 0x00, 0x00, 0xff, 0x00, 0x00, 0x00, 0xff, 0x00, 0x00, 0x00, 0xff, 0x00, 0x00, 0x00, 0xff, 0x00, 0x00, 0x00, 0xff,
  0x00, 0x00, 0x00, 0xff, 0x00, 0x00, 0x00, 0xff, 0x00, 0x00, 0x00, 0xff, 0x00, 0x00, 0x00, 0xff, 0x00, 0x00, 0x00, 0xff, 0x00, 0x00, 0x00, 0xff, 0x00, 0x00, 0x00, 0xff, 0x00, 0x00, 0x00, 0xff,
  0x00, 0x00, 0x00, 0xff, 0x00, 0x00, 0x00, 0xff, 0x00, 0x00, 0x00, 0xff, 0x00, 0x00, 0x00, 0xff, 0x00, 0x00, 0x00, 0xff, 0x00, 0x00, 0x00, 0xff, 0x00, 0x00, 0x00, 0xff, 0x00, 0x00, 0x00, 0xff,
  0x00, 0x00, 0x00, 0xff, 0x00, 0x00, 0x00, 0xff, 0x00, 0x00, 0x00, 0xff, 0x00, 0x00, 0x00, 0xff, 0x00, 0x00, 0x00, 0xff, 0x00, 0x00, 0x00, 0xff, 0x00, 0x00, 0x00, 0xff, 0x00, 0x00, 0x00, 0xff,
  0x00, 0x00, 0x00, 0xff, 0x00, 0x00, 0x00, 0xff, 0x00, 0x00, 0x00, 0xff, 0x00, 0x00, 0x00, 0xff, 0x00, 0x00, 0x00, 0xff, 0x00, 0x00, 0x00, 0xff, 0x00, 0x00, 0x00, 0xff, 0x00, 0x00, 0x00, 0xff,
  0x00, 0x00, 0x00, 0xff, 0x00, 0x00, 0x00, 0xff, 0x00, 0x00, 0x00, 0xff, 0x00, 0x00, 0x00, 0xff, 0x00, 0x00, 0x00, 0xff, 0x00, 0x00, 0x00, 0xff, 0x00, 0x00, 0x00, 0xff, 0x00, 0x00, 0x00, 0xff,
  0x00, 0x00, 0x00, 0xff, 0x00, 0x00, 0x00, 0xff, 0x00, 0x00, 0x00, 0xff, 0x00, 0x00, 0x00, 0xff, 0x00, 0x00, 0x00, 0xff, 0x00, 0x00, 0x00, 0xff, 0x00, 0x00, 0x00, 0xff, 0x00, 0x00, 0x00, 0xff,
  0x00, 0x00, 0x00, 0xff, 0x00, 0x00, 0x00, 0xff, 0x00, 0x00, 0x00, 0xff, 0x00, 0x00, 0x00, 0xff, 0x00, 0x00, 0x00, 0xff, 0x00, 0x00, 0x00, 0xff, 0x00, 0x00, 0x00, 0xff, 0x00, 0x00, 0x00, 0xff,
  0x00, 0x00, 0x00, 0xff, 0x00, 0x00, 0x00, 0xff, 0x00, 0x00, 0x00, 0xff, 0x00, 0x00, 0x00, 0xff, 0x00, 0x00, 0x00, 0xff, 0x00, 0x00, 0x00, 0xff, 0x00, 0x00, 0x00, 0xff, 0x00, 0x00, 0x00, 0xff,
  0x00, 0x00, 0x00, 0xff, 0x00, 0x00, 0x00, 0xff, 0x00, 0x00, 0x00, 0xff, 0x00, 0x00, 0x00, 0xff, 0x00, 0x00, 0x00, 0xff, 0x00, 0x00, 0x00, 0xff, 0x00, 0x00, 0x00, 0xff, 0x00, 0x00, 0x00, 0xff,
  0x00, 0x00, 0x00, 0xff, 0x00, 0x00, 0x00, 0xff, 0x00, 0x00, 0x00, 0xff, 0x00, 0x00, 0x00, 0xff, 0x00, 0x00, 0x00, 0xff, 0x00, 0x00, 0x00, 0xff, 0x00, 0x00, 0x00, 0xff, 0x00, 0x00, 0x00, 0xff,
  0x00, 0x00, 0x00, 0xff, 0x00, 0x00, 0x00, 0xff, 0x00, 0x00, 0x00, 0xff, 0x00, 0x00, 0x00, 0xff, 0x00, 0x00, 0x00, 0xff, 0x00, 0x00, 0x00, 0xff, 0x00, 0x00, 0x00, 0xff, 0x00, 0x00, 0x00, 0xff,
  0x00, 0x00, 0x00, 0xff, 0x00, 0x00, 0x00, 0xff, 0x00, 0x00, 0x00, 0xff, 0x00, 0x00, 0x00, 0xff, 0x00, 0x00, 0x00, 0xff, 0x00, 0x00, 0x00, 0xff, 0x00, 0x00, 0x00, 0xff, 0x00, 0x00, 0x00, 0xff,
  0x00, 0x00, 0x00, 0xff, 0x00, 0x00, 0x00, 0xff, 0x00, 0x00, 0x00, 0xff, 0x00, 0x00, 0x00, 0xff, 0x00, 0x00, 0x00, 0xff, 0x00, 0x00, 0x00, 0xff, 0x00, 0x00, 0x00, 0xff, 0x00, 0x00, 0x00, 0xff,
  0x00, 0x00, 0x00, 0xff, 0x00, 0x00, 0x00, 0xff, 0x00, 0x00, 0x00, 0xff, 0x00, 0x00, 0x00, 0xff, 0x00, 0x00, 0x00, 0xff, 0x00, 0x00, 0x00, 0xff, 0x00, 0x00, 0x00, 0xff, 0x00, 0x00, 0x00, 0xff,
  0x00, 0x00, 0x00, 0xff, 0x00, 0x00, 0x00, 0xff, 0x00, 0x00, 0x00, 0xff, 0x02, 0x02, 0x03, 0xff, 0x0f, 0x0f, 0x12, 0xff, 0x12, 0x12, 0x14, 0xff, 0x11, 0x11, 0x12, 0xff, 0x11, 0x11, 0x12, 0xff,
  0x11, 0x11, 0x12, 0xff, 0x11, 0x11, 0x12, 0xff, 0x11, 0x11, 0x12, 0xff, 0x11, 0x11, 0x12, 0xff, 0x11, 0x11, 0x12, 0xff, 0x11, 0x11, 0x12, 0xff, 0x11, 0x11, 0x12, 0xff, 0x11, 0x11, 0x12, 0xff,
  0x11, 0x11, 0x12, 0xff, 0x11, 0x11, 0x12, 0xff, 0x11, 0x11, 0x12, 0xff, 0x11, 0x11, 0x12, 0xff, 0x11, 0x11, 0x12, 0xff, 0x11, 0x11, 0x12, 0xff, 0x11, 0x11, 0x12, 0xff, 0x11, 0x11, 0x12, 0xff,
  0x11, 0x11, 0x12, 0xff, 0x11, 0x11, 0x12, 0xff, 0x11, 0x11, 0x12, 0xff, 0x11, 0x11, 0x12, 0xff, 0x12, 0x12, 0x14, 0xff, 0xaa, 0xaa, 0xac, 0x9f, 0x00, 0x00, 0x00, 0x00,
  0xcf, 0xcf, 0xcf, 0x60, 0x1a, 0x1a, 0x1a, 0xff, 0x18, 0x18, 0x18, 0xff, 0x1c, 0x1c, 0x1c, 0xff, 0x1c, 0x1c, 0x1c, 0xff, 0x1c, 0x1c, 0x1c, 0xff, 0x1c, 0x1c, 0x1c, 0xff, 0x1c, 0x1c, 0x1c, 0xff,
  0x1c, 0x1c, 0x1c, 0xff, 0x1c, 0x1c, 0x1c, 0xff, 0x1c, 0x1c, 0x1c, 0xff, 0x1c, 0x1c, 0x1c, 0xff, 0x1c, 0x1c, 0x1c, 0xff, 0x1c, 0x1c, 0x1c, 0xff, 0x1c, 0x1c, 0x1c, 0xff, 0x1c, 0x1c, 0x1c, 0xff,
  0x1c, 0x1c, 0x1c, 0xff, 0x1c, 0x1c, 0x1c, 0xff, 0x1c, 0x1c, 0x1c, 0xff, 0x1c, 0x1c, 0x1c, 0xff, 0x1c, 0x1c, 0x1c, 0xff, 0x1c, 0x1c, 0x1c, 0xff, 0x1c, 0x1c, 0x1c, 0xff, 0x1a, 0x1a, 0x1a, 0xff,
  0x0c, 0x0c, 0x0c, 0xff, 0x00, 0x00, 0x00, 0xff, 0x00, 0x00, 0x00, 0xff, 0x00, 0x00, 0x00, 0xff, 0x00, 0x00, 0x00, 0xff, 0x00, 0x00, 0x00, 0xff, 0x00, 0x00, 0x00, 0xff, 0x00, 0x00, 0x00, 0xff,
  0x00, 0x00, 0x00, 0xff, 0x00, 0x00, 0x00, 0xff, 0x00, 0x00, 0x00, 0xff, 0x00, 0x00, 0x00, 0xff, 0x00, 0x00, 0x00, 0xff, 0x00, 0x00, 0x00, 0xff, 0x00, 0x00, 0x00, 0xff, 0x00, 0x00, 0x00, 0xff,
  0x00, 0x00, 0x00, 0xff, 0x00, 0x00, 0x00, 0xff, 0x00, 0x00, 0x00, 0xff, 0x00, 0x00, 0x00, 0xff, 0x00, 0x00, 0x00, 0xff, 0x00, 0x00, 0x00, 0xff, 0x00, 0x00, 0x00, 0xff, 0x00, 0x00, 0x00, 0xff,
  0x00, 0x00, 0x00, 0xff, 0x00, 0x00, 0x00, 0xff, 0x00, 0x00, 0x00, 0xff, 0x00, 0x00, 0x00, 0xff, 0x00, 0x00, 0x00, 0xff, 0x00, 0x00, 0x00, 0xff, 0x00, 0x00, 0x00, 0xff, 0x00, 0x00, 0x00, 0xff,
  0x00, 0x00, 0x00, 0xff, 0x00, 0x00, 0x00, 0xff, 0x00, 0x00, 0x00, 0xff, 0x00, 0x00, 0x00, 0xff, 0x00, 0x00, 0x00, 0xff, 0x00, 0x00, 0x00, 0xff, 0x00, 0x00, 0x00, 0xff, 0x00, 0x00, 0x00, 0xff,
  0x00, 0x00, 0x00, 0xff, 0x00, 0x00, 0x00, 0xff, 0x00, 0x00, 0x00, 0xff, 0x00, 0x00, 0x00, 0xff, 0x00, 0x00, 0x00, 0xff, 0x00, 0x00, 0x00, 0xff, 0x00, 0x00, 0x00, 0xff, 0x00, 0x00, 0x00, 0xff,
  0x00, 0x00, 0x00, 0xff, 0x00, 0x00, 0x00, 0xff, 0x00, 0x00, 0x00, 0xff, 0x00, 0x00, 0x00, 0xff, 0x00, 0x00, 0x00, 0xff, 0x00, 0x00, 0x00, 0xff, 0x00, 0x00, 0x00, 0xff, 0x00, 0x00, 0x00, 0xff,
  0x00, 0x00, 0x00, 0xff, 0x00, 0x00, 0x00, 0xff, 0x00, 0x00, 0x00, 0xff, 0x00, 0x00, 0x00, 0xff, 0x00, 0x00, 0x00, 0xff, 0x00, 0x00, 0x00, 0xff, 0x00, 0x00, 0x00, 0xff, 0x00, 0x00, 0x00, 0xff,
  0x00, 0x00, 0x00, 0xff, 0x00, 0x00, 0x00, 0xff, 0x00, 0x00, 0x00, 0xff, 0x00, 0x00, 0x00, 0xff, 0x00, 0x00, 0x00, 0xff, 0x00, 0x00, 0x00, 0xff, 0x00, 0x00, 0x00, 0xff, 0x00, 0x00, 0x00, 0xff,
  0x00, 0x00, 0x00, 0xff, 0x00, 0x00, 0x00, 0xff, 0x00, 0x00, 0x00, 0xff, 0x00, 0x00, 0x00, 0xff, 0x00, 0x00, 0x00, 0xff, 0x00, 0x00, 0x00, 0xff, 0x00, 0x00, 0x00, 0xff, 0x00, 0x00, 0x00, 0xff,
  0x00, 0x00, 0x00, 0xff, 0x00, 0x00, 0x00, 0xff, 0x00, 0x00, 0x00, 0xff, 0x00, 0x00, 0x00, 0xff, 0x00, 0x00, 0x00, 0xff, 0x00, 0x00, 0x00, 0xff, 0x00, 0x00, 0x00, 0xff, 0x00, 0x00, 0x00, 0xff,
  0x00, 0x00, 0x00, 0xff, 0x00, 0x00, 0x00, 0xff, 0x00, 0x00, 0x00, 0xff, 0x00, 0x00, 0x00, 0xff, 0x00, 0x00, 0x00, 0xff, 0x00, 0x00, 0x00, 0xff, 0x00, 0x00, 0x00, 0xff, 0x00, 0x00, 0x00, 0xff,
  0x00, 0x00, 0x00, 0xff, 0x00, 0x00, 0x00, 0xff, 0x00, 0x00, 0x00, 0xff, 0x00, 0x00, 0x00, 0xff, 0x00, 0x00, 0x00, 0xff, 0x00, 0x00, 0x00, 0xff, 0x00, 0x00, 0x00, 0xff, 0x00, 0x00, 0x00, 0xff,
  0x00, 0x00, 0x00, 0xff, 0x00, 0x00, 0x00, 0xff, 0x00, 0x00, 0x00, 0xff, 0x00, 0x00, 0x00, 0xff, 0x00, 0x00, 0x00, 0xff, 0x00, 0x00, 0x00, 0xff, 0x00, 0x00, 0x00, 0xff, 0x00, 0x00, 0x00, 0xff,
  0x00, 0x00, 0x00, 0xff, 0x00, 0x00, 0x00, 0xff, 0x00, 0x00, 0x00, 0xff, 0x00, 0x00, 0x00, 0xff, 0x00, 0x00, 0x00, 0xff, 0x00, 0x00, 0x00, 0xff, 0x00, 0x00, 0x00, 0xff, 0x00, 0x00, 0x00, 0xff,
  0x00, 0x00, 0x00, 0xff, 0x00, 0x00, 0x00, 0xff, 0x00, 0x00, 0x00, 0xff, 0x00, 0x00, 0x00, 0xff, 0x00, 0x00, 0x00, 0xff, 0x00, 0x00, 0x00, 0xff, 0x00, 0x00, 0x00, 0xff, 0x00, 0x00, 0x00, 0xff,
  0x00, 0x00, 0x00, 0xff, 0x00, 0x00, 0x00, 0xff, 0x00, 0x00, 0x00, 0xff, 0x00, 0x00, 0x00, 0xff, 0x00, 0x00, 0x00, 0xff, 0x00, 0x00, 0x00, 0xff, 0x00, 0x00, 0x00, 0xff, 0x00, 0x00, 0x00, 0xff,
  0x00, 0x00, 0x00, 0xff, 0x00, 0x00, 0x00, 0xff, 0x00, 0x00, 0x00, 0xff, 0x00, 0x00, 0x00, 0xff, 0x00, 0x00, 0x00, 0xff, 0x00, 0x00, 0x00, 0xff, 0x00, 0x00, 0x00, 0xff, 0x00, 0x00, 0x00, 0xff,
  0x00, 0x00, 0x00, 0xff, 0x00, 0x00, 0x00, 0xff, 0x00, 0x00, 0x00, 0xff, 0x00, 0x00, 0x00, 0xff, 0x01, 0x01, 0x01, 0xff, 0x0b, 0x0b, 0x0d, 0xff, 0x12, 0x12, 0x15, 0xff, 0x11, 0x11, 0x12, 0xff,
  0x11, 0x11, 0x12, 0xff, 0x11, 0x11, 0x12, 0xff, 0x11, 0x11, 0x12, 0xff, 0x11, 0x11, 0x12, 0xff, 0x11, 0x11, 0x12, 0xff, 0x11, 0x11, 0x12, 0xff, 0x11, 0x11, 0x12, 0xff, 0x11, 0x11, 0x12, 0xff,
  0x11, 0x11, 0x12, 0xff, 0x11, 0x11, 0x12, 0xff, 0x11, 0x11, 0x12, 0xff, 0x11, 0x11, 0x12, 0xff, 0x11, 0x11, 0x12, 0xff, 0x11, 0x11, 0x12, 0xff, 0x11, 0x11, 0x12, 0xff, 0x11, 0x11, 0x12, 0xff,
  0x11, 0x11, 0x12, 0xff, 0x11, 0x11, 0x12, 0xff, 0x11, 0x11, 0x12, 0xff, 0x11, 0x11, 0x12, 0xff, 0x12, 0x12, 0x14, 0xff, 0xaa, 0xaa, 0xac, 0x9f, 0x00, 0x00, 0x00, 0x00,
  0xcf, 0xcf, 0xcf, 0x60, 0x1a, 0x1a, 0x1a, 0xff, 0x18, 0x18, 0x18, 0xff, 0x1c, 0x1c, 0x1c, 0xff, 0x1c, 0x1c, 0x1c, 0xff, 0x1c, 0x1c, 0x1c, 0xff, 0x1c, 0x1c, 0x1c, 0xff, 0x1c, 0x1c, 0x1c, 0xff,
  0x1c, 0x1c, 0x1c, 0xff, 0x1c, 0x1c, 0x1c, 0xff, 0x1c, 0x1c, 0x1c, 0xff, 0x1c, 0x1c, 0x1c, 0xff, 0x1c, 0x1c, 0x1c, 0xff, 0x1c, 0x1c, 0x1c, 0xff, 0x1c, 0x1c, 0x1c, 0xff, 0x1c, 0x1c, 0x1c, 0xff,
  0x1c, 0x1c, 0x1c, 0xff, 0x1c, 0x1c, 0x1c, 0xff, 0x1c, 0x1c, 0x1c, 0xff, 0x1c, 0x1c, 0x1c, 0xff, 0x1c, 0x1c, 0x1c, 0xff, 0x1c, 0x1c, 0x1c, 0xff, 0x16, 0x16, 0x16, 0xff, 0x03, 0x03, 0x03, 0xff,
  0x00, 0x00, 0x00, 0xff, 0x00, 0x00, 0x00, 0xff, 0x00, 0x00, 0x00, 0xff, 0x00, 0x00, 0x00, 0xff, 0x00, 0x00, 0x00, 0xff, 0x00, 0x00, 0x00, 0xff, 0x00, 0x00, 0x00, 0xff, 0x00, 0x00, 0x00, 0xff,
  0x00, 0x00, 0x00, 0xff, 0x00, 0x00, 0x00, 0xff, 0x00, 0x00, 0x00, 0xff, 0x00, 0x00, 0x00, 0xff, 0x00, 0x00, 0x00, 0xff, 0x00, 0x00, 0x00, 0xff, 0x00, 0x00, 0x00, 0xff, 0x00, 0x00, 0x00, 0xff,
  0x00, 0x00, 0x00, 0xff, 0x00, 0x00, 0x00, 0xff, 0x00, 0x00, 0x00, 0xff, 0x00, 0x00, 0x00, 0xff, 0x00, 0x00, 0x00, 0xff, 0x00, 0x00, 0x00, 0xff, 0x00, 0x00, 0x00, 0xff, 0x00, 0x00, 0x00, 0xff,
  0x00, 0x00, 0x00, 0xff, 0x00, 0x00, 0x00, 0xff, 0x00, 0x00, 0x00, 0xff, 0x00, 0x00, 0x00, 0xff, 0x00, 0x00, 0x00, 0xff, 0x00, 0x00, 0x00, 0xff, 0x00, 0x00, 0x00, 0xff, 0x00, 0x00, 0x00, 0xff,
  0x00, 0x00, 0x00, 0xff, 0x00, 0x00, 0x00, 0xff, 0x00, 0x00, 0x00, 0xff, 0x00, 0x00, 0x00, 0xff, 0x00, 0x00, 0x00, 0xff, 0x00, 0x00, 0x00, 0xff, 0x00, 0x00, 0x00, 0xff, 0x00, 0x00, 0x00, 0xff,
  0x00, 0x00, 0x00, 0xff, 0x00, 0x00, 0x00, 0xff, 0x00, 0x00, 0x00, 0xff, 0x00, 0x00, 0x00, 0xff, 0x00, 0x00, 0x00, 0xff, 0x00, 0x00, 0x00, 0xff, 0x00, 0x00, 0x00, 0xff, 0x00, 0x00, 0x00, 0xff,
  0x00, 0x00, 0x00, 0xff, 0x00, 0x00, 0x00, 0xff, 0x00, 0x00, 0x00, 0xff, 0x00, 0x00, 0x00, 0xff, 0x00, 0x00, 0x00, 0xff, 0x00, 0x00, 0x00, 0xff, 0x00, 0x00, 0x00, 0xff, 0x00, 0x00, 0x00, 0xff,
  0x00, 0x00, 0x00, 0xff, 0x00, 0x00, 0x00, 0xff, 0x00, 0x00, 0x00, 0xff, 0x00, 0x00, 0x00, 0xff, 0x00, 0x00, 0x00, 0xff, 0x00, 0x00, 0x00, 0xff, 0x00, 0x00, 0x00, 0xff, 0x00, 0x00, 0x00, 0xff,
  0x00, 0x00, 0x00, 0xff, 0x00, 0x00, 0x00, 0xff, 0x00, 0x00, 0x00, 0xff, 0x00, 0x00, 0x00, 0xff, 0x00, 0x00, 0x00, 0xff, 0x00, 0x00, 0x00, 0xff, 0x00, 0x00, 0x00, 0xff, 0x00, 0x00, 0x00, 0xff,
  0x00, 0x00, 0x00, 0xff, 0x00, 0x00, 0x00, 0xff, 0x00, 0x00, 0x00, 0xff, 0x00, 0x00, 0x00, 0xff, 0x00, 0x00, 0x00, 0xff, 0x00, 0x00, 0x00, 0xff, 0x00, 0x00, 0x00, 0xff, 0x00, 0x00, 0x00, 0xff,
  0x00, 0x00, 0x00, 0xff, 0x00, 0x00, 0x00, 0xff, 0x00, 0x00, 0x00, 0xff, 0x00, 0x00, 0x00, 0xff, 0x00, 0x00, 0x00, 0xff, 0x00, 0x00, 0x00, 0xff, 0x00, 0x00, 0x00, 0xff, 0x00, 0x00, 0x00, 0xff,
  0x00, 0x00, 0x00, 0xff, 0x00, 0x00, 0x00, 0xff, 0x00, 0x00, 0x00, 0xff, 0x00, 0x00, 0x00, 0xff, 0x00, 0x00, 0x00, 0xff, 0x00, 0x00, 0x00, 0xff, 0x00, 0x00, 0x00, 0xff, 0x00, 0x00, 0x00, 0xff,
  0x00, 0x00, 0x00, 0xff, 0x00, 0x00, 0x00, 0xff, 0x00, 0x00, 0x00, 0xff, 0x00, 0x00, 0x00, 0xff, 0x00, 0x00, 0x00, 0xff, 0x00, 0x00, 0x00, 0xff, 0x00, 0x00, 0x00, 0xff, 0x00, 0x00, 0x00, 0xff,
  0x00, 0x00, 0x00, 0xff, 0x00, 0x00, 0x00, 0xff, 0x00, 0x00, 0x00, 0xff, 0x00, 0x00, 0x00, 0xff, 0x00, 0x00, 0x00, 0xff, 0x00, 0x00, 0x00, 0xff, 0x00, 0x00, 0x00, 0xff, 0x00, 0x00, 0x00, 0xff,
  0x00, 0x00, 0x00, 0xff, 0x00, 0x00, 0x00, 0xff, 0x00, 0x00, 0x00, 0xff, 0x00, 0x00, 0x00, 0xff, 0x00, 0x00, 0x00, 0xff, 0x00, 0x00, 0x00, 0xff, 0x00, 0x00, 0x00, 0xff, 0x00, 0x00, 0x00, 0xff,
  0x00, 0x00, 0x00, 0xff, 0x00, 0x00, 0x00, 0xff, 0x00, 0x00, 0x00, 0xff, 0x00, 0x00, 0x00, 0xff, 0x00, 0x00, 0x00, 0xff, 0x00, 0x00, 0x00, 0xff, 0x00, 0x00, 0x00, 0xff, 0x00, 0x00, 0x00, 0xff,
  0x00, 0x00, 0x00, 0xff, 0x00, 0x00, 0x00, 0xff, 0x00, 0x00, 0x00, 0xff, 0x00, 0x00, 0x00, 0xff, 0x00, 0x00, 0x00, 0xff, 0x00, 0x00, 0x00, 0xff, 0x00, 0x00, 0x00, 0xff, 0x00, 0x00, 0x00, 0xff,
  0x00, 0x00, 0x00, 0xff, 0x00, 0x00, 0x00, 0xff, 0x00, 0x00, 0x00, 0xff, 0x00, 0x00, 0x00, 0xff, 0x00, 0x00, 0x00, 0xff, 0x00, 0x00, 0x00, 0xff, 0x00, 0x00, 0x00, 0xff, 0x00, 0x00, 0x00, 0xff,
  0x00, 0x00, 0x00, 0xff, 0x00, 0x00, 0x00, 0xff, 0x00, 0x00, 0x00, 0xff, 0x00, 0x00, 0x00, 0xff, 0x00, 0x00, 0x00, 0xff, 0x00, 0x00, 0x00, 0xff, 0x07, 0x07, 0x09, 0xff, 0x10, 0x10, 0x13, 0xff,
  0x11, 0x11, 0x13, 0xff, 0x11, 0x11, 0x12, 0xff, 0x11, 0x11, 0x12, 0xff, 0x11, 0x11, 0x12, 0xff, 0x11, 0x11, 0x12, 0xff, 0x11, 0x11, 0x12, 0xff, 0x11, 0x11, 0x12, 0xff, 0x11, 0x11, 0x12, 0xff,
  0x11, 0x11, 0x12, 0xff, 0x11, 0x11, 0x12, 0xff, 0x11, 0x11, 0x12, 0xff, 0x11, 0x11, 0x12, 0xff, 0x11, 0x11, 0x12, 0xff, 0x11, 0x11, 0x12, 0xff, 0x11, 0x11, 0x12, 0xff, 0x11, 0x11, 0x12, 0xff,
  0x11, 0x11, 0x12, 0xff, 0x11, 0x11, 0x12, 0xff, 0x11, 0x11, 0x12, 0xff, 0x11, 0x11, 0x12, 0xff, 0x12, 0x12, 0x14, 0xff, 0xaa, 0xaa, 0xac, 0x9f, 0x00, 0x00, 0x00, 0x00,
  0xcf, 0xcf, 0xcf, 0x60, 0x1a, 0x1a, 0x1a, 0xff, 0x18, 0x18, 0x18, 0xff, 0x1c, 0x1c, 0x1c, 0xff, 0x1c, 0x1c, 0x1c, 0xff, 0x1c, 0x1c, 0x1c, 0xff, 0x1c, 0x1c, 0x1c, 0xff, 0x1c, 0x1c, 0x1c, 0xff,
  0x1c, 0x1c, 0x1c, 0xff, 0x1c, 0x1c, 0x1c, 0xff, 0x1c, 0x1c, 0x1c, 0xff, 0x1c, 0x1c, 0x1c, 0xff, 0x1c, 0x1c, 0x1c, 0xff, 0x1c, 0x1c, 0x1c, 0xff, 0x1c, 0x1c, 0x1c, 0xff, 0x1c, 0x1c, 0x1c, 0xff,
  0x1c, 0x1c, 0x1c, 0xff, 0x1c, 0x1c, 0x1c, 0xff, 0x1c, 0x1c, 0x1c, 0xff, 0x1c, 0x1c, 0x1c, 0xff, 0x1c, 0x1c, 0x1c, 0xff, 0x10, 0x10, 0x10, 0xff, 0x00, 0x00, 0x00, 0xff, 0x00, 0x00, 0x00, 0xff,
  0x00, 0x00, 0x00, 0xff, 0x00, 0x00, 0x00, 0xff, 0x00, 0x00, 0x00, 0xff, 0x00, 0x00, 0x00, 0xff, 0x00, 0x00, 0x00, 0xff, 0x00, 0x00, 0x00, 0xff, 0x00, 0x00, 0x00, 0xff, 0x00, 0x00, 0x00, 0xff,
  0x00, 0x00, 0x00, 0xff, 0x00, 0x00, 0x00, 0xff, 0x00, 0x00, 0x00, 0xff, 0x00, 0x00, 0x00, 0xff, 0x00, 0x00, 0x00, 0xff, 0x00, 0x00, 0x00, 0xff, 0x00, 0x00, 0x00, 0xff, 0x00, 0x00, 0x00, 0xff,
  0x00, 0x00, 0x00, 0xff, 0x00, 0x00, 0x00, 0xff, 0x00, 0x00, 0x00, 0xff, 0x00, 0x00, 0x00, 0xff, 0x00, 0x00, 0x00, 0xff, 0x00, 0x00, 0x00, 0xff, 0x00, 0x00, 0x00, 0xff, 0x00, 0x00, 0x00, 0xff,
  0x00, 0x00, 0x00, 0xff, 0x00, 0x00, 0x00, 0xff, 0x00, 0x00, 0x00, 0xff, 0x00, 0x00, 0x00, 0xff, 0x00, 0x00, 0x00, 0xff, 0x00, 0x00, 0x00, 0xff, 0x00, 0x00, 0x00, 0xff, 0x00, 0x00, 0x00, 0xff,
  0x00, 0x00, 0x00, 0xff, 0x00, 0x00, 0x00, 0xff, 0x00, 0x00, 0x00, 0xff, 0x00, 0x00, 0x00, 0xff, 0x00, 0x00, 0x00, 0xff, 0x00, 0x00, 0x00, 0xff, 0x00, 0x00, 0x00, 0xff, 0x00, 0x00, 0x00, 0xff,
  0x00, 0x00, 0x00, 0xff, 0x00, 0x00, 0x00, 0xff, 0x00, 0x00, 0x00, 0xff, 0x00, 0x00, 0x00, 0xff, 0x00, 0x00, 0x00, 0xff, 0x00, 0x00, 0x00, 0xff, 0x00, 0x00, 0x00, 0xff, 0x00, 0x00, 0x00, 0xff,
  0x00, 0x00, 0x00, 0xff, 0x00, 0x00, 0x00, 0xff, 0x00, 0x00, 0x00, 0xff, 0x00, 0x00, 0x00, 0xff, 0x00, 0x00, 0x00, 0xff, 0x00, 0x00, 0x00, 0xff, 0x00, 0x00, 0x00, 0xff, 0x00, 0x00, 0x00, 0xff,
  0x00, 0x00, 0x00, 0xff, 0x00, 0x00, 0x00, 0xff, 0x00, 0x00, 0x00, 0xff, 0x00, 0x00, 0x00, 0xff, 0x00, 0x00, 0x00, 0xff, 0x00, 0x00, 0x00, 0xff, 0x00, 0x00, 0x00, 0xff, 0x00, 0x00, 0x00, 0xff,
  0x00, 0x00, 0x00, 0xff, 0x00, 0x00, 0x00, 0xff, 0x00, 0x00, 0x00, 0xff, 0x00, 0x00, 0x00, 0xff, 0x00, 0x00, 0x00, 0xff, 0x00, 0x00, 0x00, 0xff, 0x00, 0x00, 0x00, 0xff, 0x00, 0x00, 0x00, 0xff,
  0x00, 0x00, 0x00, 0xff, 0x00, 0x00, 0x00, 0xff, 0x00, 0x00, 0x00, 0xff, 0x00, 0x00, 0x00, 0xff, 0x00, 0x00, 0x00, 0xff, 0x00, 0x00, 0x00, 0xff, 0x00, 0x00, 0x00, 0xff, 0x00, 0x00, 0x00, 0xff,
  0x00, 0x00, 0x00, 0xff, 0x00, 0x00, 0x00, 0xff, 0x00, 0x00, 0x00, 0xff, 0x00, 0x00, 0x00, 0xff, 0x00, 0x00, 0x00, 0xff, 0x00, 0x00, 0x00, 0xff, 0x00, 0x00, 0x00, 0xff, 0x00, 0x00, 0x00, 0xff,
  0x00, 0x00, 0x00, 0xff, 0x00, 0x00, 0x00, 0xff, 0x00, 0x00, 0x00, 0xff, 0x00, 0x00, 0x00, 0xff, 0x00, 0x00, 0x00, 0xff, 0x00, 0x00, 0x00, 0xff, 0x00, 0x00, 0x00, 0xff, 0x00, 0x00, 0x00, 0xff,
  0x00, 0x00, 0x00, 0xff, 0x00, 0x00, 0x00, 0xff, 0x00, 0x00, 0x00, 0xff, 0x00, 0x00, 0x00, 0xff, 0x00, 0x00, 0x00, 0xff, 0x00, 0x00, 0x00, 0xff, 0x00, 0x00, 0x00, 0xff, 0x00, 0x00, 0x00, 0xff,
  0x00, 0x00, 0x00, 0xff, 0x00, 0x00, 0x00, 0xff, 0x00, 0x00, 0x00, 0xff, 0x00, 0x00, 0x00, 0xff, 0x00, 0x00, 0x00, 0xff, 0x00, 0x00, 0x00, 0xff, 0x00, 0x00, 0x00, 0xff, 0x00, 0x00, 0x00, 0xff,
  0x00, 0x00, 0x00, 0xff, 0x00, 0x00, 0x00, 0xff, 0x00, 0x00, 0x00, 0xff, 0x00, 0x00, 0x00, 0xff, 0x00, 0x00, 0x00, 0xff, 0x00, 0x00, 0x00, 0xff, 0x00, 0x00, 0x00, 0xff, 0x00, 0x00, 0x00, 0xff,
  0x00, 0x00, 0x00, 0xff, 0x00, 0x00, 0x00, 0xff, 0x00, 0x00, 0x00, 0xff, 0x00, 0x00, 0x00, 0xff, 0x00, 0x00, 0x00, 0xff, 0x00, 0x00, 0x00, 0xff, 0x00, 0x00, 0x00, 0xff, 0x00, 0x00, 0x00, 0xff,
  0x00, 0x00, 0x00, 0xff, 0x00, 0x00, 0x00, 0xff, 0x00, 0x00, 0x00, 0xff, 0x00, 0x00, 0x00, 0xff, 0x00, 0x00, 0x00, 0xff, 0x00, 0x00, 0x00, 0xff, 0x00, 0x00, 0x00, 0xff, 0x00, 0x00, 0x00, 0xff,
  0x00, 0x00, 0x00, 0xff, 0x00, 0x00, 0x00, 0xff, 0x00, 0x00, 0x00, 0xff, 0x00, 0x00, 0x00, 0xff, 0x00, 0x00, 0x00, 0xff, 0x00, 0x00, 0x00, 0xff, 0x00, 0x00, 0x00, 0xff, 0x00, 0x00, 0x00, 0xff,
  0x00, 0x00, 0x00, 0xff, 0x00, 0x00, 0x00, 0xff, 0x00, 0x00, 0x00, 0xff, 0x00, 0x00, 0x00, 0xff, 0x00, 0x00, 0x00, 0xff, 0x00, 0x00, 0x00, 0xff, 0x00, 0x00, 0x00, 0xff, 0x02, 0x02, 0x03, 0xff,
  0x0f, 0x0f, 0x12, 0xff, 0x12, 0x12, 0x14, 0xff, 0x11, 0x11, 0x12, 0xff, 0x11, 0x11, 0x12, 0xff, 0x11, 0x11, 0x12, 0xff, 0x11, 0x11, 0x12, 0xff, 0x11, 0x11, 0x12, 0xff, 0x11, 0x11, 0x12, 0xff,
  0x11, 0x11, 0x12, 0xff, 0x11, 0x11, 0x12, 0xff, 0x11, 0x11, 0x12, 0xff, 0x11, 0x11, 0x12, 0xff, 0x11, 0x11, 0x12, 0xff, 0x11, 0x11, 0x12, 0xff, 0x11, 0x11, 0x12, 0xff, 0x11, 0x11, 0x12, 0xff,
  0x11, 0x11, 0x12, 0xff, 0x11, 0x11, 0x12, 0xff, 0x11, 0x11, 0x12, 0xff, 0x11, 0x11, 0x12, 0xff, 0x12, 0x12, 0x14, 0xff, 0xaa, 0xaa, 0xac, 0x9f, 0x00, 0x00, 0x00, 0x00,
  0xcf, 0xcf, 0xcf, 0x60, 0x1a, 0x1a, 0x1a, 0xff, 0x18, 0x18, 0x18, 0xff, 0x1c, 0x1c, 0x1c, 0xff, 0x1c, 0x1c, 0x1c, 0xff, 0x1c, 0x1c, 0x1c, 0xff, 0x1c, 0x1c, 0x1c, 0xff, 0x1c, 0x1c, 0x1c, 0xff,
  0x1c, 0x1c, 0x1c, 0xff, 0x1c, 0x1c, 0x1c, 0xff, 0x1c, 0x1c, 0x1c, 0xff, 0x1c, 0x1c, 0x1c, 0xff, 0x1c, 0x1c, 0x1c, 0xff, 0x1c, 0x1c, 0x1c, 0xff, 0x1c, 0x1c, 0x1c, 0xff, 0x1c, 0x1c, 0x1c, 0xff,
  0x1c, 0x1c, 0x1c, 0xff, 0x1c, 0x1c, 0x1c, 0xff, 0x1c, 0x1c, 0x1c, 0xff, 0x18, 0x18, 0x18, 0xff, 0x07, 0x07, 0x07, 0xff, 0x00, 0x00, 0x00, 0xff, 0x00, 0x00, 0x00, 0xff, 0x00, 0x00, 0x00, 0xff,
  0x00, 0x00, 0x00, 0xff, 0x00, 0x00, 0x00, 0xff, 0x00, 0x00, 0x00, 0xff, 0x00, 0x00, 0x00, 0xff, 0x00, 0x00, 0x00, 0xff, 0x00, 0x00, 0x00, 0xff, 0x00, 0x00, 0x00, 0xff, 0x00, 0x00, 0x00, 0xff,
  0x00, 0x00, 0x00, 0xff, 0x00, 0x00, 0x00, 0xff, 0x00, 0x00, 0x00, 0xff, 0x00, 0x00, 0x00, 0xff, 0x00, 0x00, 0x00, 0xff, 0x00, 0x00, 0x00, 0xff, 0x00, 0x00, 0x00, 0xff, 0x00, 0x00, 0x00, 0xff,
  0x00, 0x00, 0x00, 0xff, 0x00, 0x00, 0x00, 0xff, 0x00, 0x00, 0x00, 0xff, 0x00, 0x00, 0x00, 0xff, 0x00, 0x00, 0x00, 0xff, 0x00, 0x00, 0x00, 0xff, 0x00, 0x00, 0x00, 0xff, 0x00, 0x00, 0x00, 0xff,
  0x00, 0x00, 0x00, 0xff, 0x00, 0x00, 0x00, 0xff, 0x00, 0x00, 0x00, 0xff, 0x00, 0x00, 0x00, 0xff, 0x00, 0x00, 0x00, 0xff, 0x00, 0x00, 0x00, 0xff, 0x00, 0x00, 0x00, 0xff, 0x00, 0x00, 0x00, 0xff,
  0x00, 0x00, 0x00, 0xff, 0x00, 0x00, 0x00, 0xff, 0x00, 0x00, 0x00, 0xff, 0x00, 0x00, 0x00, 0xff, 0x00, 0x00, 0x00, 0xff, 0x00, 0x00, 0x00, 0xff, 0x00, 0x00, 0x00, 0xff, 0x00, 0x00, 0x00, 0xff,
  0x00, 0x00, 0x00, 0xff, 0x00, 0x00, 0x00, 0xff, 0x00, 0x00, 0x00, 0xff, 0x00, 0x00, 0x00, 0xff, 0x00, 0x00, 0x00, 0xff, 0x00, 0x00, 0x00, 0xff, 0x00, 0x00, 0x00, 0xff, 0x00, 0x00, 0x00, 0xff,
  0x00, 0x00, 0x00, 0xff, 0x00, 0x00, 0x00, 0xff, 0x00, 0x00, 0x00, 0xff, 0x00, 0x00, 0x00, 0xff, 0x00, 0x00, 0x00, 0xff, 0x00, 0x00, 0x00, 0xff, 0x00, 0x00, 0x00, 0xff, 0x00, 0x00, 0x00, 0xff,
  0x00, 0x00, 0x00, 0xff, 0x00, 0x00, 0x00, 0xff, 0x00, 0x00, 0x00, 0xff, 0x00, 0x00, 0x00, 0xff, 0x00, 0x00, 0x00, 0xff, 0x00, 0x00, 0x00, 0xff, 0x00, 0x00, 0x00, 0xff, 0x00, 0x00, 0x00, 0xff,
  0x00, 0x00, 0x00, 0xff, 0x00, 0x00, 0x00, 0xff, 0x00, 0x00, 0x00, 0xff, 0x00, 0x00, 0x00, 0xff, 0x00, 0x00, 0x00, 0xff, 0x00, 0x00, 0x00, 0xff, 0x00, 0x00, 0x00, 0xff, 0x00, 0x00, 0x00, 0xff,
  0x00, 0x00, 0x00, 0xff, 0x00, 0x00, 0x00, 0xff, 0x00, 0x00, 0x00, 0xff, 0x00, 0x00, 0x00, 0xff, 0x00, 0x00, 0x00, 0xff, 0x00, 0x00, 0x00, 0xff, 0x00, 0x00, 0x00, 0xff, 0x00, 0x00, 0x00, 0xff,
  0x00, 0x00, 0x00, 0xff, 0x00, 0x00, 0x00, 0xff, 0x00, 0x00, 0x00, 0xff, 0x00, 0x00, 0x00, 0xff, 0x00, 0x00, 0x00, 0xff, 0x00, 0x00, 0x00, 0xff, 0x00, 0x00, 0x00, 0xff, 0x00, 0x00, 0x00, 0xff,
  0x00, 0x00, 0x00, 0xff, 0x00, 0x00, 0x00, 0xff, 0x00, 0x00, 0x00, 0xff, 0x00, 0x00, 0x00, 0xff, 0x00, 0x00, 0x00, 0xff, 0x00, 0x00, 0x00, 0xff, 0x00, 0x00, 0x00, 0xff, 0x00, 0x00, 0x00, 0xff,
  0x00, 0x00, 0x00, 0xff, 0x00, 0x00, 0x00, 0xff, 0x00, 0x00, 0x00, 0xff, 0x00, 0x00, 0x00, 0xff, 0x00, 0x00, 0x00, 0xff, 0x00, 0x00, 0x00, 0xff, 0x00, 0x00, 0x00, 0xff, 0x00, 0x00, 0x00, 0xff,
  0x00, 0x00, 0x00, 0xff, 0x00, 0x00, 0x00, 0xff, 0x00, 0x00, 0x00, 0xff, 0x00, 0x00, 0x00, 0xff, 0x00, 0x00, 0x00, 0xff, 0x00, 0x00, 0x00, 0xff, 0x00, 0x00, 0x00, 0xff, 0x00, 0x00, 0x00, 0xff,
  0x00, 0x00, 0x00, 0xff, 0x00, 0x00, 0x00, 0xff, 0x00, 0x00, 0x00, 0xff, 0x00, 0x00, 0x00, 0xff, 0x00, 0x00, 0x00, 0xff, 0x00, 0x00, 0x00, 0xff, 0x00, 0x00, 0x00, 0xff, 0x00, 0x00, 0x00, 0xff,
  0x00, 0x00, 0x00, 0xff, 0x00, 0x00, 0x00, 0xff, 0x00, 0x00, 0x00, 0xff, 0x00, 0x00, 0x00, 0xff, 0x00, 0x00, 0x00, 0xff, 0x00, 0x00, 0x00, 0xff, 0x00, 0x00, 0x00, 0xff, 0x00, 0x00, 0x00, 0xff,
  0x00, 0x00, 0x00, 0xff, 0x00, 0x00, 0x00, 0xff, 0x00, 0x00, 0x00, 0xff, 0x00, 0x00, 0x00, 0xff, 0x00, 0x00, 0x00, 0xff, 0x00, 0x00, 0x00, 0xff, 0x00, 0x00, 0x00, 0xff, 0x00, 0x00, 0x00, 0xff,
  0x00, 0x00, 0x00, 0xff, 0x00, 0x00, 0x00, 0xff, 0x00, 0x00, 0x00, 0xff, 0x00, 0x00, 0x00, 0xff, 0x00, 0x00, 0x00, 0xff, 0x00, 0x00, 0x00, 0xff, 0x00, 0x00, 0x00, 0xff, 0x00, 0x00, 0x00, 0xff,
  0x00, 0x00, 0x00, 0xff, 0x00, 0x00, 0x00, 0xff, 0x00, 0x00, 0x00, 0xff, 0x00, 0x00, 0x00, 0xff, 0x00, 0x00, 0x00, 0xff, 0x00, 0x00, 0x00, 0xff, 0x00, 0x00, 0x00, 0xff, 0x00, 0x00, 0x00, 0xff,
  0x00, 0x00, 0x00, 0xff, 0x0a, 0x0a, 0x0b, 0xff, 0x12, 0x12, 0x15, 0xff, 0x11, 0x11, 0x12, 0xff, 0x11, 0x11, 0x12, 0xff, 0x11, 0x11, 0x12, 0xff, 0x11, 0x11, 0x12, 0xff, 0x11, 0x11, 0x12, 0xff,
  0x11, 0x11, 0x12, 0xff, 0x11, 0x11, 0x12, 0xff, 0x11, 0x11, 0x12, 0xff, 0x11, 0x11, 0x12, 0xff, 0x11, 0x11, 0x12, 0xff, 0x11, 0x11, 0x12, 0xff, 0x11, 0x11, 0x12, 0xff, 0x11, 0x11, 0x12, 0xff,
  0x11, 0x11, 0x12, 0xff, 0x11, 0x11, 0x12, 0xff, 0x11, 0x11, 0x12, 0xff, 0x11, 0x11, 0x12, 0xff, 0x12, 0x12, 0x14, 0xff, 0xaa, 0xaa, 0xac, 0x9f, 0x00, 0x00, 0x00, 0x00,
  0xcf, 0xcf, 0xcf, 0x60, 0x1a, 0x1a, 0x1a, 0xff, 0x18, 0x18, 0x18, 0xff, 0x1c, 0x1c, 0x1c, 0xff, 0x1c, 0x1c, 0x1c, 0xff, 0x1c, 0x1c, 0x1c, 0xff, 0x1c, 0x1c, 0x1c, 0xff, 0x1c, 0x1c, 0x1c, 0xff,
  0x1c, 0x1c, 0x1c, 0xff, 0x1c, 0x1c, 0x1c, 0xff, 0x1c, 0x1c, 0x1c, 0xff, 0x1c, 0x1c, 0x1c, 0xff, 0x1c, 0x1c, 0x1c, 0xff, 0x1c, 0x1c, 0x1c, 0xff, 0x1c, 0x1c, 0x1c, 0xff, 0x1c, 0x1c, 0x1c, 0xff,
  0x1c, 0x1c, 0x1c, 0xff, 0x1c, 0x1c, 0x1c, 0xff, 0x10, 0x10, 0x10, 0xff, 0x01, 0x01, 0x01, 0xff, 0x00, 0x00, 0x00, 0xff, 0x00, 0x00, 0x00, 0xff, 0x00, 0x00, 0x00, 0xff, 0x00, 0x00, 0x00, 0xff,
  0x00, 0x00, 0x00, 0xff, 0x00, 0x00, 0x00, 0xff, 0x00, 0x00, 0x00, 0xff, 0x00, 0x00, 0x00, 0xff, 0x00, 0x00, 0x00, 0xff, 0x00, 0x00, 0x00, 0xff, 0x00, 0x00, 0x00, 0xff, 0x00, 0x00, 0x00, 0xff,
  0x00, 0x00, 0x00, 0xff, 0x00, 0x00, 0x00, 0xff, 0x00, 0x00, 0x00, 0xff, 0x00, 0x00, 0x00, 0xff, 0x00, 0x00, 0x00, 0xff, 0x00, 0x00, 0x00, 0xff, 0x00, 0x00, 0x00, 0xff, 0x00, 0x00, 0x00, 0xff,
  0x00, 0x00, 0x00, 0xff, 0x00, 0x00, 0x00, 0xff, 0x00, 0x00, 0x00, 0xff, 0x00, 0x00, 0x00, 0xff, 0x00, 0x00, 0x00, 0xff, 0x00, 0x00, 0x00, 0xff, 0x00, 0x00, 0x00, 0xff, 0x00, 0x00, 0x00, 0xff,
  0x00, 0x00, 0x00, 0xff, 0x00, 0x00, 0x00, 0xff, 0x00, 0x00, 0x00, 0xff, 0x00, 0x00, 0x00, 0xff, 0x00, 0x00, 0x00, 0xff, 0x00, 0x00, 0x00, 0xff, 0x00, 0x00, 0x00, 0xff, 0x00, 0x00, 0x00, 0xff,
  0x00, 0x00, 0x00, 0xff, 0x00, 0x00, 0x00, 0xff, 0x00, 0x00, 0x00, 0xff, 0x00, 0x00, 0x00, 0xff, 0x00, 0x00, 0x00, 0xff, 0x00, 0x00, 0x00, 0xff, 0x00, 0x00, 0x00, 0xff, 0x00, 0x00, 0x00, 0xff,
  0x00, 0x00, 0x00, 0xff, 0x00, 0x00, 0x00, 0xff, 0x00, 0x00, 0x00, 0xff, 0x00, 0x00, 0x00, 0xff, 0x00, 0x00, 0x00, 0xff, 0x00, 0x00, 0x00, 0xff, 0x00, 0x00, 0x00, 0xff, 0x00, 0x00, 0x00, 0xff,
  0x00, 0x00, 0x00, 0xff, 0x00, 0x00, 0x00, 0xff, 0x00, 0x00, 0x00, 0xff, 0x00, 0x00, 0x00, 0xff, 0x00, 0x00, 0x00, 0xff, 0x00, 0x00, 0x00, 0xff, 0x00, 0x00, 0x00, 0xff, 0x00, 0x00, 0x00, 0xff,
  0x00, 0x00, 0x00, 0xff, 0x00, 0x00, 0x00, 0xff, 0x00, 0x00, 0x00, 0xff, 0x00, 0x00, 0x00, 0xff, 0x00, 0x00, 0x00, 0xff, 0x00, 0x00, 0x00, 0xff, 0x00, 0x00, 0x00, 0xff, 0x00, 0x00, 0x00, 0xff,
  0x00, 0x00, 0x00, 0xff, 0x00, 0x00, 0x00, 0xff, 0x00, 0x00, 0x00, 0xff, 0x00, 0x00, 0x00, 0xff, 0x00, 0x00, 0x00, 0xff, 0x00, 0x00, 0x00, 0xff, 0x00, 0x00, 0x00, 0xff, 0x00, 0x00, 0x00, 0xff,
  0x00, 0x00, 0x00, 0xff, 0x00, 0x00, 0x00, 0xff, 0x00, 0x00, 0x00, 0xff, 0x00, 0x00, 0x00, 0xff, 0x00, 0x00, 0x00, 0xff, 0x00, 0x00, 0x00, 0xff, 0x00, 0x00, 0x00, 0xff, 0x00, 0x00, 0x00, 0xff,
  0x00, 0x00, 0x00, 0xff, 0x00, 0x00, 0x00, 0xff, 0x00, 0x00, 0x00, 0xff, 0x00, 0x00, 0x00, 0xff, 0x00, 0x00, 0x00, 0xff, 0x00, 0x00, 0x00, 0xff, 0x00, 0x00, 0x00, 0xff, 0x00, 0x00, 0x00, 0xff,
  0x00, 0x00, 0x00, 0xff, 0x00, 0x00, 0x00, 0xff, 0x00, 0x00, 0x00, 0xff, 0x00, 0x00, 0x00, 0xff, 0x00, 0x00, 0x00, 0xff, 0x00, 0x00, 0x00, 0xff, 0x00, 0x00, 0x00, 0xff, 0x00, 0x00, 0x00, 0xff,
  0x00, 0x00, 0x00, 0xff, 0x00, 0x00, 0x00, 0xff, 0x00, 0x00, 0x00, 0xff, 0x00, 0x00, 0x00, 0xff, 0x00, 0x00, 0x00, 0xff, 0x00, 0x00, 0x00, 0xff, 0x00, 0x00, 0x00, 0xff, 0x00, 0x00, 0x00, 0xff,
  0x00, 0x00, 0x00, 0xff, 0x00, 0x00, 0x00, 0xff, 0x00, 0x00, 0x00, 0xff, 0x00, 0x00, 0x00, 0xff, 0x00, 0x00, 0x00, 0xff, 0x00, 0x00, 0x00, 0xff, 0x00, 0x00, 0x00, 0xff, 0x00, 0x00, 0x00, 0xff,
  0x00, 0x00, 0x00, 0xff, 0x00, 0x00, 0x00, 0xff, 0x00, 0x00, 0x00, 0xff, 0x00, 0x00, 0x00, 0xff, 0x00, 0x00, 0x00, 0xff, 0x00, 0x00, 0x00, 0xff, 0x00, 0x00, 0x00, 0xff, 0x00, 0x00, 0x00, 0xff,
  0x00, 0x00, 0x00, 0xff, 0x00, 0x00, 0x00, 0xff, 0x00, 0x00, 0x00, 0xff, 0x00, 0x00, 0x00, 0xff, 0x00, 0x00, 0x00, 0xff, 0x00, 0x00, 0x00, 0xff, 0x00, 0x00, 0x00, 0xff, 0x00, 0x00, 0x00, 0xff,
  0x00, 0x00, 0x00, 0xff, 0x00, 0x00, 0x00, 0xff, 0x00, 0x00, 0x00, 0xff, 0x00, 0x00, 0x00, 0xff, 0x00, 0x00, 0x00, 0xff, 0x00, 0x00, 0x00, 0xff, 0x00, 0x00, 0x00, 0xff, 0x00, 0x00, 0x00, 0xff,
  0x00, 0x00, 0x00, 0xff, 0x00, 0x00, 0x00, 0xff, 0x00, 0x00, 0x00, 0xff, 0x00, 0x00, 0x00, 0xff, 0x00, 0x00, 0x00, 0xff, 0x00, 0x00, 0x00, 0xff, 0x00, 0x00, 0x00, 0xff, 0x00, 0x00, 0x00, 0xff,
  0x00, 0x00, 0x00, 0xff, 0x00, 0x00, 0x00, 0xff, 0x00, 0x00, 0x00, 0xff, 0x00, 0x00, 0x00, 0xff, 0x00, 0x00, 0x00, 0xff, 0x00, 0x00, 0x00, 0xff, 0x00, 0x00, 0x00, 0xff, 0x00, 0x00, 0x00, 0xff,
  0x00, 0x00, 0x00, 0xff, 0x00, 0x00, 0x00, 0xff, 0x06, 0x06, 0x08, 0xff, 0x0f, 0x0f, 0x12, 0xff, 0x12, 0x12, 0x13, 0xff, 0x11, 0x11, 0x12, 0xff, 0x11, 0x11, 0x12, 0xff, 0x11, 0x11, 0x12, 0xff,
  0x11, 0x11, 0x12, 0xff, 0x11, 0x11, 0x12, 0xff, 0x11, 0x11, 0x12, 0xff, 0x11, 0x11, 0x12, 0xff, 0x11, 0x11, 0x12, 0xff, 0x11, 0x11, 0x12, 0xff, 0x11, 0x11, 0x12, 0xff, 0x11, 0x11, 0x12, 0xff,
  0x11, 0x11, 0x12, 0xff, 0x11, 0x11, 0x12, 0xff, 0x11, 0x11, 0x12, 0xff, 0x11, 0x11, 0x12, 0xff, 0x12, 0x12, 0x14, 0xff, 0xaa, 0xaa, 0xac, 0x9f, 0x00, 0x00, 0x00, 0x00,
  0xcf, 0xcf, 0xcf, 0x60, 0x1a, 0x1a, 0x1a, 0xff, 0x18, 0x18, 0x18, 0xff, 0x1c, 0x1c, 0x1c, 0xff, 0x1c, 0x1c, 0x1c, 0xff, 0x1c, 0x1c, 0x1c, 0xff, 0x1c, 0x1c, 0x1c, 0xff, 0x1c, 0x1c, 0x1c, 0xff,
  0x1c, 0x1c, 0x1c, 0xff, 0x1c, 0x1c, 0x1c, 0xff, 0x1c, 0x1c, 0x1c, 0xff, 0x1c, 0x1c, 0x1c, 0xff, 0x1c, 0x1c, 0x1c, 0xff, 0x1c, 0x1c, 0x1c, 0xff, 0x1c, 0x1c, 0x1c, 0xff, 0x1c, 0x1c, 0x1c, 0xff,
  0x1a, 0x1a, 0x1a, 0xff, 0x08, 0x08, 0x08, 0xff, 0x00, 0x00, 0x00, 0xff, 0x00, 0x00, 0x00, 0xff, 0x00, 0x00, 0x00, 0xff, 0x00, 0x00, 0x00, 0xff, 0x00, 0x00, 0x00, 0xff, 0x00, 0x00, 0x00, 0xff,
  0x00, 0x00, 0x00, 0xff, 0x00, 0x00, 0x00, 0xff, 0x00, 0x00, 0x00, 0xff, 0x00, 0x00, 0x00, 0xff, 0x00, 0x00, 0x00, 0xff, 0x00, 0x00, 0x00, 0xff, 0x00, 0x00, 0x00, 0xff, 0x00, 0x00, 0x00, 0xff,
  0x00, 0x00, 0x00, 0xff, 0x00, 0x00, 0x00, 0xff, 0x00, 0x00, 0x00, 0xff, 0x00, 0x00, 0x00, 0xff, 0x00, 0x00, 0x00, 0xff, 0x00, 0x00, 0x00, 0xff, 0x00, 0x00, 0x00, 0xff, 0x00, 0x00, 0x00, 0xff,
  0x00, 0x00, 0x00, 0xff, 0x00, 0x00, 0x00, 0xff, 0x00, 0x00, 0x00, 0xff, 0x00, 0x00, 0x00, 0xff, 0x00, 0x00, 0x00, 0xff, 0x00, 0x00, 0x00, 0xff, 0x00, 0x00, 0x00, 0xff, 0x00, 0x00, 0x00, 0xff,
  0x00, 0x00, 0x00, 0xff, 0x00, 0x00, 0x00, 0xff, 0x00, 0x00, 0x00, 0xff, 0x00, 0x00, 0x00, 0xff, 0x00, 0x00, 0x00, 0xff, 0x00, 0x00, 0x00, 0xff, 0x00, 0x00, 0x00, 0xff, 0x00, 0x00, 0x00, 0xff,
  0x00, 0x00, 0x00, 0xff, 0x00, 0x00, 0x00, 0xff, 0x00, 0x00, 0x00, 0xff, 0x00, 0x00, 0x00, 0xff, 0x00, 0x00, 0x00, 0xff, 0x00, 0x00, 0x00, 0xff, 0x00, 0x00, 0x00, 0xff, 0x00, 0x00, 0x00, 0xff,
  0x00, 0x00, 0x00, 0xff, 0x00, 0x00, 0x00, 0xff, 0x00, 0x00, 0x00, 0xff, 0x00, 0x00, 0x00, 0xff, 0x00, 0x00, 0x00, 0xff, 0x00, 0x00, 0x00, 0xff, 0x00, 0x00, 0x00, 0xff, 0x00, 0x00, 0x00, 0xff,
  0x00, 0x00, 0x00, 0xff, 0x00, 0x00, 0x00, 0xff, 0x00, 0x00, 0x00, 0xff, 0x00, 0x00, 0x00, 0xff, 0x00, 0x00, 0x00, 0xff, 0x00, 0x00, 0x00, 0xff, 0x00, 0x00, 0x00, 0xff, 0x00, 0x00, 0x00, 0xff,
  0x00, 0x00, 0x00, 0xff, 0x00, 0x00, 0x00, 0xff, 0x00, 0x00, 0x00, 0xff, 0x00, 0x00, 0x00, 0xff, 0x00, 0x00, 0x00, 0xff, 0x00, 0x00, 0x00, 0xff, 0x00, 0x00, 0x00, 0xff, 0x00, 0x00, 0x00, 0xff,
  0x00, 0x00, 0x00, 0xff, 0x00, 0x00, 0x00, 0xff, 0x00, 0x00, 0x00, 0xff, 0x00, 0x00, 0x00, 0xff, 0x00, 0x00, 0x00, 0xff, 0x00, 0x00, 0x00, 0xff, 0x00, 0x00, 0x00, 0xff, 0x00, 0x00, 0x00, 0xff,
  0x00, 0x00, 0x00, 0xff, 0x00, 0x00, 0x00, 0xff, 0x00, 0x00, 0x00, 0xff, 0x00, 0x00, 0x00, 0xff, 0x00, 0x00, 0x00, 0xff, 0x00, 0x00, 0x00, 0xff, 0x00, 0x00, 0x00, 0xff, 0x00, 0x00, 0x00, 0xff,
  0x00, 0x00, 0x00, 0xff, 0x00, 0x00, 0x00, 0xff, 0x00, 0x00, 0x00, 0xff, 0x00, 0x00, 0x00, 0xff, 0x00, 0x00, 0x00, 0xff, 0x00, 0x00, 0x00, 0xff, 0x00, 0x00, 0x00, 0xff, 0x00, 0x00, 0x00, 0xff,
  0x00, 0x00, 0x00, 0xff, 0x00, 0x00, 0x00, 0xff, 0x00, 0x00, 0x00, 0xff, 0x00, 0x00, 0x00, 0xff, 0x00, 0x00, 0x00, 0xff, 0x00, 0x00, 0x00, 0xff, 0x00, 0x00, 0x00, 0xff, 0x00, 0x00, 0x00, 0xff,
  0x00, 0x00, 0x00, 0xff, 0x00, 0x00, 0x00, 0xff, 0x00, 0x00, 0x00, 0xff, 0x00, 0x00, 0x00, 0xff, 0x00, 0x00, 0x00, 0xff, 0x00, 0x00, 0x00, 0xff, 0x00, 0x00, 0x00, 0xff, 0x00, 0x00, 0x00, 0xff,
  0x00, 0x00, 0x00, 0xff, 0x00, 0x00, 0x00, 0xff, 0x00, 0x00, 0x00, 0xff, 0x00, 0x00, 0x00, 0xff, 0x00, 0x00, 0x00, 0xff, 0x00, 0x00, 0x00, 0xff, 0x00, 0x00, 0x00, 0xff, 0x00, 0x00, 0x00, 0xff,
  0x00, 0x00, 0x00, 0xff, 0x00, 0x00, 0x00, 0xff, 0x00, 0x00, 0x00, 0xff, 0x00, 0x00, 0x00, 0xff, 0x00, 0x00, 0x00, 0xff, 0x00, 0x00, 0x00, 0xff, 0x00, 0x00, 0x00, 0xff, 0x00, 0x00, 0x00, 0xff,
  0x00, 0x00, 0x00, 0xff, 0x00, 0x00, 0x00, 0xff, 0x00, 0x00, 0x00, 0xff, 0x00, 0x00, 0x00, 0xff, 0x00, 0x00, 0x00, 0xff, 0x00, 0x00, 0x00, 0xff, 0x00, 0x00, 0x00, 0xff, 0x00, 0x00, 0x00, 0xff,
  0x00, 0x00, 0x00, 0xff, 0x00, 0x00, 0x00, 0xff, 0x00, 0x00, 0x00, 0xff, 0x00, 0x00, 0x00, 0xff, 0x00, 0x00, 0x00, 0xff, 0x00, 0x00, 0x00, 0xff, 0x00, 0x00, 0x00, 0xff, 0x00, 0x00, 0x00, 0xff,
  0x00, 0x00, 0x00, 0xff, 0x00, 0x00, 0x00, 0xff, 0x00, 0x00, 0x00, 0xff, 0x00, 0x00, 0x00, 0xff, 0x00, 0x00, 0x00, 0xff, 0x00, 0x00, 0x00, 0xff, 0x00, 0x00, 0x00, 0xff, 0x00, 0x00, 0x00, 0xff,
  0x00, 0x00, 0x00, 0xff, 0x00, 0x00, 0x00, 0xff, 0x00, 0x00, 0x00, 0xff, 0x00, 0x00, 0x00, 0xff, 0x00, 0x00, 0x00, 0xff, 0x00, 0x00, 0x00, 0xff, 0x00, 0x00, 0x00, 0xff, 0x00, 0x00, 0x00, 0xff,
  0x00, 0x00, 0x00, 0xff, 0x00, 0x00, 0x00, 0xff, 0x00, 0x00, 0x00, 0xff, 0x02, 0x02, 0x03, 0xff, 0x0e, 0x0e, 0x11, 0xff, 0x12, 0x12, 0x14, 0xff, 0x11, 0x11, 0x12, 0xff, 0x11, 0x11, 0x12, 0xff,
  0x11, 0x11, 0x12, 0xff, 0x11, 0x11, 0x12, 0xff, 0x11, 0x11, 0x12, 0xff, 0x11, 0x11, 0x12, 0xff, 0x11, 0x11, 0x12, 0xff, 0x11, 0x11, 0x12, 0xff, 0x11, 0x11, 0x12, 0xff, 0x11, 0x11, 0x12, 0xff,
  0x11, 0x11, 0x12, 0xff, 0x11, 0x11, 0x12, 0xff, 0x11, 0x11, 0x12, 0xff, 0x11, 0x11, 0x12, 0xff, 0x12, 0x12, 0x14, 0xff, 0xaa, 0xaa, 0xac, 0x9f, 0x00, 0x00, 0x00, 0x00,
  0xcf, 0xcf, 0xcf, 0x60, 0x1a, 0x1a, 0x1a, 0xff, 0x18, 0x18, 0x18, 0xff, 0x1c, 0x1c, 0x1c, 0xff, 0x1c, 0x1c, 0x1c, 0xff, 0x1c, 0x1c, 0x1c, 0xff, 0x1c, 0x1c, 0x1c, 0xff, 0x1c, 0x1c, 0x1c, 0xff,
  0x1c, 0x1c, 0x1c, 0xff, 0x1c, 0x1c, 0x1c, 0xff, 0x1c, 0x1c, 0x1c, 0xff, 0x1c, 0x1c, 0x1c, 0xff, 0x1c, 0x1c, 0x1c, 0xff, 0x1c, 0x1c, 0x1c, 0xff, 0x1c, 0x1c, 0x1c, 0xff, 0x15, 0x15, 0x15, 0xff,
  0x03, 0x03, 0x03, 0xff, 0x00, 0x00, 0x00, 0xff, 0x00, 0x00, 0x00, 0xff, 0x00, 0x00, 0x00, 0xff, 0x00, 0x00, 0x00, 0xff, 0x00, 0x00, 0x00, 0xff, 0x00, 0x00, 0x00, 0xff, 0x00, 0x00, 0x00, 0xff,
  0x00, 0x00, 0x00, 0xff, 0x00, 0x00, 0x00, 0xff, 0x00, 0x00, 0x00, 0xff, 0x00, 0x00, 0x00, 0xff, 0x00, 0x00, 0x00, 0xff, 0x00, 0x00, 0x00, 0xff, 0x00, 0x00, 0x00, 0xff, 0x00, 0x00, 0x00, 0xff,
  0x00, 0x00, 0x00, 0xff, 0x00, 0x00, 0x00, 0xff, 0x00, 0x00, 0x00, 0xff, 0x00, 0x00, 0x00, 0xff, 0x00, 0x00, 0x00, 0xff, 0x00, 0x00, 0x00, 0xff, 0x00, 0x00, 0x00, 0xff, 0x00, 0x00, 0x00, 0xff,
  0x00, 0x00, 0x00, 0xff, 0x00, 0x00, 0x00, 0xff, 0x00, 0x00, 0x00, 0xff, 0x00, 0x00, 0x00, 0xff, 0x00, 0x00, 0x00, 0xff, 0x00, 0x00, 0x00, 0xff, 0x00, 0x00, 0x00, 0xff, 0x00, 0x00, 0x00, 0xff,
  0x00, 0x00, 0x00, 0xff, 0x00, 0x00, 0x00, 0xff, 0x00, 0x00, 0x00, 0xff, 0x00, 0x00, 0x00, 0xff, 0x00, 0x00, 0x00, 0xff, 0x00, 0x00, 0x00, 0xff, 0x00, 0x00, 0x00, 0xff, 0x00, 0x00, 0x00, 0xff,
  0x00, 0x00, 0x00, 0xff, 0x00, 0x00, 0x00, 0xff, 0x00, 0x00, 0x00, 0xff, 0x00, 0x00, 0x00, 0xff, 0x00, 0x00, 0x00, 0xff, 0x00, 0x00, 0x00, 0xff, 0x00, 0x00, 0x00, 0xff, 0x00, 0x00, 0x00, 0xff,
  0x00, 0x00, 0x00, 0xff, 0x00, 0x00, 0x00, 0xff, 0x00, 0x00, 0x00, 0xff, 0x00, 0x00, 0x00, 0xff, 0x00, 0x00, 0x00, 0xff, 0x00, 0x00, 0x00, 0xff, 0x00, 0x00, 0x00, 0xff, 0x00, 0x00, 0x00, 0xff,
  0x00, 0x00, 0x00, 0xff, 0x00, 0x00, 0x00, 0xff, 0x00, 0x00, 0x00, 0xff, 0x00, 0x00, 0x00, 0xff, 0x00, 0x00, 0x00, 0xff, 0x00, 0x00, 0x00, 0xff, 0x00, 0x00, 0x00, 0xff, 0x00, 0x00, 0x00, 0xff,
  0x00, 0x00, 0x00, 0xff, 0x00, 0x00, 0x00, 0xff, 0x00, 0x00, 0x00, 0xff, 0x00, 0x00, 0x00, 0xff, 0x00, 0x00, 0x00, 0xff, 0x00, 0x00, 0x00, 0xff, 0x00, 0x00, 0x00, 0xff, 0x00, 0x00, 0x00, 0xff,
  0x00, 0x00, 0x00, 0xff, 0x00, 0x00, 0x00, 0xff, 0x00, 0x00, 0x00, 0xff, 0x00, 0x00, 0x00, 0xff, 0x00, 0x00, 0x00, 0xff, 0x00, 0x00, 0x00, 0xff, 0x00, 0x00, 0x00, 0xff, 0x00, 0x00, 0x00, 0xff,
  0x00, 0x00, 0x00, 0xff, 0x00, 0x00, 0x00, 0xff, 0x00, 0x00, 0x00, 0xff, 0x00, 0x00, 0x00, 0xff, 0x00, 0x00, 0x00, 0xff, 0x00, 0x00, 0x00, 0xff, 0x00, 0x00, 0x00, 0xff, 0x00, 0x00, 0x00, 0xff,
  0x00, 0x00, 0x00, 0xff, 0x00, 0x00, 0x00, 0xff, 0x00, 0x00, 0x00, 0xff, 0x00, 0x00, 0x00, 0xff, 0x00, 0x00, 0x00, 0xff, 0x00, 0x00, 0x00, 0xff, 0x00, 0x00, 0x00, 0xff, 0x00, 0x00, 0x00, 0xff,
  0x00, 0x00, 0x00, 0xff, 0x00, 0x00, 0x00, 0xff, 0x00, 0x00, 0x00, 0xff, 0x00, 0x00, 0x00, 0xff, 0x00, 0x00, 0x00, 0xff, 0x00, 0x00, 0x00, 0xff, 0x00, 0x00, 0x00, 0xff, 0x00, 0x00, 0x00, 0xff,
  0x00, 0x00, 0x00, 0xff, 0x00, 0x00, 0x00, 0xff, 0x00, 0x00, 0x00, 0xff, 0x00, 0x00, 0x00, 0xff, 0x00, 0x00, 0x00, 0xff, 0x00, 0x00, 0x00, 0xff, 0x00, 0x00, 0x00, 0xff, 0x00, 0x00, 0x00, 0xff,
  0x00, 0x00, 0x00, 0xff, 0x00, 0x00, 0x00, 0xff, 0x00, 0x00, 0x00, 0xff, 0x00, 0x00, 0x00, 0xff, 0x00, 0x00, 0x00, 0xff, 0x00, 0x00, 0x00, 0xff, 0x00, 0x00, 0x00, 0xff, 0x00, 0x00, 0x00, 0xff,
  0x00, 0x00, 0x00, 0xff, 0x00, 0x00, 0x00, 0xff, 0x00, 0x00, 0x00, 0xff, 0x00, 0x00, 0x00, 0xff, 0x00, 0x00, 0x00, 0xff, 0x00, 0x00, 0x00, 0xff, 0x00, 0x00, 0x00, 0xff, 0x00, 0x00, 0x00, 0xff,
  0x00, 0x00, 0x00, 0xff, 0x00, 0x00, 0x00, 0xff, 0x00, 0x00, 0x00, 0xff, 0x00, 0x00, 0x00, 0xff, 0x00, 0x00, 0x00, 0xff, 0x00, 0x00, 0x00, 0xff, 0x00, 0x00, 0x00, 0xff, 0x00, 0x00, 0x00, 0xff,
  0x00, 0x00, 0x00, 0xff, 0x00, 0x00, 0x00, 0xff, 0x00, 0x00, 0x00, 0xff, 0x00, 0x00, 0x00, 0xff, 0x00, 0x00, 0x00, 0xff, 0x00, 0x00, 0x00, 0xff, 0x00, 0x00, 0x00, 0xff, 0x00, 0x00, 0x00, 0xff,
  0x00, 0x00, 0x00, 0xff, 0x00, 0x00, 0x00, 0xff, 0x00, 0x00, 0x00, 0xff, 0x00, 0x00, 0x00, 0xff, 0x00, 0x00, 0x00, 0xff, 0x00, 0x00, 0x00, 0xff, 0x00, 0x00, 0x00, 0xff, 0x00, 0x00, 0x00, 0xff,
  0x00, 0x00, 0x00, 0xff, 0x00, 0x00, 0x00, 0xff, 0x00, 0x00, 0x00, 0xff, 0x00, 0x00, 0x00, 0xff, 0x00, 0x00, 0x00, 0xff, 0x00, 0x00, 0x00, 0xff, 0x00, 0x00, 0x00, 0xff, 0x00, 0x00, 0x00, 0xff,
  0x00, 0x00, 0x00, 0xff, 0x00, 0x00, 0x00, 0xff, 0x00, 0x00, 0x00, 0xff, 0x00, 0x00, 0x00, 0xff, 0x00, 0x00, 0x00, 0xff, 0x09, 0x09, 0x0a, 0xff, 0x12, 0x12, 0x15, 0xff, 0x11, 0x11, 0x13, 0xff,
  0x11, 0x11, 0x12, 0xff, 0x11, 0x11, 0x12, 0xff, 0x11, 0x11, 0x12, 0xff, 0x11, 0x11, 0x12, 0xff, 0x11, 0x11, 0x12, 0xff, 0x11, 0x11, 0x12, 0xff, 0x11, 0x11, 0x12, 0xff, 0x11, 0x11, 0x12, 0xff,
  0x11, 0x11, 0x12, 0xff, 0x11, 0x11, 0x12, 0xff, 0x11, 0x11, 0x12, 0xff, 0x11, 0x11, 0x12, 0xff, 0x12, 0x12, 0x14, 0xff, 0xaa, 0xaa, 0xac, 0x9f, 0x00, 0x00, 0x00, 0x00,
  0xcf, 0xcf, 0xcf, 0x60, 0x1a, 0x1a, 0x1a, 0xff, 0x18, 0x18, 0x18, 0xff, 0x1c, 0x1c, 0x1c, 0xff, 0x1c, 0x1c, 0x1c, 0xff, 0x1c, 0x1c, 0x1c, 0xff, 0x1c, 0x1c, 0x1c, 0xff, 0x1c, 0x1c, 0x1c, 0xff,
  0x1c, 0x1c, 0x1c, 0xff, 0x1c, 0x1c, 0x1c, 0xff, 0x1c, 0x1c, 0x1c, 0xff, 0x1c, 0x1c, 0x1c, 0xff, 0x1c, 0x1c, 0x1c, 0xff, 0x1a, 0x1a, 0x1a, 0xff, 0x0c, 0x0c, 0x0c, 0xff, 0x00, 0x00, 0x00, 0xff,
  0x00, 0x00, 0x00, 0xff, 0x00, 0x00, 0x00, 0xff, 0x00, 0x00, 0x00, 0xff, 0x00, 0x00, 0x00, 0xff, 0x00, 0x00, 0x00, 0xff, 0x00, 0x00, 0x00, 0xff, 0x00, 0x00, 0x00, 0xff, 0x00, 0x00, 0x00, 0xff,
  0x00, 0x00, 0x00, 0xff, 0x00, 0x00, 0x00, 0xff, 0x00, 0x00, 0x00, 0xff, 0x00, 0x00, 0x00, 0xff, 0x00, 0x00, 0x00, 0xff, 0x00, 0x00, 0x00, 0xff, 0x00, 0x00, 0x00, 0xff, 0x00, 0x00, 0x00, 0xff,
  0x00, 0x00, 0x00, 0xff, 0x00, 0x00, 0x00, 0xff, 0x00, 0x00, 0x00, 0xff, 0x00, 0x00, 0x00, 0xff, 0x00, 0x00, 0x00, 0xff, 0x00, 0x00, 0x00, 0xff, 0x00, 0x00, 0x00, 0xff, 0x00, 0x00, 0x00, 0xff,
  0x00, 0x00, 0x00, 0xff, 0x00, 0x00, 0x00, 0xff, 0x00, 0x00, 0x00, 0xff, 0x00, 0x00, 0x00, 0xff, 0x00, 0x00, 0x00, 0xff, 0x00, 0x00, 0x00, 0xff, 0x00, 0x00, 0x00, 0xff, 0x00, 0x00, 0x00, 0xff,
  0x00, 0x00, 0x00, 0xff, 0x00, 0x00, 0x00, 0xff, 0x00, 0x00, 0x00, 0xff, 0x00, 0x00, 0x00, 0xff, 0x00, 0x00, 0x00, 0xff, 0x00, 0x00, 0x00, 0xff, 0x00, 0x00, 0x00, 0xff, 0x00, 0x00, 0x00, 0xff,
  0x00, 0x00, 0x00, 0xff, 0x00, 0x00, 0x00, 0xff, 0x00, 0x00, 0x00, 0xff, 0x00, 0x00, 0x00, 0xff, 0x00, 0x00, 0x00, 0xff, 0x00, 0x00, 0x00, 0xff, 0x00, 0x00, 0x00, 0xff, 0x00, 0x00, 0x00, 0xff,
  0x00, 0x00, 0x00, 0xff, 0x00, 0x00, 0x00, 0xff, 0x00, 0x00, 0x00, 0xff, 0x00, 0x00, 0x00, 0xff, 0x00, 0x00, 0x00, 0xff, 0x00, 0x00, 0x00, 0xff, 0x00, 0x00, 0x00, 0xff, 0x00, 0x00, 0x00, 0xff,
  0x00, 0x00, 0x00, 0xff, 0x00, 0x00, 0x00, 0xff, 0x00, 0x00, 0x00, 0xff, 0x00, 0x00, 0x00, 0xff, 0x00, 0x00, 0x00, 0xff, 0x00, 0x00, 0x00, 0xff, 0x00, 0x00, 0x00, 0xff, 0x00, 0x00, 0x00, 0xff,
  0x00, 0x00, 0x00, 0xff, 0x00, 0x00, 0x00, 0xff, 0x00, 0x00, 0x00, 0xff, 0x00, 0x00, 0x00, 0xff, 0x00, 0x00, 0x00, 0xff, 0x00, 0x00, 0x00, 0xff, 0x00, 0x00, 0x00, 0xff, 0x00, 0x00, 0x00, 0xff,
  0x00, 0x00, 0x00, 0xff, 0x00, 0x00, 0x00, 0xff, 0x00, 0x00, 0x00, 0xff, 0x00, 0x00, 0x00, 0xff, 0x00, 0x00, 0x00, 0xff, 0x00, 0x00, 0x00, 0xff, 0x00, 0x00, 0x00, 0xff, 0x00, 0x00, 0x00, 0xff,
  0x00, 0x00, 0x00, 0xff, 0x00, 0x00, 0x00, 0xff, 0x00, 0x00, 0x00, 0xff, 0x00, 0x00, 0x00, 0xff, 0x00, 0x00, 0x00, 0xff, 0x00, 0x00, 0x00, 0xff, 0x00, 0x00, 0x00, 0xff, 0x00, 0x00, 0x00, 0xff,
  0x00, 0x00, 0x00, 0xff, 0x00, 0x00, 0x00, 0xff, 0x00, 0x00, 0x00, 0xff, 0x00, 0x00, 0x00, 0xff, 0x00, 0x00, 0x00, 0xff, 0x00, 0x00, 0x00, 0xff, 0x00, 0x00, 0x00, 0xff, 0x00, 0x00, 0x00, 0xff,
  0x00, 0x00, 0x00, 0xff, 0x00, 0x00, 0x00, 0xff, 0x00, 0x00, 0x00, 0xff, 0x00, 0x00, 0x00, 0xff, 0x00, 0x00, 0x00, 0xff, 0x00, 0x00, 0x00, 0xff, 0x00, 0x00, 0x00, 0xff, 0x00, 0x00, 0x00, 0xff,
  0x00, 0x00, 0x00, 0xff, 0x00, 0x00, 0x00, 0xff, 0x00, 0x00, 0x00, 0xff, 0x00, 0x00, 0x00, 0xff, 0x00, 0x00, 0x00, 0xff, 0x00, 0x00, 0x00, 0xff, 0x00, 0x00, 0x00, 0xff, 0x00, 0x00, 0x00, 0xff,
  0x00, 0x00, 0x00, 0xff, 0x00, 0x00, 0x00, 0xff, 0x00, 0x00, 0x00, 0xff, 0x00, 0x00, 0x00, 0xff, 0x00, 0x00, 0x00, 0xff, 0x00, 0x00, 0x00, 0xff, 0x00, 0x00, 0x00, 0xff, 0x00, 0x00, 0x00, 0xff,
  0x00, 0x00, 0x00, 0xff, 0x00, 0x00, 0x00, 0xff, 0x00, 0x00, 0x00, 0xff, 0x00, 0x00, 0x00, 0xff, 0x00, 0x00, 0x00, 0xff, 0x00, 0x00, 0x00, 0xff, 0x00, 0x00, 0x00, 0xff, 0x00, 0x00, 0x00, 0xff,
  0x00, 0x00, 0x00, 0xff, 0x00, 0x00, 0x00, 0xff, 0x00, 0x00, 0x00, 0xff, 0x00, 0x00, 0x00, 0xff, 0x00, 0x00, 0x00, 0xff, 0x00, 0x00, 0x00, 0xff, 0x00, 0x00, 0x00, 0xff, 0x00, 0x00, 0x00, 0xff,
  0x00, 0x00, 0x00, 0xff, 0x00, 0x00, 0x00, 0xff, 0x00, 0x00, 0x00, 0xff, 0x00, 0x00, 0x00, 0xff, 0x00, 0x00, 0x00, 0xff, 0x00, 0x00, 0x00, 0xff, 0x00, 0x00, 0x00, 0xff, 0x00, 0x00, 0x00, 0xff,
  0x00, 0x00, 0x00, 0xff, 0x00, 0x00, 0x00, 0xff, 0x00, 0x00, 0x00, 0xff, 0x00, 0x00, 0x00, 0xff, 0x00, 0x00, 0x00, 0xff, 0x00, 0x00, 0x00, 0xff, 0x00, 0x00, 0x00, 0xff, 0x00, 0x00, 0x00, 0xff,
  0x00, 0x00, 0x00, 0xff, 0x00, 0x00, 0x00, 0xff, 0x00, 0x00, 0x00, 0xff, 0x00, 0x00, 0x00, 0xff, 0x00, 0x00, 0x00, 0xff, 0x00, 0x00, 0x00, 0xff, 0x00, 0x00, 0x00, 0xff, 0x00, 0x00, 0x00, 0xff,
  0x00, 0x00, 0x00, 0xff, 0x00, 0x00, 0x00, 0xff, 0x00, 0x00, 0x00, 0xff, 0x00, 0x00, 0x00, 0xff, 0x00, 0x00, 0x00, 0xff, 0x00, 0x00, 0x00, 0xff, 0x04, 0x04, 0x05, 0xff, 0x0f, 0x0f, 0x12, 0xff,
  0x12, 0x12, 0x13, 0xff, 0x11, 0x11, 0x12, 0xff, 0x11, 0x11, 0x12, 0xff, 0x11, 0x11, 0x12, 0xff, 0x11, 0x11, 0x12, 0xff, 0x11, 0x11, 0x12, 0xff, 0x11, 0x11, 0x12, 0xff, 0x11, 0x11, 0x12, 0xff,
  0x11, 0x11, 0x12, 0xff, 0x11, 0x11, 0x12, 0xff, 0x11, 0x11, 0x12, 0xff, 0x11, 0x11, 0x12, 0xff, 0x12, 0x12, 0x14, 0xff, 0xaa, 0xaa, 0xac, 0x9f, 0x00, 0x00, 0x00, 0x00,
  0xcf, 0xcf, 0xcf, 0x60, 0x1a, 0x1a, 0x1a, 0xff, 0x18, 0x18, 0x18, 0xff, 0x1c, 0x1c, 0x1c, 0xff, 0x1c, 0x1c, 0x1c, 0xff, 0x1c, 0x1c, 0x1c, 0xff, 0x1c, 0x1c, 0x1c, 0xff, 0x1c, 0x1c, 0x1c, 0xff,
  0x1c, 0x1c, 0x1c, 0xff, 0x1c, 0x1c, 0x1c, 0xff, 0x1c, 0x1c, 0x1c, 0xff, 0x1c, 0x1c, 0x1c, 0xff, 0x15, 0x15, 0x15, 0xff, 0x03, 0x03, 0x03, 0xff, 0x00, 0x00, 0x00, 0xff, 0x00, 0x00, 0x00, 0xff,
  0x00, 0x00, 0x00, 0xff, 0x00, 0x00, 0x00, 0xff, 0x00, 0x00, 0x00, 0xff, 0x00, 0x00, 0x00, 0xff, 0x00, 0x00, 0x00, 0xff, 0x00, 0x00, 0x00, 0xff, 0x00, 0x00, 0x00, 0xff, 0x00, 0x00, 0x00, 0xff,
  0x00, 0x00, 0x00, 0xff, 0x00, 0x00, 0x00, 0xff, 0x00, 0x00, 0x00, 0xff, 0x00, 0x00, 0x00, 0xff, 0x00, 0x00, 0x00, 0xff, 0x00, 0x00, 0x00, 0xff, 0x00, 0x00, 0x00, 0xff, 0x00, 0x00, 0x00, 0xff,
  0x00, 0x00, 0x00, 0xff, 0x00, 0x00, 0x00, 0xff, 0x00, 0x00, 0x00, 0xff, 0x00, 0x00, 0x00, 0xff, 0x00, 0x00, 0x00, 0xff, 0x00, 0x00, 0x00, 0xff, 0x00, 0x00, 0x00, 0xff, 0x00, 0x00, 0x00, 0xff,
  0x00, 0x00, 0x00, 0xff, 0x00, 0x00, 0x00, 0xff, 0x00, 0x00, 0x00, 0xff, 0x00, 0x00, 0x00, 0xff, 0x00, 0x00, 0x00, 0xff, 0x00, 0x00, 0x00, 0xff, 0x00, 0x00, 0x00, 0xff, 0x00, 0x00, 0x00, 0xff,
  0x00, 0x00, 0x00, 0xff, 0x00, 0x00, 0x00, 0xff, 0x00, 0x00, 0x00, 0xff, 0x00, 0x00, 0x00, 0xff, 0x00, 0x00, 0x00, 0xff, 0x00, 0x00, 0x00, 0xff, 0x00, 0x00, 0x00, 0xff, 0x00, 0x00, 0x00, 0xff,
  0x00, 0x00, 0x00, 0xff, 0x00, 0x00, 0x00, 0xff, 0x00, 0x00, 0x00, 0xff, 0x00, 0x00, 0x00, 0xff, 0x00, 0x00, 0x00, 0xff, 0x00, 0x00, 0x00, 0xff, 0x00, 0x00, 0x00, 0xff, 0x00, 0x00, 0x00, 0xff,
  0x00, 0x00, 0x00, 0xff, 0x00, 0x00, 0x00, 0xff, 0x00, 0x00, 0x00, 0xff, 0x00, 0x00, 0x00, 0xff, 0x00, 0x00, 0x00, 0xff, 0x00, 0x00, 0x00, 0xff, 0x00, 0x00, 0x00, 0xff, 0x00, 0x00, 0x00, 0xff,
  0x00, 0x00, 0x00, 0xff, 0x00, 0x00, 0x00, 0xff, 0x00, 0x00, 0x00, 0xff, 0x00, 0x00, 0x00, 0xff, 0x00, 0x00, 0x00, 0xff, 0x00, 0x00, 0x00, 0xff, 0x00, 0x00, 0x00, 0xff, 0x00, 0x00, 0x00, 0xff,
  0x00, 0x00, 0x00, 0xff, 0x00, 0x00, 0x00, 0xff, 0x00, 0x00, 0x00, 0xff, 0x00, 0x00, 0x00, 0xff, 0x00, 0x00, 0x00, 0xff, 0x00, 0x00, 0x00, 0xff, 0x00, 0x00, 0x00, 0xff, 0x00, 0x00, 0x00, 0xff,
  0x00, 0x00, 0x00, 0xff, 0x00, 0x00, 0x00, 0xff, 0x00, 0x00, 0x00, 0xff, 0x00, 0x00, 0x00, 0xff, 0x00, 0x00, 0x00, 0xff, 0x00, 0x00, 0x00, 0xff, 0x00, 0x00, 0x00, 0xff, 0x00, 0x00, 0x00, 0xff,
  0x00, 0x00, 0x00, 0xff, 0x00, 0x00, 0x00, 0xff, 0x00, 0x00, 0x00, 0xff, 0x00, 0x00, 0x00, 0xff, 0x00, 0x00, 0x00, 0xff, 0x00, 0x00, 0x00, 0xff, 0x00, 0x00, 0x00, 0xff, 0x00, 0x00, 0x00, 0xff,
  0x00, 0x00, 0x00, 0xff, 0x00, 0x00, 0x00, 0xff, 0x00, 0x00, 0x00, 0xff, 0x00, 0x00, 0x00, 0xff, 0x00, 0x00, 0x00, 0xff, 0x00, 0x00, 0x00, 0xff, 0x00, 0x00, 0x00, 0xff, 0x00, 0x00, 0x00, 0xff,
  0x00, 0x00, 0x00, 0xff, 0x00, 0x00, 0x00, 0xff, 0x00, 0x00, 0x00, 0xff, 0x00, 0x00, 0x00, 0xff, 0x00, 0x00, 0x00, 0xff, 0x00, 0x00, 0x00, 0xff, 0x00, 0x00, 0x00, 0xff, 0x00, 0x00, 0x00, 0xff,
  0x00, 0x00, 0x00, 0xff, 0x00, 0x00, 0x00, 0xff, 0x00, 0x00, 0x00, 0xff, 0x00, 0x00, 0x00, 0xff, 0x00, 0x00, 0x00, 0xff, 0x00, 0x00, 0x00, 0xff, 0x00, 0x00, 0x00, 0xff, 0x00, 0x00, 0x00, 0xff,
  0x00, 0x00, 0x00, 0xff, 0x00, 0x00, 0x00, 0xff, 0x00, 0x00, 0x00, 0xff, 0x00, 0x00, 0x00, 0xff, 0x00, 0x00, 0x00, 0xff, 0x00, 0x00, 0x00, 0xff, 0x00, 0x00, 0x00, 0xff, 0x00, 0x00, 0x00, 0xff,
  0x00, 0x00, 0x00, 0xff, 0x00, 0x00, 0x00, 0xff, 0x00, 0x00, 0x00, 0xff, 0x00, 0x00, 0x00, 0xff, 0x00, 0x00, 0x00, 0xff, 0x00, 0x00, 0x00, 0xff, 0x00, 0x00, 0x00, 0xff, 0x00, 0x00, 0x00, 0xff,
  0x00, 0x00, 0x00, 0xff, 0x00, 0x00, 0x00, 0xff, 0x00, 0x00, 0x00, 0xff, 0x00, 0x00, 0x00, 0xff, 0x00, 0x00, 0x00, 0xff, 0x00, 0x00, 0x00, 0xff, 0x00, 0x00, 0x00, 0xff, 0x00, 0x00, 0x00, 0xff,
  0x00, 0x00, 0x00, 0xff, 0x00, 0x00, 0x00, 0xff, 0x00, 0x00, 0x00, 0xff, 0x00, 0x00, 0x00, 0xff, 0x00, 0x00, 0x00, 0xff, 0x00, 0x00, 0x00, 0xff, 0x00, 0x00, 0x00, 0xff, 0x00, 0x00, 0x00, 0xff,
  0x00, 0x00, 0x00, 0xff, 0x00, 0x00, 0x00, 0xff, 0x00, 0x00, 0x00, 0xff, 0x00, 0x00, 0x00, 0xff, 0x00, 0x00, 0x00, 0xff, 0x00, 0x00, 0x00, 0xff, 0x00, 0x00, 0x00, 0xff, 0x00, 0x00, 0x00, 0xff,
  0x00, 0x00, 0x00, 0xff, 0x00, 0x00, 0x00, 0xff, 0x00, 0x00, 0x00, 0xff, 0x00, 0x00, 0x00, 0xff, 0x00, 0x00, 0x00, 0xff, 0x00, 0x00, 0x00, 0xff, 0x00, 0x00, 0x00, 0xff, 0x00, 0x00, 0x00, 0xff,
  0x00, 0x00, 0x00, 0xff, 0x00, 0x00, 0x00, 0xff, 0x00, 0x00, 0x00, 0xff, 0x00, 0x00, 0x00, 0xff, 0x00, 0x00, 0x00, 0xff, 0x00, 0x00, 0x00, 0xff, 0x00, 0x00, 0x00, 0xff, 0x02, 0x02, 0x03, 0xff,
  0x0c, 0x0c, 0x0e, 0xff, 0x12, 0x12, 0x14, 0xff, 0x11, 0x11, 0x12, 0xff, 0x11, 0x11, 0x12, 0xff, 0x11, 0x11, 0x12, 0xff, 0x11, 0x11, 0x12, 0xff, 0x11, 0x11, 0x12, 0xff, 0x11, 0x11, 0x12, 0xff,
  0x11, 0x11, 0x12, 0xff, 0x11, 0x11, 0x12, 0xff, 0x11, 0x11, 0x12, 0xff, 0x11, 0x11, 0x12, 0xff, 0x12, 0x12, 0x14, 0xff, 0xaa, 0xaa, 0xac, 0x9f, 0x00, 0x00, 0x00, 0x00,
  0xcf, 0xcf, 0xcf, 0x60, 0x1a, 0x1a, 0x1a, 0xff, 0x18, 0x18, 0x18, 0xff, 0x1c, 0x1c, 0x1c, 0xff, 0x1c, 0x1c, 0x1c, 0xff, 0x1c, 0x1c, 0x1c, 0xff, 0x1c, 0x1c, 0x1c, 0xff, 0x1c, 0x1c, 0x1c, 0xff,
  0x1c, 0x1c, 0x1c, 0xff, 0x1c, 0x1c, 0x1c, 0xff, 0x1c, 0x1c, 0x1c, 0xff, 0x0e, 0x0e, 0x0e, 0xff, 0x00, 0x00, 0x00, 0xff, 0x00, 0x00, 0x00, 0xff, 0x00, 0x00, 0x00, 0xff, 0x00, 0x00, 0x00, 0xff,
  0x00, 0x00, 0x00, 0xff, 0x00, 0x00, 0x00, 0xff, 0x00, 0x00, 0x00, 0xff, 0x00, 0x00, 0x00, 0xff, 0x00, 0x00, 0x00, 0xff, 0x00, 0x00, 0x00, 0xff, 0x00, 0x00, 0x00, 0xff, 0x00, 0x00, 0x00, 0xff,
  0x00, 0x00, 0x00, 0xff, 0x00, 0x00, 0x00, 0xff, 0x00, 0x00, 0x00, 0xff, 0x00, 0x00, 0x00, 0xff, 0x00, 0x00, 0x00, 0xff, 0x00, 0x00, 0x00, 0xff, 0x00, 0x00, 0x00, 0xff, 0x00, 0x00, 0x00, 0xff,
  0x00, 0x00, 0x00, 0xff, 0x00, 0x00, 0x00, 0xff, 0x00, 0x00, 0x00, 0xff, 0x00, 0x00, 0x00, 0xff, 0x00, 0x00, 0x00, 0xff, 0x00, 0x00, 0x00, 0xff, 0x00, 0x00, 0x00, 0xff, 0x00, 0x00, 0x00, 0xff,
  0x00, 0x00, 0x00, 0xff, 0x00, 0x00, 0x00, 0xff, 0x00, 0x00, 0x00, 0xff, 0x00, 0x00, 0x00, 0xff, 0x00, 0x00, 0x00, 0xff, 0x00, 0x00, 0x00, 0xff, 0x00, 0x00, 0x00, 0xff, 0x00, 0x00, 0x00, 0xff,
  0x00, 0x00, 0x00, 0xff, 0x00, 0x00, 0x00, 0xff, 0x00, 0x00, 0x00, 0xff, 0x00, 0x00, 0x00, 0xff, 0x00, 0x00, 0x00, 0xff, 0x00, 0x00, 0x00, 0xff, 0x00, 0x00, 0x00, 0xff, 0x00, 0x00, 0x00, 0xff,
  0x00, 0x00, 0x00, 0xff, 0x00, 0x00, 0x00, 0xff, 0x00, 0x00, 0x00, 0xff, 0x00, 0x00, 0x00, 0xff, 0x00, 0x00, 0x00, 0xff, 0x00, 0x00, 0x00, 0xff, 0x00, 0x00, 0x00, 0xff, 0x00, 0x00, 0x00, 0xff,
  0x00, 0x00, 0x00, 0xff, 0x00, 0x00, 0x00, 0xff, 0x00, 0x00, 0x00, 0xff, 0x00, 0x00, 0x00, 0xff, 0x00, 0x00, 0x00, 0xff, 0x00, 0x00, 0x00, 0xff, 0x00, 0x00, 0x00, 0xff, 0x00, 0x00, 0x00, 0xff,
  0x00, 0x00, 0x00, 0xff, 0x00, 0x00, 0x00, 0xff, 0x00, 0x00, 0x00, 0xff, 0x00, 0x00, 0x00, 0xff, 0x00, 0x00, 0x00, 0xff, 0x00, 0x00, 0x00, 0xff, 0x00, 0x00, 0x00, 0xff, 0x00, 0x00, 0x00, 0xff,
  0x00, 0x00, 0x00, 0xff, 0x00, 0x00, 0x00, 0xff, 0x00, 0x00, 0x00, 0xff, 0x00, 0x00, 0x00, 0xff, 0x00, 0x00, 0x00, 0xff, 0x00, 0x00, 0x00, 0xff, 0x00, 0x00, 0x00, 0xff, 0x00, 0x00, 0x00, 0xff,
  0x00, 0x00, 0x00, 0xff, 0x00, 0x00, 0x00, 0xff, 0x00, 0x00, 0x00, 0xff, 0x00, 0x00, 0x00, 0xff, 0x00, 0x00, 0x00, 0xff, 0x00, 0x00, 0x00, 0xff, 0x00, 0x00, 0x00, 0xff, 0x00, 0x00, 0x00, 0xff,
  0x00, 0x00, 0x00, 0xff, 0x00, 0x00, 0x00, 0xff, 0x00, 0x00, 0x00, 0xff, 0x00, 0x00, 0x00, 0xff, 0x00, 0x00, 0x00, 0xff, 0x00, 0x00, 0x00, 0xff, 0x00, 0x00, 0x00, 0xff, 0x00, 0x00, 0x00, 0xff,
  0x00, 0x00, 0x00, 0xff, 0x00, 0x00, 0x00, 0xff, 0x00, 0x00, 0x00, 0xff, 0x00, 0x00, 0x00, 0xff, 0x00, 0x00, 0x00, 0xff, 0x00, 0x00, 0x00, 0xff, 0x00, 0x00, 0x00, 0xff, 0x00, 0x00, 0x00, 0xff,
  0x00, 0x00, 0x00, 0xff, 0x00, 0x00, 0x00, 0xff, 0x00, 0x00, 0x00, 0xff, 0x00, 0x00, 0x00, 0xff, 0x00, 0x00, 0x00, 0xff, 0x00, 0x00, 0x00, 0xff, 0x00, 0x00, 0x00, 0xff, 0x00, 0x00, 0x00, 0xff,
  0x00, 0x00, 0x00, 0xff, 0x00, 0x00, 0x00, 0xff, 0x00, 0x00, 0x00, 0xff, 0x00, 0x00, 0x00, 0xff, 0x00, 0x00, 0x00, 0xff, 0x00, 0x00, 0x00, 0xff, 0x00, 0x00, 0x00, 0xff, 0x00, 0x00, 0x00, 0xff,
  0x00, 0x00, 0x00, 0xff, 0x00, 0x00, 0x00, 0xff, 0x00, 0x00, 0x00, 0xff, 0x00, 0x00, 0x00, 0xff, 0x00, 0x00, 0x00, 0xff, 0x00, 0x00, 0x00, 0xff, 0x00, 0x00, 0x00, 0xff, 0x00, 0x00, 0x00, 0xff,
  0x00, 0x00, 0x00, 0xff, 0x00, 0x00, 0x00, 0xff, 0x00, 0x00, 0x00, 0xff, 0x00, 0x00, 0x00, 0xff, 0x00, 0x00, 0x00, 0xff, 0x00, 0x00, 0x00, 0xff, 0x00, 0x00, 0x00, 0xff, 0x00, 0x00, 0x00, 0xff,
  0x00, 0x00, 0x00, 0xff, 0x00, 0x00, 0x00, 0xff, 0x00, 0x00, 0x00, 0xff, 0x00, 0x00, 0x00, 0xff, 0x00, 0x00, 0x00, 0xff, 0x00, 0x00, 0x00, 0xff, 0x00, 0x00, 0x00, 0xff, 0x00, 0x00, 0x00, 0xff,
  0x00, 0x00, 0x00, 0xff, 0x00, 0x00, 0x00, 0xff, 0x00, 0x00, 0x00, 0xff, 0x00, 0x00, 0x00, 0xff, 0x00, 0x00, 0x00, 0xff, 0x00, 0x00, 0x00, 0xff, 0x00, 0x00, 0x00, 0xff, 0x00, 0x00, 0x00, 0xff,
  0x00, 0x00, 0x00, 0xff, 0x00, 0x00, 0x00, 0xff, 0x00, 0x00, 0x00, 0xff, 0x00, 0x00, 0x00, 0xff, 0x00, 0x00, 0x00, 0xff, 0x00, 0x00, 0x00, 0xff, 0x00, 0x00, 0x00, 0xff, 0x00, 0x00, 0x00, 0xff,
  0x00, 0x00, 0x00, 0xff, 0x00, 0x00, 0x00, 0xff, 0x00, 0x00, 0x00, 0xff, 0x00, 0x00, 0x00, 0xff, 0x00, 0x00, 0x00, 0xff, 0x00, 0x00, 0x00, 0xff, 0x00, 0x00, 0x00, 0xff, 0x00, 0x00, 0x00, 0xff,
  0x00, 0x00, 0x00, 0xff, 0x00, 0x00, 0x00, 0xff, 0x00, 0x00, 0x00, 0xff, 0x00, 0x00, 0x00, 0xff, 0x00, 0x00, 0x00, 0xff, 0x00, 0x00, 0x00, 0xff, 0x00, 0x00, 0x00, 0xff, 0x00, 0x00, 0x00, 0xff,
  0x00, 0x00, 0x00, 0xff, 0x09, 0x09, 0x0a, 0xff, 0x12, 0x12, 0x15, 0xff, 0x11, 0x11, 0x13, 0xff, 0x11, 0x11, 0x12, 0xff, 0x11, 0x11, 0x12, 0xff, 0x11, 0x11, 0x12, 0xff, 0x11, 0x11, 0x12, 0xff,
  0x11, 0x11, 0x12, 0xff, 0x11, 0x11, 0x12, 0xff, 0x11, 0x11, 0x12, 0xff, 0x11, 0x11, 0x12, 0xff, 0x12, 0x12, 0x14, 0xff, 0xaa, 0xaa, 0xac, 0x9f, 0x00, 0x00, 0x00, 0x00,
  0xcf, 0xcf, 0xcf, 0x60, 0x1a, 0x1a, 0x1a, 0xff, 0x18, 0x18, 0x18, 0xff, 0x1c, 0x1c, 0x1c, 0xff, 0x1c, 0x1c, 0x1c, 0xff, 0x1c, 0x1c, 0x1c, 0xff, 0x1c, 0x1c, 0x1c, 0xff, 0x1c, 0x1c, 0x1c, 0xff,
  0x1c, 0x1c, 0x1c, 0xff, 0x18, 0x18, 0x18, 0xff, 0x07, 0x07, 0x07, 0xff, 0x00, 0x00, 0x00, 0xff, 0x00, 0x00, 0x00, 0xff, 0x00, 0x00, 0x00, 0xff, 0x00, 0x00, 0x00, 0xff, 0x00, 0x00, 0x00, 0xff,
  0x00, 0x00, 0x00, 0xff, 0x00, 0x00, 0x00, 0xff, 0x00, 0x00, 0x00, 0xff, 0x00, 0x00, 0x00, 0xff, 0x00, 0x00, 0x00, 0xff, 0x00, 0x00, 0x00, 0xff, 0x00, 0x00, 0x00, 0xff, 0x00, 0x00, 0x00, 0xff,
  0x00, 0x00, 0x00, 0xff, 0x00, 0x00, 0x00, 0xff, 0x00, 0x00, 0x00, 0xff, 0x00, 0x00, 0x00, 0xff, 0x00, 0x00, 0x00, 0xff, 0x00, 0x00, 0x00, 0xff, 0x00, 0x00, 0x00, 0xff, 0x00, 0x00, 0x00, 0xff,
  0x00, 0x00, 0x00, 0xff, 0x00, 0x00, 0x00, 0xff, 0x00, 0x00, 0x00, 0xff, 0x00, 0x00, 0x00, 0xff, 0x00, 0x00, 0x00, 0xff, 0x00, 0x00, 0x00, 0xff, 0x00, 0x00, 0x00, 0xff, 0x00, 0x00, 0x00, 0xff,
  0x00, 0x00, 0x00, 0xff, 0x00, 0x00, 0x00, 0xff, 0x00, 0x00, 0x00, 0xff, 0x00, 0x00, 0x00, 0xff, 0x00, 0x00, 0x00, 0xff, 0x00, 0x00, 0x00, 0xff, 0x00, 0x00, 0x00, 0xff, 0x00, 0x00, 0x00, 0xff,
  0x00, 0x00, 0x00, 0xff, 0x00, 0x00, 0x00, 0xff, 0x00, 0x00, 0x00, 0xff, 0x00, 0x00, 0x00, 0xff, 0x00, 0x00, 0x00, 0xff, 0x00, 0x00, 0x00, 0xff, 0x00, 0x00, 0x00, 0xff, 0x00, 0x00, 0x00, 0xff,
  0x00, 0x00, 0x00, 0xff, 0x00, 0x00, 0x00, 0xff, 0x00, 0x00, 0x00, 0xff, 0x00, 0x00, 0x00, 0xff, 0x00, 0x00, 0x00, 0xff, 0x00, 0x00, 0x00, 0xff, 0x00, 0x00, 0x00, 0xff, 0x00, 0x00, 0x00, 0xff,
  0x00, 0x00, 0x00, 0xff, 0x00, 0x00, 0x00, 0xff, 0x00, 0x00, 0x00, 0xff, 0x00, 0x00, 0x00, 0xff, 0x00, 0x00, 0x00, 0xff, 0x00, 0x00, 0x00, 0xff, 0x00, 0x00, 0x00, 0xff, 0x00, 0x00, 0x00, 0xff,
  0x00, 0x00, 0x00, 0xff, 0x00, 0x00, 0x00, 0xff, 0x00, 0x00, 0x00, 0xff, 0x00, 0x00, 0x00, 0xff, 0x00, 0x00, 0x00, 0xff, 0x00, 0x00, 0x00, 0xff, 0x00, 0x00, 0x00, 0xff, 0x00, 0x00, 0x00, 0xff,
  0x00, 0x00, 0x00, 0xff, 0x00, 0x00, 0x00, 0xff, 0x00, 0x00, 0x00, 0xff, 0x00, 0x00, 0x00, 0xff, 0x00, 0x00, 0x00, 0xff, 0x00, 0x00, 0x00, 0xff, 0x00, 0x00, 0x00, 0xff, 0x00, 0x00, 0x00, 0xff,
  0x00, 0x00, 0x00, 0xff, 0x00, 0x00, 0x00, 0xff, 0x00, 0x00, 0x00, 0xff, 0x00, 0x00, 0x00, 0xff, 0x00, 0x00, 0x00, 0xff, 0x00, 0x00, 0x00, 0xff, 0x00, 0x00, 0x00, 0xff, 0x00, 0x00, 0x00, 0xff,
  0x00, 0x00, 0x00, 0xff, 0x00, 0x00, 0x00, 0xff, 0x00, 0x00, 0x00, 0xff, 0x00, 0x00, 0x00, 0xff, 0x00, 0x00, 0x00, 0xff, 0x00, 0x00, 0x00, 0xff, 0x00, 0x00, 0x00, 0xff, 0x00, 0x00, 0x00, 0xff,
  0x00, 0x00, 0x00, 0xff, 0x00, 0x00, 0x00, 0xff, 0x00, 0x00, 0x00, 0xff, 0x00, 0x00, 0x00, 0xff, 0x00, 0x00, 0x00, 0xff, 0x00, 0x00, 0x00, 0xff, 0x00, 0x00, 0x00, 0xff, 0x00, 0x00, 0x00, 0xff,
  0x00, 0x00, 0x00, 0xff, 0x00, 0x00, 0x00, 0xff, 0x00, 0x00, 0x00, 0xff, 0x00, 0x00, 0x00, 0xff, 0x00, 0x00, 0x00, 0xff, 0x00, 0x00, 0x00, 0xff, 0x00, 0x00, 0x00, 0xff, 0x00, 0x00, 0x00, 0xff,
  0x00, 0x00, 0x00, 0xff, 0x00, 0x00, 0x00, 0xff, 0x00, 0x00, 0x00, 0xff, 0x00, 0x00, 0x00, 0xff, 0x00, 0x00, 0x00, 0xff, 0x00, 0x00, 0x00, 0xff, 0x00, 0x00, 0x00, 0xff, 0x00, 0x00, 0x00, 0xff,
  0x00, 0x00, 0x00, 0xff, 0x00, 0x00, 0x00, 0xff, 0x00, 0x00, 0x00, 0xff, 0x00, 0x00, 0x00, 0xff, 0x00, 0x00, 0x00, 0xff, 0x00, 0x00, 0x00, 0xff, 0x00, 0x00, 0x00, 0xff, 0x00, 0x00, 0x00, 0xff,
  0x00, 0x00, 0x00, 0xff, 0x00, 0x00, 0x00, 0xff, 0x00, 0x00, 0x00, 0xff, 0x00, 0x00, 0x00, 0xff, 0x00, 0x00, 0x00, 0xff, 0x00, 0x00, 0x00, 0xff, 0x00, 0x00, 0x00, 0xff, 0x00, 0x00, 0x00, 0xff,
  0x00, 0x00, 0x00, 0xff, 0x00, 0x00, 0x00, 0xff, 0x00, 0x00, 0x00, 0xff, 0x00, 0x00, 0x00, 0xff, 0x00, 0x00, 0x00, 0xff, 0x00, 0x00, 0x00, 0xff, 0x00, 0x00, 0x00, 0xff, 0x00, 0x00, 0x00, 0xff,
  0x00, 0x00, 0x00, 0xff, 0x00, 0x00, 0x00, 0xff, 0x00, 0x00, 0x00, 0xff, 0x00, 0x00, 0x00, 0xff, 0x00, 0x00, 0x00, 0xff, 0x00, 0x00, 0x00, 0xff, 0x00, 0x00, 0x00, 0xff, 0x00, 0x00, 0x00, 0xff,
  0x00, 0x00, 0x00, 0xff, 0x00, 0x00, 0x00, 0xff, 0x00, 0x00, 0x00, 0xff, 0x00, 0x00, 0x00, 0xff, 0x00, 0x00, 0x00, 0xff, 0x00, 0x00, 0x00, 0xff, 0x00, 0x00, 0x00, 0xff, 0x00, 0x00, 0x00, 0xff,
  0x00, 0x00, 0x00, 0xff, 0x00, 0x00, 0x00, 0xff, 0x00, 0x00, 0x00, 0xff, 0x00, 0x00, 0x00, 0xff, 0x00, 0x00, 0x00, 0xff, 0x00, 0x00, 0x00, 0xff, 0x00, 0x00, 0x00, 0xff, 0x00, 0x00, 0x00, 0xff,
  0x00, 0x00, 0x00, 0xff, 0x00, 0x00, 0x00, 0xff, 0x00, 0x00, 0x00, 0xff, 0x00, 0x00, 0x00, 0xff, 0x00, 0x00, 0x00, 0xff, 0x00, 0x00, 0x00, 0xff, 0x00, 0x00, 0x00, 0xff, 0x00, 0x00, 0x00, 0xff,
  0x00, 0x00, 0x00, 0xff, 0x00, 0x00, 0x00, 0xff, 0x02, 0x02, 0x03, 0xff, 0x0f, 0x0f, 0x12, 0xff, 0x12, 0x12, 0x14, 0xff, 0x11, 0x11, 0x12, 0xff, 0x11, 0x11, 0x12, 0xff, 0x11, 0x11, 0x12, 0xff,
  0x11, 0x11, 0x12, 0xff, 0x11, 0x11, 0x12, 0xff, 0x11, 0x11, 0x12, 0xff, 0x11, 0x11, 0x12, 0xff, 0x12, 0x12, 0x14, 0xff, 0xaa, 0xaa, 0xac, 0x9f, 0x00, 0x00, 0x00, 0x00,
  0xcf, 0xcf, 0xcf, 0x60, 0x1a, 0x1a, 0x1a, 0xff, 0x18, 0x18, 0x18, 0xff, 0x1c, 0x1c, 0x1c, 0xff, 0x1c, 0x1c, 0x1c, 0xff, 0x1c, 0x1c, 0x1c, 0xff, 0x1c, 0x1c, 0x1c, 0xff, 0x1c, 0x1c, 0x1c, 0xff,
  0x10, 0x10, 0x10, 0xff, 0x01, 0x01, 0x01, 0xff, 0x00, 0x00, 0x00, 0xff, 0x00, 0x00, 0x00, 0xff, 0x00, 0x00, 0x00, 0xff, 0x00, 0x00, 0x00, 0xff, 0x00, 0x00, 0x00, 0xff, 0x00, 0x00, 0x00, 0xff,
  0x00, 0x00, 0x00, 0xff, 0x00, 0x00, 0x00, 0xff, 0x00, 0x00, 0x00, 0xff, 0x00, 0x00, 0x00, 0xff, 0x00, 0x00, 0x00, 0xff, 0x00, 0x00, 0x00, 0xff, 0x00, 0x00, 0x00, 0xff, 0x00, 0x00, 0x00, 0xff,
  0x00, 0x00, 0x00, 0xff, 0x00, 0x00, 0x00, 0xff, 0x00, 0x00, 0x00, 0xff, 0x00, 0x00, 0x00, 0xff, 0x00, 0x00, 0x00, 0xff, 0x00, 0x00, 0x00, 0xff, 0x00, 0x00, 0x00, 0xff, 0x00, 0x00, 0x00, 0xff,
  0x00, 0x00, 0x00, 0xff, 0x00, 0x00, 0x00, 0xff, 0x00, 0x00, 0x00, 0xff, 0x00, 0x00, 0x00, 0xff, 0x00, 0x00, 0x00, 0xff, 0x00, 0x00, 0x00, 0xff, 0x00, 0x00, 0x00, 0xff, 0x00, 0x00, 0x00, 0xff,
  0x00, 0x00, 0x00, 0xff, 0x00, 0x00, 0x00, 0xff, 0x00, 0x00, 0x00, 0xff, 0x00, 0x00, 0x00, 0xff, 0x00, 0x00, 0x00, 0xff, 0x00, 0x00, 0x00, 0xff, 0x00, 0x00, 0x00, 0xff, 0x00, 0x00, 0x00, 0xff,
  0x00, 0x00, 0x00, 0xff, 0x00, 0x00, 0x00, 0xff, 0x00, 0x00, 0x00, 0xff, 0x00, 0x00, 0x00, 0xff, 0x00, 0x00, 0x00, 0xff, 0x00, 0x00, 0x00, 0xff, 0x00, 0x00, 0x00, 0xff, 0x00, 0x00, 0x00, 0xff,
  0x00, 0x00, 0x00, 0xff, 0x00, 0x00, 0x00, 0xff, 0x00, 0x00, 0x00, 0xff, 0x00, 0x00, 0x00, 0xff, 0x00, 0x00, 0x00, 0xff, 0x00, 0x00, 0x00, 0xff, 0x00, 0x00, 0x00, 0xff, 0x00, 0x00, 0x00, 0xff,
  0x00, 0x00, 0x00, 0xff, 0x00, 0x00, 0x00, 0xff, 0x00, 0x00, 0x00, 0xff, 0x00, 0x00, 0x00, 0xff, 0x00, 0x00, 0x00, 0xff, 0x00, 0x00, 0x00, 0xff, 0x00, 0x00, 0x00, 0xff, 0x00, 0x00, 0x00, 0xff,
  0x00, 0x00, 0x00, 0xff, 0x00, 0x00, 0x00, 0xff, 0x00, 0x00, 0x00, 0xff, 0x00, 0x00, 0x00, 0xff, 0x00, 0x00, 0x00, 0xff, 0x00, 0x00, 0x00, 0xff, 0x00, 0x00, 0x00, 0xff, 0x00, 0x00, 0x00, 0xff,
  0x00, 0x00, 0x00, 0xff, 0x00, 0x00, 0x00, 0xff, 0x00, 0x00, 0x00, 0xff, 0x00, 0x00, 0x00, 0xff, 0x00, 0x00, 0x00, 0xff, 0x00, 0x00, 0x00, 0xff, 0x00, 0x00, 0x00, 0xff, 0x00, 0x00, 0x00, 0xff,
  0x00, 0x00, 0x00, 0xff, 0x00, 0x00, 0x00, 0xff, 0x00, 0x00, 0x00, 0xff, 0x00, 0x00, 0x00, 0xff, 0x00, 0x00, 0x00, 0xff, 0x00, 0x00, 0x00, 0xff, 0x00, 0x00, 0x00, 0xff, 0x00, 0x00, 0x00, 0xff,
  0x00, 0x00, 0x00, 0xff, 0x00, 0x00, 0x00, 0xff, 0x00, 0x00, 0x00, 0xff, 0x00, 0x00, 0x00, 0xff, 0x00, 0x00, 0x00, 0xff, 0x00, 0x00, 0x00, 0xff, 0x00, 0x00, 0x00, 0xff, 0x00, 0x00, 0x00, 0xff,
  0x00, 0x00, 0x00, 0xff, 0x00, 0x00, 0x00, 0xff, 0x00, 0x00, 0x00, 0xff, 0x00, 0x00, 0x00, 0xff, 0x00, 0x00, 0x00, 0xff, 0x00, 0x00, 0x00, 0xff, 0x00, 0x00, 0x00, 0xff, 0x00, 0x00, 0x00, 0xff,
  0x00, 0x00, 0x00, 0xff, 0x00, 0x00, 0x00, 0xff, 0x00, 0x00, 0x00, 0xff, 0x00, 0x00, 0x00, 0xff, 0x00, 0x00, 0x00, 0xff, 0x00, 0x00, 0x00, 0xff, 0x00, 0x00, 0x00, 0xff, 0x00, 0x00, 0x00, 0xff,
  0x00, 0x00, 0x00, 0xff, 0x00, 0x00, 0x00, 0xff, 0x00, 0x00, 0x00, 0xff, 0x00, 0x00, 0x00, 0xff, 0x00, 0x00, 0x00, 0xff, 0x00, 0x00, 0x00, 0xff, 0x00, 0x00, 0x00, 0xff, 0x00, 0x00, 0x00, 0xff,
  0x00, 0x00, 0x00, 0xff, 0x00, 0x00, 0x00, 0xff, 0x00, 0x00, 0x00, 0xff, 0x00, 0x00, 0x00, 0xff, 0x00, 0x00, 0x00, 0xff, 0x00, 0x00, 0x00, 0xff, 0x00, 0x00, 0x00, 0xff, 0x00, 0x00, 0x00, 0xff,
  0x00, 0x00, 0x00, 0xff, 0x00, 0x00, 0x00, 0xff, 0x00, 0x00, 0x00, 0xff, 0x00, 0x00, 0x00, 0xff, 0x00, 0x00, 0x00, 0xff, 0x00, 0x00, 0x00, 0xff, 0x00, 0x00, 0x00, 0xff, 0x00, 0x00, 0x00, 0xff,
  0x00, 0x00, 0x00, 0xff, 0x00, 0x00, 0x00, 0xff, 0x00, 0x00, 0x00, 0xff, 0x00, 0x00, 0x00, 0xff, 0x00, 0x00, 0x00, 0xff, 0x00, 0x00, 0x00, 0xff, 0x00, 0x00, 0x00, 0xff, 0x00, 0x00, 0x00, 0xff,
  0x00, 0x00, 0x00, 0xff, 0x00, 0x00, 0x00, 0xff, 0x00, 0x00, 0x00, 0xff, 0x00, 0x00, 0x00, 0xff, 0x00, 0x00, 0x00, 0xff, 0x00, 0x00, 0x00, 0xff, 0x00, 0x00, 0x00, 0xff, 0x00, 0x00, 0x00, 0xff,
  0x00, 0x00, 0x00, 0xff, 0x00, 0x00, 0x00, 0xff, 0x00, 0x00, 0x00, 0xff, 0x00, 0x00, 0x00, 0xff, 0x00, 0x00, 0x00, 0xff, 0x00, 0x00, 0x00, 0xff, 0x00, 0x00, 0x00, 0xff, 0x00, 0x00, 0x00, 0xff,
  0x00, 0x00, 0x00, 0xff, 0x00, 0x00, 0x00, 0xff, 0x00, 0x00, 0x00, 0xff, 0x00, 0x00, 0x00, 0xff, 0x00, 0x00, 0x00, 0xff, 0x00, 0x00, 0x00, 0xff, 0x00, 0x00, 0x00, 0xff, 0x00, 0x00, 0x00, 0xff,
  0x00, 0x00, 0x00, 0xff, 0x00, 0x00, 0x00, 0xff, 0x00, 0x00, 0x00, 0xff, 0x00, 0x00, 0x00, 0xff, 0x00, 0x00, 0x00, 0xff, 0x00, 0x00, 0x00, 0xff, 0x00, 0x00, 0x00, 0xff, 0x00, 0x00, 0x00, 0xff,
  0x00, 0x00, 0x00, 0xff, 0x00, 0x00, 0x00, 0xff, 0x00, 0x00, 0x00, 0xff, 0x02, 0x02, 0x03, 0xff, 0x0b, 0x0b, 0x0d, 0xff, 0x12, 0x12, 0x15, 0xff, 0x11, 0x11, 0x12, 0xff, 0x11, 0x11, 0x12, 0xff,
  0x11, 0x11, 0x12, 0xff, 0x11, 0x11, 0x12, 0xff, 0x11, 0x11, 0x12, 0xff, 0x11, 0x11, 0x12, 0xff, 0x12, 0x12, 0x14, 0xff, 0xaa, 0xaa, 0xac, 0x9f, 0x00, 0x00, 0x00, 0x00,
  0xcf, 0xcf, 0xcf, 0x60, 0x1a, 0x1a, 0x1a, 0xff, 0x18, 0x18, 0x18, 0xff, 0x1c, 0x1c, 0x1c, 0xff, 0x1c, 0x1c, 0x1c, 0xff, 0x1c, 0x1c, 0x1c, 0xff, 0x18, 0x18, 0x18, 0xff, 0x07, 0x07, 0x07, 0xff,
  0x00, 0x00, 0x00, 0xff, 0x00, 0x00, 0x00, 0xff, 0x00, 0x00, 0x00, 0xff, 0x00, 0x00, 0x00, 0xff, 0x00, 0x00, 0x00, 0xff, 0x00, 0x00, 0x00, 0xff, 0x00, 0x00, 0x00, 0xff, 0x00, 0x00, 0x00, 0xff,
  0x00, 0x00, 0x00, 0xff, 0x00, 0x00, 0x00, 0xff, 0x00, 0x00, 0x00, 0xff, 0x00, 0x00, 0x00, 0xff, 0x00, 0x00, 0x00, 0xff, 0x00, 0x00, 0x00, 0xff, 0x00, 0x00, 0x00, 0xff, 0x00, 0x00, 0x00, 0xff,
  0x00, 0x00, 0x00, 0xff, 0x00, 0x00, 0x00, 0xff, 0x00, 0x00, 0x00, 0xff, 0x00, 0x00, 0x00, 0xff, 0x00, 0x00, 0x00, 0xff, 0x00, 0x00, 0x00, 0xff, 0x00, 0x00, 0x00, 0xff, 0x00, 0x00, 0x00, 0xff,
  0x00, 0x00, 0x00, 0xff, 0x00, 0x00, 0x00, 0xff, 0x00, 0x00, 0x00, 0xff, 0x00, 0x00, 0x00, 0xff, 0x00, 0x00, 0x00, 0xff, 0x00, 0x00, 0x00, 0xff, 0x00, 0x00, 0x00, 0xff, 0x00, 0x00, 0x00, 0xff,
  0x00, 0x00, 0x00, 0xff, 0x00, 0x00, 0x00, 0xff, 0x00, 0x00, 0x00, 0xff, 0x00, 0x00, 0x00, 0xff, 0x00, 0x00, 0x00, 0xff, 0x00, 0x00, 0x00, 0xff, 0x00, 0x00, 0x00, 0xff, 0x00, 0x00, 0x00, 0xff,
  0x00, 0x00, 0x00, 0xff, 0x00, 0x00, 0x00, 0xff, 0x00, 0x00, 0x00, 0xff, 0x00, 0x00, 0x00, 0xff, 0x00, 0x00, 0x00, 0xff, 0x00, 0x00, 0x00, 0xff, 0x00, 0x00, 0x00, 0xff, 0x00, 0x00, 0x00, 0xff,
  0x00, 0x00, 0x00, 0xff, 0x00, 0x00, 0x00, 0xff, 0x00, 0x00, 0x00, 0xff, 0x00, 0x00, 0x00, 0xff, 0x00, 0x00, 0x00, 0xff, 0x00, 0x00, 0x00, 0xff, 0x00, 0x00, 0x00, 0xff, 0x00, 0x00, 0x00, 0xff,
  0x00, 0x00, 0x00, 0xff, 0x00, 0x00, 0x00, 0xff, 0x00, 0x00, 0x00, 0xff, 0x00, 0x00, 0x00, 0xff, 0x00, 0x00, 0x00, 0xff, 0x00, 0x00, 0x00, 0xff, 0x00, 0x00, 0x00, 0xff, 0x00, 0x00, 0x00, 0xff,
  0x00, 0x00, 0x00, 0xff, 0x00, 0x00, 0x00, 0xff, 0x00, 0x00, 0x00, 0xff, 0x00, 0x00, 0x00, 0xff, 0x00, 0x00, 0x00, 0xff, 0x00, 0x00, 0x00, 0xff, 0x00, 0x00, 0x00, 0xff, 0x00, 0x00, 0x00, 0xff,
  0x00, 0x00, 0x00, 0xff, 0x00, 0x00, 0x00, 0xff, 0x00, 0x00, 0x00, 0xff, 0x00, 0x00, 0x00, 0xff, 0x00, 0x00, 0x00, 0xff, 0x00, 0x00, 0x00, 0xff, 0x00, 0x00, 0x00, 0xff, 0x00, 0x00, 0x00, 0xff,
  0x00, 0x00, 0x00, 0xff, 0x00, 0x00, 0x00, 0xff, 0x00, 0x00, 0x00, 0xff, 0x00, 0x00, 0x00, 0xff, 0x00, 0x00, 0x00, 0xff, 0x00, 0x00, 0x00, 0xff, 0x00, 0x00, 0x00, 0xff, 0x00, 0x00, 0x00, 0xff,
  0x00, 0x00, 0x00, 0xff, 0x00, 0x00, 0x00, 0xff, 0x00, 0x00, 0x00, 0xff, 0x00, 0x00, 0x00, 0xff, 0x00, 0x00, 0x00, 0xff, 0x00, 0x00, 0x00, 0xff, 0x00, 0x00, 0x00, 0xff, 0x00, 0x00, 0x00, 0xff,
  0x00, 0x00, 0x00, 0xff, 0x00, 0x00, 0x00, 0xff, 0x00, 0x00, 0x00, 0xff, 0x00, 0x00, 0x00, 0xff, 0x00, 0x00, 0x00, 0xff, 0x00, 0x00, 0x00, 0xff, 0x00, 0x00, 0x00, 0xff, 0x00, 0x00, 0x00, 0xff,
  0x00, 0x00, 0x00, 0xff, 0x00, 0x00, 0x00, 0xff, 0x00, 0x00, 0x00, 0xff, 0x00, 0x00, 0x00, 0xff, 0x00, 0x00, 0x00, 0xff, 0x00, 0x00, 0x00, 0xff, 0x00, 0x00, 0x00, 0xff, 0x00, 0x00, 0x00, 0xff,
  0x00, 0x00, 0x00, 0xff, 0x00, 0x00, 0x00, 0xff, 0x00, 0x00, 0x00, 0xff, 0x00, 0x00, 0x00, 0xff, 0x00, 0x00, 0x00, 0xff, 0x00, 0x00, 0x00, 0xff, 0x00, 0x00, 0x00, 0xff, 0x00, 0x00, 0x00, 0xff,
  0x00, 0x00, 0x00, 0xff, 0x00, 0x00, 0x00, 0xff, 0x00, 0x00, 0x00, 0xff, 0x00, 0x00, 0x00, 0xff, 0x00, 0x00, 0x00, 0xff, 0x00, 0x00, 0x00, 0xff, 0x00, 0x00, 0x00, 0xff, 0x00, 0x00, 0x00, 0xff,
  0x00, 0x00, 0x00, 0xff, 0x00, 0x00, 0x00, 0xff, 0x00, 0x00, 0x00, 0xff, 0x00, 0x00, 0x00, 0xff, 0x00, 0x00, 0x00, 0xff, 0x00, 0x00, 0x00, 0xff, 0x00, 0x00, 0x00, 0xff, 0x00, 0x00, 0x00, 0xff,
  0x00, 0x00, 0x00, 0xff, 0x00, 0x00, 0x00, 0xff, 0x00, 0x00, 0x00, 0xff, 0x00, 0x00, 0x00, 0xff, 0x00, 0x00, 0x00, 0xff, 0x00, 0x00, 0x00, 0xff, 0x00, 0x00, 0x00, 0xff, 0x00, 0x00, 0x00, 0xff,
  0x00, 0x00, 0x00, 0xff, 0x00, 0x00, 0x00, 0xff, 0x00, 0x00, 0x00, 0xff, 0x00, 0x00, 0x00, 0xff, 0x00, 0x00, 0x00, 0xff, 0x00, 0x00, 0x00, 0xff, 0x00, 0x00, 0x00, 0xff, 0x00, 0x00, 0x00, 0xff,
  0x00, 0x00, 0x00, 0xff, 0x00, 0x00, 0x00, 0xff, 0x00, 0x00, 0x00, 0xff, 0x00, 0x00, 0x00, 0xff, 0x00, 0x00, 0x00, 0xff, 0x00, 0x00, 0x00, 0xff, 0x00, 0x00, 0x00, 0xff, 0x00, 0x00, 0x00, 0xff,
  0x00, 0x00, 0x00, 0xff, 0x00, 0x00, 0x00, 0xff, 0x00, 0x00, 0x00, 0xff, 0x00, 0x00, 0x00, 0xff, 0x00, 0x00, 0x00, 0xff, 0x00, 0x00, 0x00, 0xff, 0x00, 0x00, 0x00, 0xff, 0x00, 0x00, 0x00, 0xff,
  0x00, 0x00, 0x00, 0xff, 0x00, 0x00, 0x00, 0xff, 0x00, 0x00, 0x00, 0xff, 0x00, 0x00, 0x00, 0xff, 0x00, 0x00, 0x00, 0xff, 0x00, 0x00, 0x00, 0xff, 0x00, 0x00, 0x00, 0xff, 0x00, 0x00, 0x00, 0xff,
  0x00, 0x00, 0x00, 0xff, 0x00, 0x00, 0x00, 0xff, 0x00, 0x00, 0x00, 0xff, 0x00, 0x00, 0x00, 0xff, 0x00, 0x00, 0x00, 0xff, 0x07, 0x07, 0x09, 0xff, 0x10, 0x10, 0x13, 0xff, 0x11, 0x11, 0x13, 0xff,
  0x11, 0x11, 0x12, 0xff, 0x11, 0x11, 0x12, 0xff, 0x11, 0x11, 0x12, 0xff, 0x11, 0x11, 0x12, 0xff, 0x12, 0x12, 0x14, 0xff, 0xaa, 0xaa, 0xac, 0x9f, 0x00, 0x00, 0x00, 0x00,
  0xcf, 0xcf, 0xcf, 0x60, 0x1a, 0x1a, 0x1a, 0xff, 0x18, 0x18, 0x18, 0xff, 0x1c, 0x1c, 0x1c, 0xff, 0x1c, 0x1c, 0x1c, 0xff, 0x13, 0x13, 0x13, 0xff, 0x01, 0x01, 0x01, 0xff, 0x00, 0x00, 0x00, 0xff,
  0x00, 0x00, 0x00, 0xff, 0x00, 0x00, 0x00, 0xff, 0x00, 0x00, 0x00, 0xff, 0x00, 0x00, 0x00, 0xff, 0x00, 0x00, 0x00, 0xff, 0x00, 0x00, 0x00, 0xff, 0x00, 0x00, 0x00, 0xff, 0x00, 0x00, 0x00, 0xff,
  0x00, 0x00, 0x00, 0xff, 0x00, 0x00, 0x00, 0xff, 0x00, 0x00, 0x00, 0xff, 0x00, 0x00, 0x00, 0xff, 0x00, 0x00, 0x00, 0xff, 0x00, 0x00, 0x00, 0xff, 0x00, 0x00, 0x00, 0xff, 0x00, 0x00, 0x00, 0xff,
  0x00, 0x00, 0x00, 0xff, 0x00, 0x00, 0x00, 0xff, 0x00, 0x00, 0x00, 0xff, 0x00, 0x00, 0x00, 0xff, 0x00, 0x00, 0x00, 0xff, 0x00, 0x00, 0x00, 0xff, 0x00, 0x00, 0x00, 0xff, 0x00, 0x00, 0x00, 0xff,
  0x00, 0x00, 0x00, 0xff, 0x00, 0x00, 0x00, 0xff, 0x00, 0x00, 0x00, 0xff, 0x00, 0x00, 0x00, 0xff, 0x00, 0x00, 0x00, 0xff, 0x00, 0x00, 0x00, 0xff, 0x00, 0x00, 0x00, 0xff, 0x00, 0x00, 0x00, 0xff,
  0x00, 0x00, 0x00, 0xff, 0x00, 0x00, 0x00, 0xff, 0x00, 0x00, 0x00, 0xff, 0x00, 0x00, 0x00, 0xff, 0x00, 0x00, 0x00, 0xff, 0x00, 0x00, 0x00, 0xff, 0x00, 0x00, 0x00, 0xff, 0x00, 0x00, 0x00, 0xff,
  0x00, 0x00, 0x00, 0xff, 0x00, 0x00, 0x00, 0xff, 0x00, 0x00, 0x00, 0xff, 0x00, 0x00, 0x00, 0xff, 0x00, 0x00, 0x00, 0xff, 0x00, 0x00, 0x00, 0xff, 0x00, 0x00, 0x00, 0xff, 0x00, 0x00, 0x00, 0xff,
  0x00, 0x00, 0x00, 0xff, 0x00, 0x00, 0x00, 0xff, 0x00, 0x00, 0x00, 0xff, 0x00, 0x00, 0x00, 0xff, 0x00, 0x00, 0x00, 0xff, 0x00, 0x00, 0x00, 0xff, 0x00, 0x00, 0x00, 0xff, 0x00, 0x00, 0x00, 0xff,
  0x00, 0x00, 0x00, 0xff, 0x00, 0x00, 0x00, 0xff, 0x00, 0x00, 0x00, 0xff, 0x00, 0x00, 0x00, 0xff, 0x00, 0x00, 0x00, 0xff, 0x00, 0x00, 0x00, 0xff, 0x00, 0x00, 0x00, 0xff, 0x00, 0x00, 0x00, 0xff,
  0x00, 0x00, 0x00, 0xff, 0x00, 0x00, 0x00, 0xff, 0x00, 0x00, 0x00, 0xff, 0x00, 0x00, 0x00, 0xff, 0x00, 0x00, 0x00, 0xff, 0x00, 0x00, 0x00, 0xff, 0x00, 0x00, 0x00, 0xff, 0x00, 0x00, 0x00, 0xff,
  0x00, 0x00, 0x00, 0xff, 0x00, 0x00, 0x00, 0xff, 0x00, 0x00, 0x00, 0xff, 0x00, 0x00, 0x00, 0xff, 0x00, 0x00, 0x00, 0xff, 0x00, 0x00, 0x00, 0xff, 0x00, 0x00, 0x00, 0xff, 0x00, 0x00, 0x00, 0xff,
  0x00, 0x00, 0x00, 0xff, 0x00, 0x00, 0x00, 0xff, 0x00, 0x00, 0x00, 0xff, 0x00, 0x00, 0x00, 0xff, 0x00, 0x00, 0x00, 0xff, 0x00, 0x00, 0x00, 0xff, 0x00, 0x00, 0x00, 0xff, 0x00, 0x00, 0x00, 0xff,
  0x00, 0x00, 0x00, 0xff, 0x00, 0x00, 0x00, 0xff, 0x00, 0x00, 0x00, 0xff, 0x00, 0x00, 0x00, 0xff, 0x00, 0x00, 0x00, 0xff, 0x00, 0x00, 0x00, 0xff, 0x00, 0x00, 0x00, 0xff, 0x00, 0x00, 0x00, 0xff,
  0x00, 0x00, 0x00, 0xff, 0x00, 0x00, 0x00, 0xff, 0x00, 0x00, 0x00, 0xff, 0x00, 0x00, 0x00, 0xff, 0x00, 0x00, 0x00, 0xff, 0x00, 0x00, 0x00, 0xff, 0x00, 0x00, 0x00, 0xff, 0x00, 0x00, 0x00, 0xff,
  0x00, 0x00, 0x00, 0xff, 0x00, 0x00, 0x00, 0xff, 0x00, 0x00, 0x00, 0xff, 0x00, 0x00, 0x00, 0xff, 0x00, 0x00, 0x00, 0xff, 0x00, 0x00, 0x00, 0xff, 0x00, 0x00, 0x00, 0xff, 0x00, 0x00, 0x00, 0xff,
  0x00, 0x00, 0x00, 0xff, 0x00, 0x00, 0x00, 0xff, 0x00, 0x00, 0x00, 0xff, 0x00, 0x00, 0x00, 0xff, 0x00, 0x00, 0x00, 0xff, 0x00, 0x00, 0x00, 0xff, 0x00, 0x00, 0x00, 0xff, 0x00, 0x00, 0x00, 0xff,
  0x00, 0x00, 0x00, 0xff, 0x00, 0x00, 0x00, 0xff, 0x00, 0x00, 0x00, 0xff, 0x00, 0x00, 0x00, 0xff, 0x00, 0x00, 0x00, 0xff, 0x00, 0x00, 0x00, 0xff, 0x00, 0x00, 0x00, 0xff, 0x00, 0x00, 0x00, 0xff,
  0x00, 0x00, 0x00, 0xff, 0x00, 0x00, 0x00, 0xff, 0x00, 0x00, 0x00, 0xff, 0x00, 0x00, 0x00, 0xff, 0x00, 0x00, 0x00, 0xff, 0x00, 0x00, 0x00, 0xff, 0x00, 0x00, 0x00, 0xff, 0x00, 0x00, 0x00, 0xff,
  0x00, 0x00, 0x00, 0xff, 0x00, 0x00, 0x00, 0xff, 0x00, 0x00, 0x00, 0xff, 0x00, 0x00, 0x00, 0xff, 0x00, 0x00, 0x00, 0xff, 0x00, 0x00, 0x00, 0xff, 0x00, 0x00, 0x00, 0xff, 0x00, 0x00, 0x00, 0xff,
  0x00, 0x00, 0x00, 0xff, 0x00, 0x00, 0x00, 0xff, 0x00, 0x00, 0x00, 0xff, 0x00, 0x00, 0x00, 0xff, 0x00, 0x00, 0x00, 0xff, 0x00, 0x00, 0x00, 0xff, 0x00, 0x00, 0x00, 0xff, 0x00, 0x00, 0x00, 0xff,
  0x00, 0x00, 0x00, 0xff, 0x00, 0x00, 0x00, 0xff, 0x00, 0x00, 0x00, 0xff, 0x00, 0x00, 0x00, 0xff, 0x00, 0x00, 0x00, 0xff, 0x00, 0x00, 0x00, 0xff, 0x00, 0x00, 0x00, 0xff, 0x00, 0x00, 0x00, 0xff,
  0x00, 0x00, 0x00, 0xff, 0x00, 0x00, 0x00, 0xff, 0x00, 0x00, 0x00, 0xff, 0x00, 0x00, 0x00, 0xff, 0x00, 0x00, 0x00, 0xff, 0x00, 0x00, 0x00, 0xff, 0x00, 0x00, 0x00, 0xff, 0x00, 0x00, 0x00, 0xff,
  0x00, 0x00, 0x00, 0xff, 0x00, 0x00, 0x00, 0xff, 0x00, 0x00, 0x00, 0xff, 0x00, 0x00, 0x00, 0xff, 0x00, 0x00, 0x00, 0xff, 0x00, 0x00, 0x00, 0xff, 0x00, 0x00, 0x00, 0xff, 0x00, 0x00, 0x00, 0xff,
  0x00, 0x00, 0x00, 0xff, 0x00, 0x00, 0x00, 0xff, 0x00, 0x00, 0x00, 0xff, 0x00, 0x00, 0x00, 0xff, 0x00, 0x00, 0x00, 0xff, 0x00, 0x00, 0x00, 0xff, 0x02, 0x02, 0x03, 0xff, 0x0f, 0x0f, 0x12, 0xff,
  0x12, 0x12, 0x14, 0xff, 0x11, 0x11, 0x12, 0xff, 0x11, 0x11, 0x12, 0xff, 0x11, 0x11, 0x12, 0xff, 0x12, 0x12, 0x14, 0xff, 0xaa, 0xaa, 0xac, 0x9f, 0x00, 0x00, 0x00, 0x00,
  0xcf, 0xcf, 0xcf, 0x60, 0x1a, 0x1a, 0x1a, 0xff, 0x18, 0x18, 0x18, 0xff, 0x1a, 0x1a, 0x1a, 0xff, 0x0c, 0x0c, 0x0c, 0xff, 0x00, 0x00, 0x00, 0xff, 0x00, 0x00, 0x00, 0xff, 0x00, 0x00, 0x00, 0xff,
  0x00, 0x00, 0x00, 0xff, 0x00, 0x00, 0x00, 0xff, 0x00, 0x00, 0x00, 0xff, 0x00, 0x00, 0x00, 0xff, 0x00, 0x00, 0x00, 0xff, 0x00, 0x00, 0x00, 0xff, 0x00, 0x00, 0x00, 0xff, 0x00, 0x00, 0x00, 0xff,
  0x00, 0x00, 0x00, 0xff, 0x00, 0x00, 0x00, 0xff, 0x00, 0x00, 0x00, 0xff, 0x00, 0x00, 0x00, 0xff, 0x00, 0x00, 0x00, 0xff, 0x00, 0x00, 0x00, 0xff, 0x00, 0x00, 0x00, 0xff, 0x00, 0x00, 0x00, 0xff,
  0x00, 0x00, 0x00, 0xff, 0x00, 0x00, 0x00, 0xff, 0x00, 0x00, 0x00, 0xff, 0x00, 0x00, 0x00, 0xff, 0x00, 0x00, 0x00, 0xff, 0x00, 0x00, 0x00, 0xff, 0x00, 0x00, 0x00, 0xff, 0x00, 0x00, 0x00, 0xff,
  0x00, 0x00, 0x00, 0xff, 0x00, 0x00, 0x00, 0xff, 0x00, 0x00, 0x00, 0xff, 0x00, 0x00, 0x00, 0xff, 0x00, 0x00, 0x00, 0xff, 0x00, 0x00, 0x00, 0xff, 0x00, 0x00, 0x00, 0xff, 0x00, 0x00, 0x00, 0xff,
  0x00, 0x00, 0x00, 0xff, 0x00, 0x00, 0x00, 0xff, 0x00, 0x00, 0x00, 0xff, 0x00, 0x00, 0x00, 0xff, 0x00, 0x00, 0x00, 0xff, 0x00, 0x00, 0x00, 0xff, 0x00, 0x00, 0x00, 0xff, 0x00, 0x00, 0x00, 0xff,
  0x00, 0x00, 0x00, 0xff, 0x00, 0x00, 0x00, 0xff, 0x00, 0x00, 0x00, 0xff, 0x00, 0x00, 0x00, 0xff, 0x00, 0x00, 0x00, 0xff, 0x00, 0x00, 0x00, 0xff, 0x00, 0x00, 0x00, 0xff, 0x00, 0x00, 0x00, 0xff,
  0x00, 0x00, 0x00, 0xff, 0x00, 0x00, 0x00, 0xff, 0x00, 0x00, 0x00, 0xff, 0x00, 0x00, 0x00, 0xff, 0x00, 0x00, 0x00, 0xff, 0x00, 0x00, 0x00, 0xff, 0x00, 0x00, 0x00, 0xff, 0x00, 0x00, 0x00, 0xff,
  0x00, 0x00, 0x00, 0xff, 0x00, 0x00, 0x00, 0xff, 0x00, 0x00, 0x00, 0xff, 0x00, 0x00, 0x00, 0xff, 0x00, 0x00, 0x00, 0xff, 0x00, 0x00, 0x00, 0xff, 0x00, 0x00, 0x00, 0xff, 0x00, 0x00, 0x00, 0xff,
  0x00, 0x00, 0x00, 0xff, 0x00, 0x00, 0x00, 0xff, 0x00, 0x00, 0x00, 0xff, 0x00, 0x00, 0x00, 0xff, 0x00, 0x00, 0x00, 0xff, 0x00, 0x00, 0x00, 0xff, 0x00, 0x00, 0x00, 0xff, 0x00, 0x00, 0x00, 0xff,
  0x00, 0x00, 0x00, 0xff, 0x00, 0x00, 0x00, 0xff, 0x00, 0x00, 0x00, 0xff, 0x00, 0x00, 0x00, 0xff, 0x00, 0x00, 0x00, 0xff, 0x00, 0x00, 0x00, 0xff, 0x00, 0x00, 0x00, 0xff, 0x00, 0x00, 0x00, 0xff,
  0x00, 0x00, 0x00, 0xff, 0x00, 0x00, 0x00, 0xff, 0x00, 0x00, 0x00, 0xff, 0x00, 0x00, 0x00, 0xff, 0x00, 0x00, 0x00, 0xff, 0x00, 0x00, 0x00, 0xff, 0x00, 0x00, 0x00, 0xff, 0x00, 0x00, 0x00, 0xff,
  0x00, 0x00, 0x00, 0xff, 0x00, 0x00, 0x00, 0xff, 0x00, 0x00, 0x00, 0xff, 0x00, 0x00, 0x00, 0xff, 0x00, 0x00, 0x00, 0xff, 0x00, 0x00, 0x00, 0xff, 0x00, 0x00, 0x00, 0xff, 0x00, 0x00, 0x00, 0xff,
  0x00, 0x00, 0x00, 0xff, 0x00, 0x00, 0x00, 0xff, 0x00, 0x00, 0x00, 0xff, 0x00, 0x00, 0x00, 0xff, 0x00, 0x00, 0x00, 0xff, 0x00, 0x00, 0x00, 0xff, 0x00, 0x00, 0x00, 0xff, 0x00, 0x00, 0x00, 0xff,
  0x00, 0x00, 0x00, 0xff, 0x00, 0x00, 0x00, 0xff, 0x00, 0x00, 0x00, 0xff, 0x00, 0x00, 0x00, 0xff, 0x00, 0x00, 0x00, 0xff, 0x00, 0x00, 0x00, 0xff, 0x00, 0x00, 0x00, 0xff, 0x00, 0x00, 0x00, 0xff,
  0x00, 0x00, 0x00, 0xff, 0x00, 0x00, 0x00, 0xff, 0x00, 0x00, 0x00, 0xff, 0x00, 0x00, 0x00, 0xff, 0x00, 0x00, 0x00, 0xff, 0x00, 0x00, 0x00, 0xff, 0x00, 0x00, 0x00, 0xff, 0x00, 0x00, 0x00, 0xff,
  0x00, 0x00, 0x00, 0xff, 0x00, 0x00, 0x00, 0xff, 0x00, 0x00, 0x00, 0xff, 0x00, 0x00, 0x00, 0xff, 0x00, 0x00, 0x00, 0xff, 0x00, 0x00, 0x00, 0xff, 0x00, 0x00, 0x00, 0xff, 0x00, 0x00, 0x00, 0xff,
  0x00, 0x00, 0x00, 0xff, 0x00, 0x00, 0x00, 0xff, 0x00, 0x00, 0x00, 0xff, 0x00, 0x00, 0x00, 0xff, 0x00, 0x00, 0x00, 0xff, 0x00, 0x00, 0x00, 0xff, 0x00, 0x00, 0x00, 0xff, 0x00, 0x00, 0x00, 0xff,
  0x00, 0x00, 0x00, 0xff, 0x00, 0x00, 0x00, 0xff, 0x00, 0x00, 0x00, 0xff, 0x00, 0x00, 0x00, 0xff, 0x00, 0x00, 0x00, 0xff, 0x00, 0x00, 0x00, 0xff, 0x00, 0x00, 0x00, 0xff, 0x00, 0x00, 0x00, 0xff,
  0x00, 0x00, 0x00, 0xff, 0x00, 0x00, 0x00, 0xff, 0x00, 0x00, 0x00, 0xff, 0x00, 0x00, 0x00, 0xff, 0x00, 0x00, 0x00, 0xff, 0x00, 0x00, 0x00, 0xff, 0x00, 0x00, 0x00, 0xff, 0x00, 0x00, 0x00, 0xff,
  0x00, 0x00, 0x00, 0xff, 0x00, 0x00, 0x00, 0xff, 0x00, 0x00, 0x00, 0xff, 0x00, 0x00, 0x00, 0xff, 0x00, 0x00, 0x00, 0xff, 0x00, 0x00, 0x00, 0xff, 0x00, 0x00, 0x00, 0xff, 0x00, 0x00, 0x00, 0xff,
  0x00, 0x00, 0x00, 0xff, 0x00, 0x00, 0x00, 0xff, 0x00, 0x00, 0x00, 0xff, 0x00, 0x00, 0x00, 0xff, 0x00, 0x00, 0x00, 0xff, 0x00, 0x00, 0x00, 0xff, 0x00, 0x00, 0x00, 0xff, 0x00, 0x00, 0x00, 0xff,
  0x00, 0x00, 0x00, 0xff, 0x00, 0x00, 0x00, 0xff, 0x00, 0x00, 0x00, 0xff, 0x00, 0x00, 0x00, 0xff, 0x00, 0x00, 0x00, 0xff, 0x00, 0x00, 0x00, 0xff, 0x00, 0x00, 0x00, 0xff, 0x00, 0x00, 0x00, 0xff,
  0x00, 0x00, 0x00, 0xff, 0x00, 0x00, 0x00, 0xff, 0x00, 0x00, 0x00, 0xff, 0x00, 0x00, 0x00, 0xff, 0x00, 0x00, 0x00, 0xff, 0x00, 0x00, 0x00, 0xff, 0x00, 0x00, 0x00, 0xff, 0x00, 0x00, 0x00, 0xff,
  0x0a, 0x0a, 0x0b, 0xff, 0x12, 0x12, 0x15, 0xff, 0x11, 0x11, 0x12, 0xff, 0x11, 0x11, 0x12, 0xff, 0x12, 0x12, 0x14, 0xff, 0xaa, 0xaa, 0xac, 0x9f, 0x00, 0x00, 0x00, 0x00,
  0xcf, 0xcf, 0xcf, 0x60, 0x1a, 0x1a, 0x1a, 0xff, 0x11, 0x11, 0x11, 0xff, 0x03, 0x03, 0x03, 0xff, 0x00, 0x00, 0x00, 0xff, 0x00, 0x00, 0x00, 0xff, 0x00, 0x00, 0x00, 0xff, 0x00, 0x00, 0x00, 0xff,
  0x00, 0x00, 0x00, 0xff, 0x00, 0x00, 0x00, 0xff, 0x00, 0x00, 0x00, 0xff, 0x00, 0x00, 0x00, 0xff, 0x00, 0x00, 0x00, 0xff, 0x00, 0x00, 0x00, 0xff, 0x00, 0x00, 0x00, 0xff, 0x00, 0x00, 0x00, 0xff,
  0x00, 0x00, 0x00, 0xff, 0x00, 0x00, 0x00, 0xff, 0x00, 0x00, 0x00, 0xff, 0x00, 0x00, 0x00, 0xff, 0x00, 0x00, 0x00, 0xff, 0x00, 0x00, 0x00, 0xff, 0x00, 0x00, 0x00, 0xff, 0x00, 0x00, 0x00, 0xff,
  0x00, 0x00, 0x00, 0xff, 0x00, 0x00, 0x00, 0xff, 0x00, 0x00, 0x00, 0xff, 0x00, 0x00, 0x00, 0xff, 0x00, 0x00, 0x00, 0xff, 0x00, 0x00, 0x00, 0xff, 0x00, 0x00, 0x00, 0xff, 0x00, 0x00, 0x00, 0xff,
  0x00, 0x00, 0x00, 0xff, 0x00, 0x00, 0x00, 0xff, 0x00, 0x00, 0x00, 0xff, 0x00, 0x00, 0x00, 0xff, 0x00, 0x00, 0x00, 0xff, 0x00, 0x00, 0x00, 0xff, 0x00, 0x00, 0x00, 0xff, 0x00, 0x00, 0x00, 0xff,
  0x00, 0x00, 0x00, 0xff, 0x00, 0x00, 0x00, 0xff, 0x00, 0x00, 0x00, 0xff, 0x00, 0x00, 0x00, 0xff, 0x00, 0x00, 0x00, 0xff, 0x00, 0x00, 0x00, 0xff, 0x00, 0x00, 0x00, 0xff, 0x00, 0x00, 0x00, 0xff,
  0x00, 0x00, 0x00, 0xff, 0x00, 0x00, 0x00, 0xff, 0x00, 0x00, 0x00, 0xff, 0x00, 0x00, 0x00, 0xff, 0x00, 0x00, 0x00, 0xff, 0x00, 0x00, 0x00, 0xff, 0x00, 0x00, 0x00, 0xff, 0x00, 0x00, 0x00, 0xff,
  0x00, 0x00, 0x00, 0xff, 0x00, 0x00, 0x00, 0xff, 0x00, 0x00, 0x00, 0xff, 0x00, 0x00, 0x00, 0xff, 0x00, 0x00, 0x00, 0xff, 0x00, 0x00, 0x00, 0xff, 0x00, 0x00, 0x00, 0xff, 0x00, 0x00, 0x00, 0xff,
  0x00, 0x00, 0x00, 0xff, 0x00, 0x00, 0x00, 0xff, 0x00, 0x00, 0x00, 0xff, 0x00, 0x00, 0x00, 0xff, 0x00, 0x00, 0x00, 0xff, 0x00, 0x00, 0x00, 0xff, 0x00, 0x00, 0x00, 0xff, 0x00, 0x00, 0x00, 0xff,
  0x00, 0x00, 0x00, 0xff, 0x00, 0x00, 0x00, 0xff, 0x00, 0x00, 0x00, 0xff, 0x00, 0x00, 0x00, 0xff, 0x00, 0x00, 0x00, 0xff, 0x00, 0x00, 0x00, 0xff, 0x00, 0x00, 0x00, 0xff, 0x00, 0x00, 0x00, 0xff,
  0x00, 0x00, 0x00, 0xff, 0x00, 0x00, 0x00, 0xff, 0x00, 0x00, 0x00, 0xff, 0x00, 0x00, 0x00, 0xff, 0x00, 0x00, 0x00, 0xff, 0x00, 0x00, 0x00, 0xff, 0x00, 0x00, 0x00, 0xff, 0x00, 0x00, 0x00, 0xff,
  0x00, 0x00, 0x00, 0xff, 0x00, 0x00, 0x00, 0xff, 0x00, 0x00, 0x00, 0xff, 0x00, 0x00, 0x00, 0xff, 0x00, 0x00, 0x00, 0xff, 0x00, 0x00, 0x00, 0xff, 0x00, 0x00, 0x00, 0xff, 0x00, 0x00, 0x00, 0xff,
  0x00, 0x00, 0x00, 0xff, 0x00, 0x00, 0x00, 0xff, 0x00, 0x00, 0x00, 0xff, 0x00, 0x00, 0x00, 0xff, 0x00, 0x00, 0x00, 0xff, 0x00, 0x00, 0x00, 0xff, 0x00, 0x00, 0x00, 0xff, 0x00, 0x00, 0x00, 0xff,
  0x00, 0x00, 0x00, 0xff, 0x00, 0x00, 0x00, 0xff, 0x00, 0x00, 0x00, 0xff, 0x00, 0x00, 0x00, 0xff, 0x00, 0x00, 0x00, 0xff, 0x00, 0x00, 0x00, 0xff, 0x00, 0x00, 0x00, 0xff, 0x00, 0x00, 0x00, 0xff,
  0x00, 0x00, 0x00, 0xff, 0x00, 0x00, 0x00, 0xff, 0x00, 0x00, 0x00, 0xff, 0x00, 0x00, 0x00, 0xff, 0x00, 0x00, 0x00, 0xff, 0x00, 0x00, 0x00, 0xff, 0x00, 0x00, 0x00, 0xff, 0x00, 0x00, 0x00, 0xff,
  0x00, 0x00, 0x00, 0xff, 0x00, 0x00, 0x00, 0xff, 0x00, 0x00, 0x00, 0xff, 0x00, 0x00, 0x00, 0xff, 0x00, 0x00, 0x00, 0xff, 0x00, 0x00, 0x00, 0xff, 0x00, 0x00, 0x00, 0xff, 0x00, 0x00, 0x00, 0xff,
  0x00, 0x00, 0x00, 0xff, 0x00, 0x00, 0x00, 0xff, 0x00, 0x00, 0x00, 0xff, 0x00, 0x00, 0x00, 0xff, 0x00, 0x00, 0x00, 0xff, 0x00, 0x00, 0x00, 0xff, 0x00, 0x00, 0x00, 0xff, 0x00, 0x00, 0x00, 0xff,
  0x00, 0x00, 0x00, 0xff, 0x00, 0x00, 0x00, 0xff, 0x00, 0x00, 0x00, 0xff, 0x00, 0x00, 0x00, 0xff, 0x00, 0x00, 0x00, 0xff, 0x00, 0x00, 0x00, 0xff, 0x00, 0x00, 0x00, 0xff, 0x00, 0x00, 0x00, 0xff,
  0x00, 0x00, 0x00, 0xff, 0x00, 0x00, 0x00, 0xff, 0x00, 0x00, 0x00, 0xff, 0x00, 0x00, 0x00, 0xff, 0x00, 0x00, 0x00, 0xff, 0x00, 0x00, 0x00, 0xff, 0x00, 0x00, 0x00, 0xff, 0x00, 0x00, 0x00, 0xff,
  0x00, 0x00, 0x00, 0xff, 0x00, 0x00, 0x00, 0xff, 0x00, 0x00, 0x00, 0xff, 0x00, 0x00, 0x00, 0xff, 0x00, 0x00, 0x00, 0xff, 0x00, 0x00, 0x00, 0xff, 0x00, 0x00, 0x00, 0xff, 0x00, 0x00, 0x00, 0xff,
  0x00, 0x00, 0x00, 0xff, 0x00, 0x00, 0x00, 0xff, 0x00, 0x00, 0x00, 0xff, 0x00, 0x00, 0x00, 0xff, 0x00, 0x00, 0x00, 0xff, 0x00, 0x00, 0x00, 0xff, 0x00, 0x00, 0x00, 0xff, 0x00, 0x00, 0x00, 0xff,
  0x00, 0x00, 0x00, 0xff, 0x00, 0x00, 0x00, 0xff, 0x00, 0x00, 0x00, 0xff, 0x00, 0x00, 0x00, 0xff, 0x00, 0x00, 0x00, 0xff, 0x00, 0x00, 0x00, 0xff, 0x00, 0x00, 0x00, 0xff, 0x00, 0x00, 0x00, 0xff,
  0x00, 0x00, 0x00, 0xff, 0x00, 0x00, 0x00, 0xff, 0x00, 0x00, 0x00, 0xff, 0x00, 0x00, 0x00, 0xff, 0x00, 0x00, 0x00, 0xff, 0x00, 0x00, 0x00, 0xff, 0x00, 0x00, 0x00, 0xff, 0x00, 0x00, 0x00, 0xff,
  0x00, 0x00, 0x00, 0xff, 0x00, 0x00, 0x00, 0xff, 0x00, 0x00, 0x00, 0xff, 0x00, 0x00, 0x00, 0xff, 0x00, 0x00, 0x00, 0xff, 0x00, 0x00, 0x00, 0xff, 0x00, 0x00, 0x00, 0xff, 0x00, 0x00, 0x00, 0xff,
  0x00, 0x00, 0x00, 0xff, 0x06, 0x06, 0x08, 0xff, 0x0f, 0x0f, 0x12, 0xff, 0x12, 0x12, 0x13, 0xff, 0x12, 0x12, 0x14, 0xff, 0xaa, 0xaa, 0xac, 0x9f, 0x00, 0x00, 0x00, 0x00,
  0xcf, 0xcf, 0xcf, 0x60, 0x0d, 0x0d, 0x0d, 0xff, 0x00, 0x00, 0x00, 0xff, 0x00, 0x00, 0x00, 0xff, 0x00, 0x00, 0x00, 0xff, 0x00, 0x00, 0x00, 0xff, 0x00, 0x00, 0x00, 0xff, 0x00, 0x00, 0x00, 0xff,
  0x00, 0x00, 0x00, 0xff, 0x00, 0x00, 0x00, 0xff, 0x00, 0x00, 0x00, 0xff, 0x00, 0x00, 0x00, 0xff, 0x00, 0x00, 0x00, 0xff, 0x00, 0x00, 0x00, 0xff, 0x00, 0x00, 0x00, 0xff, 0x00, 0x00, 0x00, 0xff,
  0x00, 0x00, 0x00, 0xff, 0x00, 0x00, 0x00, 0xff, 0x00, 0x00, 0x00, 0xff, 0x00, 0x00, 0x00, 0xff, 0x00, 0x00, 0x00, 0xff, 0x00, 0x00, 0x00, 0xff, 0x00, 0x00, 0x00, 0xff, 0x00, 0x00, 0x00, 0xff,
  0x00, 0x00, 0x00, 0xff, 0x00, 0x00, 0x00, 0xff, 0x00, 0x00, 0x00, 0xff, 0x00, 0x00, 0x00, 0xff, 0x00, 0x00, 0x00, 0xff, 0x00, 0x00, 0x00, 0xff, 0x00, 0x00, 0x00, 0xff, 0x00, 0x00, 0x00, 0xff,
  0x00, 0x00, 0x00, 0xff, 0x00, 0x00, 0x00, 0xff, 0x00, 0x00, 0x00, 0xff, 0x00, 0x00, 0x00, 0xff, 0x00, 0x00, 0x00, 0xff, 0x00, 0x00, 0x00, 0xff, 0x00, 0x00, 0x00, 0xff, 0x00, 0x00, 0x00, 0xff,
  0x00, 0x00, 0x00, 0xff, 0x00, 0x00, 0x00, 0xff, 0x00, 0x00, 0x00, 0xff, 0x00, 0x00, 0x00, 0xff, 0x00, 0x00, 0x00, 0xff, 0x00, 0x00, 0x00, 0xff, 0x00, 0x00, 0x00, 0xff, 0x00, 0x00, 0x00, 0xff,
  0x00, 0x00, 0x00, 0xff, 0x00, 0x00, 0x00, 0xff, 0x00, 0x00, 0x00, 0xff, 0x00, 0x00, 0x00, 0xff, 0x00, 0x00, 0x00, 0xff, 0x00, 0x00, 0x00, 0xff, 0x00, 0x00, 0x00, 0xff, 0x00, 0x00, 0x00, 0xff,
  0x00, 0x00, 0x00, 0xff, 0x00, 0x00, 0x00, 0xff, 0x00, 0x00, 0x00, 0xff, 0x00, 0x00, 0x00, 0xff, 0x00, 0x00, 0x00, 0xff, 0x00, 0x00, 0x00, 0xff, 0x00, 0x00, 0x00, 0xff, 0x00, 0x00, 0x00, 0xff,
  0x00, 0x00, 0x00, 0xff, 0x00, 0x00, 0x00, 0xff, 0x00, 0x00, 0x00, 0xff, 0x00, 0x00, 0x00, 0xff, 0x00, 0x00, 0x00, 0xff, 0x00, 0x00, 0x00, 0xff, 0x00, 0x00, 0x00, 0xff, 0x00, 0x00, 0x00, 0xff,
  0x00, 0x00, 0x00, 0xff, 0x00, 0x00, 0x00, 0xff, 0x00, 0x00, 0x00, 0xff, 0x00, 0x00, 0x00, 0xff, 0x00, 0x00, 0x00, 0xff, 0x00, 0x00, 0x00, 0xff, 0x00, 0x00, 0x00, 0xff, 0x00, 0x00, 0x00, 0xff,
  0x00, 0x00, 0x00, 0xff, 0x00, 0x00, 0x00, 0xff, 0x00, 0x00, 0x00, 0xff, 0x00, 0x00, 0x00, 0xff, 0x00, 0x00, 0x00, 0xff, 0x00, 0x00, 0x00, 0xff, 0x00, 0x00, 0x00, 0xff, 0x00, 0x00, 0x00, 0xff,
  0x00, 0x00, 0x00, 0xff, 0x00, 0x00, 0x00, 0xff, 0x00, 0x00, 0x00, 0xff, 0x00, 0x00, 0x00, 0xff, 0x00, 0x00, 0x00, 0xff, 0x00, 0x00, 0x00, 0xff, 0x00, 0x00, 0x00, 0xff, 0x00, 0x00, 0x00, 0xff,
  0x00, 0x00, 0x00, 0xff, 0x00, 0x00, 0x00, 0xff, 0x00, 0x00, 0x00, 0xff, 0x00, 0x00, 0x00, 0xff, 0x00, 0x00, 0x00, 0xff, 0x00, 0x00, 0x00, 0xff, 0x00, 0x00, 0x00, 0xff, 0x00, 0x00, 0x00, 0xff,
  0x00, 0x00, 0x00, 0xff, 0x00, 0x00, 0x00, 0xff, 0x00, 0x00, 0x00, 0xff, 0x00, 0x00, 0x00, 0xff, 0x00, 0x00, 0x00, 0xff, 0x00, 0x00, 0x00, 0xff, 0x00, 0x00, 0x00, 0xff, 0x00, 0x00, 0x00, 0xff,
  0x00, 0x00, 0x00, 0xff, 0x00, 0x00, 0x00, 0xff, 0x00, 0x00, 0x00, 0xff, 0x00, 0x00, 0x00, 0xff, 0x00, 0x00, 0x00, 0xff, 0x00, 0x00, 0x00, 0xff, 0x00, 0x00, 0x00, 0xff, 0x00, 0x00, 0x00, 0xff,
  0x00, 0x00, 0x00, 0xff, 0x00, 0x00, 0x00, 0xff, 0x00, 0x00, 0x00, 0xff, 0x00, 0x00, 0x00, 0xff, 0x00, 0x00, 0x00, 0xff, 0x00, 0x00, 0x00, 0xff, 0x00, 0x00, 0x00, 0xff, 0x00, 0x00, 0x00, 0xff,
  0x00, 0x00, 0x00, 0xff, 0x00, 0x00, 0x00, 0xff, 0x00, 0x00, 0x00, 0xff, 0x00, 0x00, 0x00, 0xff, 0x00, 0x00, 0x00, 0xff, 0x00, 0x00, 0x00, 0xff, 0x00, 0x00, 0x00, 0xff, 0x00, 0x00, 0x00, 0xff,
  0x00, 0x00, 0x00, 0xff, 0x00, 0x00, 0x00, 0xff, 0x00, 0x00, 0x00, 0xff, 0x00, 0x00, 0x00, 0xff, 0x00, 0x00, 0x00, 0xff, 0x00, 0x00, 0x00, 0xff, 0x00, 0x00, 0x00, 0xff, 0x00, 0x00, 0x00, 0xff,
  0x00, 0x00, 0x00, 0xff, 0x00, 0x00, 0x00, 0xff, 0x00, 0x00, 0x00, 0xff, 0x00, 0x00, 0x00, 0xff, 0x00, 0x00, 0x00, 0xff, 0x00, 0x00, 0x00, 0xff, 0x00, 0x00, 0x00, 0xff, 0x00, 0x00, 0x00, 0xff,
  0x00, 0x00, 0x00, 0xff, 0x00, 0x00, 0x00, 0xff, 0x00, 0x00, 0x00, 0xff, 0x00, 0x00, 0x00, 0xff, 0x00, 0x00, 0x00, 0xff, 0x00, 0x00, 0x00, 0xff, 0x00, 0x00, 0x00, 0xff, 0x00, 0x00, 0x00, 0xff,
  0x00, 0x00, 0x00, 0xff, 0x00, 0x00, 0x00, 0xff, 0x00, 0x00, 0x00, 0xff, 0x00, 0x00, 0x00, 0xff, 0x00, 0x00, 0x00, 0xff, 0x00, 0x00, 0x00, 0xff, 0x00, 0x00, 0x00, 0xff, 0x00, 0x00, 0x00, 0xff,
  0x00, 0x00, 0x00, 0xff, 0x00, 0x00, 0x00, 0xff, 0x00, 0x00, 0x00, 0xff, 0x00, 0x00, 0x00, 0xff, 0x00, 0x00, 0x00, 0xff, 0x00, 0x00, 0x00, 0xff, 0x00, 0x00, 0x00, 0xff, 0x00, 0x00, 0x00, 0xff,
  0x00, 0x00, 0x00, 0xff, 0x00, 0x00, 0x00, 0xff, 0x00, 0x00, 0x00, 0xff, 0x00, 0x00, 0x00, 0xff, 0x00, 0x00, 0x00, 0xff, 0x00, 0x00, 0x00, 0xff, 0x00, 0x00, 0x00, 0xff, 0x00, 0x00, 0x00, 0xff,
  0x00, 0x00, 0x00, 0xff, 0x00, 0x00, 0x00, 0xff, 0x00, 0x00, 0x00, 0xff, 0x00, 0x00, 0x00, 0xff, 0x00, 0x00, 0x00, 0xff, 0x00, 0x00, 0x00, 0xff, 0x00, 0x00, 0x00, 0xff, 0x00, 0x00, 0x00, 0xff,
  0x00, 0x00, 0x00, 0xff, 0x00, 0x00, 0x00, 0xff, 0x02, 0x02, 0x03, 0xff, 0x0f, 0x0f, 0x12, 0xff, 0x12, 0x12, 0x15, 0xff, 0x95, 0x95, 0x95, 0x9f, 0x00, 0x00, 0x00, 0x00,
  0x4e, 0x4e, 0x4e, 0x7f, 0x4e, 0x4e, 0x4e, 0xff, 0x68, 0x68, 0x68, 0xff, 0x68, 0x68, 0x68, 0xff, 0x68, 0x68, 0x68, 0xff, 0x68, 0x68, 0x68, 0xff, 0x68, 0x68, 0x68, 0xff, 0x68, 0x68, 0x68, 0xff,
  0x68, 0x68, 0x68, 0xff, 0x68, 0x68, 0x68, 0xff, 0x68, 0x68, 0x68, 0xff, 0x68, 0x68, 0x68, 0xff, 0x68, 0x68, 0x68, 0xff, 0x68, 0x68, 0x68, 0xff, 0x68, 0x68, 0x68, 0xff, 0x68, 0x68, 0x68, 0xff,
  0x68, 0x68, 0x68, 0xff, 0x68, 0x68, 0x68, 0xff, 0x68, 0x68, 0x68, 0xff, 0x68, 0x68, 0x68, 0xff, 0x68, 0x68, 0x68, 0xff, 0x68, 0x68, 0x68, 0xff, 0x68, 0x68, 0x68, 0xff, 0x68, 0x68, 0x68, 0xff,
  0x68, 0x68, 0x68, 0xff, 0x68, 0x68, 0x68, 0xff, 0x68, 0x68, 0x68, 0xff, 0x68, 0x68, 0x68, 0xff, 0x68, 0x68, 0x68, 0xff, 0x68, 0x68, 0x68, 0xff, 0x68, 0x68, 0x68, 0xff, 0x68, 0x68, 0x68, 0xff,
  0x68, 0x68, 0x68, 0xff, 0x68, 0x68, 0x68, 0xff, 0x68, 0x68, 0x68, 0xff, 0x68, 0x68, 0x68, 0xff, 0x68, 0x68, 0x68, 0xff, 0x68, 0x68, 0x68, 0xff, 0x68, 0x68, 0x68, 0xff, 0x68, 0x68, 0x68, 0xff,
  0x68, 0x68, 0x68, 0xff, 0x68, 0x68, 0x68, 0xff, 0x68, 0x68, 0x68, 0xff, 0x68, 0x68, 0x68, 0xff, 0x68, 0x68, 0x68, 0xff, 0x68, 0x68, 0x68, 0xff, 0x68, 0x68, 0x68, 0xff, 0x68, 0x68, 0x68, 0xff,
  0x68, 0x68, 0x68, 0xff, 0x68, 0x68, 0x68, 0xff, 0x68, 0x68, 0x68, 0xff, 0x68, 0x68, 0x68, 0xff, 0x68, 0x68, 0x68, 0xff, 0x68, 0x68, 0x68, 0xff, 0x68, 0x68, 0x68, 0xff, 0x68, 0x68, 0x68, 0xff,
  0x68, 0x68, 0x68, 0xff, 0x68, 0x68, 0x68, 0xff, 0x68, 0x68, 0x68, 0xff, 0x68, 0x68, 0x68, 0xff, 0x68, 0x68, 0x68, 0xff, 0x68, 0x68, 0x68, 0xff, 0x68, 0x68, 0x68, 0xff, 0x68, 0x68, 0x68, 0xff,
  0x68, 0x68, 0x68, 0xff, 0x68, 0x68, 0x68, 0xff, 0x68, 0x68, 0x68, 0xff, 0x68, 0x68, 0x68, 0xff, 0x68, 0x68, 0x68, 0xff, 0x68, 0x68, 0x68, 0xff, 0x68, 0x68, 0x68, 0xff, 0x68, 0x68, 0x68, 0xff,
  0x68, 0x68, 0x68, 0xff, 0x68, 0x68, 0x68, 0xff, 0x68, 0x68, 0x68, 0xff, 0x68, 0x68, 0x68, 0xff, 0x68, 0x68, 0x68, 0xff, 0x68, 0x68, 0x68, 0xff, 0x68, 0x68, 0x68, 0xff, 0x68, 0x68, 0x68, 0xff,
  0x68, 0x68, 0x68, 0xff, 0x68, 0x68, 0x68, 0xff, 0x68, 0x68, 0x68, 0xff, 0x68, 0x68, 0x68, 0xff, 0x68, 0x68, 0x68, 0xff, 0x68, 0x68, 0x68, 0xff, 0x68, 0x68, 0x68, 0xff, 0x68, 0x68, 0x68, 0xff,
  0x68, 0x68, 0x68, 0xff, 0x68, 0x68, 0x68, 0xff, 0x68, 0x68, 0x68, 0xff, 0x68, 0x68, 0x68, 0xff, 0x68, 0x68, 0x68, 0xff, 0x68, 0x68, 0x68, 0xff, 0x68, 0x68, 0x68, 0xff, 0x68, 0x68, 0x68, 0xff,
  0x68, 0x68, 0x68, 0xff, 0x68, 0x68, 0x68, 0xff, 0x68, 0x68, 0x68, 0xff, 0x68, 0x68, 0x68, 0xff, 0x68, 0x68, 0x68, 0xff, 0x68, 0x68, 0x68, 0xff, 0x68, 0x68, 0x68, 0xff, 0x68, 0x68, 0x68, 0xff,
  0x68, 0x68, 0x68, 0xff, 0x68, 0x68, 0x68, 0xff, 0x68, 0x68, 0x68, 0xff, 0x68, 0x68, 0x68, 0xff, 0x68, 0x68, 0x68, 0xff, 0x68, 0x68, 0x68, 0xff, 0x68, 0x68, 0x68, 0xff, 0x68, 0x68, 0x68, 0xff,
  0x68, 0x68, 0x68, 0xff, 0x68, 0x68, 0x68, 0xff, 0x68, 0x68, 0x68, 0xff, 0x68, 0x68, 0x68, 0xff, 0x68, 0x68, 0x68, 0xff, 0x68, 0x68, 0x68, 0xff, 0x68, 0x68, 0x68, 0xff, 0x68, 0x68, 0x68, 0xff,
  0x68, 0x68, 0x68, 0xff, 0x68, 0x68, 0x68, 0xff, 0x68, 0x68, 0x68, 0xff, 0x68, 0x68, 0x68, 0xff, 0x68, 0x68, 0x68, 0xff, 0x68, 0x68, 0x68, 0xff, 0x68, 0x68, 0x68, 0xff, 0x68, 0x68, 0x68, 0xff,
  0x68, 0x68, 0x68, 0xff, 0x68, 0x68, 0x68, 0xff, 0x68, 0x68, 0x68, 0xff, 0x68, 0x68, 0x68, 0xff, 0x68, 0x68, 0x68, 0xff, 0x68, 0x68, 0x68, 0xff, 0x68, 0x68, 0x68, 0xff, 0x68, 0x68, 0x68, 0xff,
  0x68, 0x68, 0x68, 0xff, 0x68, 0x68, 0x68, 0xff, 0x68, 0x68, 0x68, 0xff, 0x68, 0x68, 0x68, 0xff, 0x68, 0x68, 0x68, 0xff, 0x68, 0x68, 0x68, 0xff, 0x68, 0x68, 0x68, 0xff, 0x68, 0x68, 0x68, 0xff,
  0x68, 0x68, 0x68, 0xff, 0x68, 0x68, 0x68, 0xff, 0x68, 0x68, 0x68, 0xff, 0x68, 0x68, 0x68, 0xff, 0x68, 0x68, 0x68, 0xff, 0x68, 0x68, 0x68, 0xff, 0x68, 0x68, 0x68, 0xff, 0x68, 0x68, 0x68, 0xff,
  0x68, 0x68, 0x68, 0xff, 0x68, 0x68, 0x68, 0xff, 0x68, 0x68, 0x68, 0xff, 0x68, 0x68, 0x68, 0xff, 0x68, 0x68, 0x68, 0xff, 0x68, 0x68, 0x68, 0xff, 0x68, 0x68, 0x68, 0xff, 0x68, 0x68, 0x68, 0xff,
  0x68, 0x68, 0x68, 0xff, 0x68, 0x68, 0x68, 0xff, 0x68, 0x68, 0x68, 0xff, 0x68, 0x68, 0x68, 0xff, 0x68, 0x68, 0x68, 0xff, 0x68, 0x68, 0x68, 0xff, 0x68, 0x68, 0x68, 0xff, 0x68, 0x68, 0x68, 0xff,
  0x68, 0x68, 0x68, 0xff, 0x68, 0x68, 0x68, 0xff, 0x68, 0x68, 0x68, 0xff, 0x68, 0x68, 0x68, 0xff, 0x68, 0x68, 0x68, 0xff, 0x68, 0x68, 0x68, 0xff, 0x68, 0x68, 0x68, 0xff, 0x68, 0x68, 0x68, 0xff,
  0x68, 0x68, 0x68, 0xff, 0x68, 0x68, 0x68, 0xff, 0x68, 0x68, 0x68, 0xff, 0x68, 0x68, 0x68, 0xff, 0x68, 0x68, 0x68, 0xff, 0x68, 0x68, 0x68, 0xff, 0x68, 0x68, 0x68, 0xff, 0x68, 0x68, 0x68, 0xff,
  0x68, 0x68, 0x68, 0xff, 0x68, 0x68, 0x68, 0xff, 0x68, 0x68, 0x68, 0xff, 0x68, 0x68, 0x68, 0xff, 0x68, 0x68, 0x68, 0xff, 0x68, 0x68, 0x68, 0xff, 0x68, 0x68, 0x68, 0xff, 0x68, 0x68, 0x68, 0xff,
  0x68, 0x68, 0x68, 0xff, 0x68, 0x68, 0x68, 0xff, 0x68, 0x68, 0x68, 0xff, 0x68, 0x68, 0x68, 0xff, 0x57, 0x57, 0x58, 0xff, 0x4f, 0x4f, 0x50, 0xaf, 0x00, 0x00, 0x00, 0x00,
};

const lv_image_dsc_t fader_knob = {
  .header = {
    .magic = LV_IMAGE_HEADER_MAGIC,
    .cf = LV_COLOR_FORMAT_ARGB8888,
    .flags = 0,
    .w = 199,
    .h = 52,
    .stride = 796,
    .reserved_2 = 0,
  },
  .data_size = sizeof(fader_knob_map),
  .data = fader_knob_map,
};
